244.0604 523.4529 -684.7001 -1614.9958 -13.0216 984.7986 2116.2666 452.4785 1376.7267 1957.8035 -2134.4312 -1252.3129 -2248.6748 -1817.9375 -235.8416 -2548.1313 -491.8545 98.6269 -939.4261 457.6375 1540.7363 2459.2671 1093.4889 -1442.5878 1529.1758 -184.0376 843.7512 2132.8445 -1563.0656 1673.6505 -1269.8182 706.9825 -466.4066 -848.5333 386.3931 -1002.5768 -61.4950 -152.9543 473.1429 458.9193 876.3951 -2748.6589 -4071.5105 -430.8999 2377.8181 1265.0189 1749.5292 841.3813 -2295.2559 644.8821 -24.7100 -2953.7683 1372.0652 -2642.6570 -1221.2074 -418.0163 -1488.0453 1556.7585 -1875.1095 1988.1035 3032.0610 -370.0875 -810.7588 1841.8246 1489.4465 2157.3713 1297.0182 1111.6938 -1146.8794 890.1138 988.1978 2129.7585 -1555.6189 284.0143 481.0187 2473.2444 65.7813 315.8002 -1968.8208 -813.9567 578.0667 366.7635 2468.9736 290.3117 -2387.5234 -907.0698 -5.4933 -3541.0913 -729.0850 589.7689 -1416.1604 2117.8816 2275.2593 928.2371 -2068.9233 2514.0635 413.0167 300.6480 33.3727 1095.1157 2792.2444 -1105.9052 -1368.5731 1677.0964 -2661.0161 1708.6241 -1566.9603 288.7888 -2962.8958 -29.4408 496.5733 -2279.7251 -449.8846 1286.4750 -2377.0476 1705.7321 -455.7802 737.8528 -1558.9812 -447.2569 1821.8053 603.8965 363.6648 2402.5300 -1365.4739 2678.8962 -821.4149 -149.9658 920.9302 -97.1163 -1313.5615 -1052.5208 1427.6816 -1838.2384 -197.2161 -2271.1499 1570.3433 745.1401 -4413.5835 536.8986 -712.3528 659.2618 -371.9482 1427.4729 713.7786 -234.5535 -1298.4860 256.8310 -175.7139 -1447.2367 -690.7184 1038.5294 -2311.1360 2605.0610 301.3003 435.7682 -316.5270 1218.9104 3267.8511 -233.4423 -1220.7843 2594.3411 1854.6852 1553.8846 -632.9508 1188.5541 -766.3147 -134.3239 1985.4366 -1315.7561 -3440.7148 476.0638 -1565.2792 761.3041 1644.5492 -2154.1318 110.8063 1258.7100 -1431.0054 481.0431 -509.3777 -764.2830 2373.6838 -99.2422 305.0175 2125.5967 1056.2593 -1078.5549 977.6841 -4977.0234 368.7584 -2920.1990 292.7686 478.2279 3201.1580 698.7952 -792.6075 191.8781 1598.1807 294.7153 -3343.4873 -1781.7424 -468.3250 116.0858 778.6647 -2435.7712 333.3414 219.0656 -1301.2832 -1023.6249 544.4167 1983.8018 1958.2809 805.6525 626.5565 1288.3151 2527.8599 653.0444 1174.7128 1573.1215 -74.8442 528.9484 802.5547 -2523.4268 -1014.3036 132.3504 -821.2712 3936.3931 -380.3304 -747.9973 -2216.9333 161.1350 -1061.4541 -577.1352 -1255.5018 2061.0618 -1049.7766 -1561.8961 -4108.9492 -511.8491 -419.2104 4121.7656 995.0994 1208.0057 -2143.2417 -934.5336 795.7928 2077.0818 634.2875 2015.6073 -2211.1816 -3148.4717 89.2272 -2229.4941 -2465.4697 -1731.1392 2311.6831 -1937.1946 -1310.4851 865.8569 13.9869 -847.6542 3025.6101 -150.5658 346.0325 -1235.5103 -325.6596 -1059.4493 -1563.1636 -813.4422 2031.9739 2425.3120 -674.7891 2807.4729 -840.6326 2481.7188 720.9214 -340.6622 -572.9184 -846.0824 -1001.8116 3568.7771 -226.2271 963.4736 427.9712 2136.2493 785.2495 184.4040 -1614.0608 -3114.6030 -2393.2197 -1245.8711 1331.3806 463.7431 -1437.7107 -2832.3633 -73.5920 529.4446 292.1102 -251.1940
-220.4278 -473.0477 619.1582 1460.4105 11.7796 -890.5893 -1913.6877 -409.1880 -1244.9489 -1770.3965 1930.1381 1132.3914 2033.4629 1643.9292 213.2957 2304.2764 444.7250 -89.1747 849.5042 -413.7891 -1393.2404 -2223.8926 -988.8365 1304.4875 -1382.7965 166.4371 -762.9963 -1928.7458 1413.4919 -1513.4602 1148.2546 -639.2977 421.6888 767.3071 -349.3850 906.6337 55.5839 138.3296 -427.8465 -415.0093 -792.5182 2485.5396 3681.8259 389.6529 -2150.2415 -1143.9490 -1582.0269 -760.8458 2075.5752 -583.1555 22.3513 2671.0281 -1240.7351 2389.7429 1104.3219 378.0592 1345.6343 -1407.7599 1695.6052 -1797.7761 -2741.8499 334.6861 733.1937 -1665.5311 -1346.8981 -1950.8447 -1172.9023 -1005.3226 1037.1188 -804.8989 -893.6333 -1925.8840 1406.7821 -256.8143 -434.9554 -2236.5046 -59.5125 -285.5839 1780.3345 736.0597 -522.7416 -331.7154 -2232.5811 -262.4902 2159.0317 820.2460 4.9737 3202.1724 659.3040 -533.3268 1280.6226 -1915.1621 -2057.4841 -839.3985 1870.9177 -2273.3948 -373.5571 -271.9377 -30.2255 -990.2875 -2525.0093 1000.0388 1237.5702 -1516.5730 2406.3459 -1545.0490 1416.9595 -261.1422 2679.2878 26.6494 -449.0186 2061.5464 406.8194 -1163.3224 2149.5815 -1542.4448 412.1678 -667.2393 1409.7338 404.4351 -1647.4351 -546.1101 -328.8752 -2172.5959 1234.8108 -2422.5022 742.8383 135.6283 -832.7321 87.8568 1187.8254 951.7903 -1291.0490 1662.2231 178.2899 2053.7256 -1419.9888 -673.8245 3991.1973 -485.5152 644.1771 -596.1647 336.3878 -1290.8062 -645.4421 212.1057 1174.1552 -232.2834 158.8686 1308.6827 624.5443 -939.1282 2089.9033 -2355.7002 -272.4015 -394.0672 286.2188 -1102.2192 -2955.0427 211.0752 1103.8667 -2346.0569 -1677.1700 -1405.1340 572.3371 -1074.8009 692.9849 121.4934 -1795.4069 1189.7976 3111.3948 -430.5431 1415.4791 -688.5160 -1487.1606 1947.9841 -100.1774 -1138.2108 1294.0614 -434.9982 460.6686 691.1537 -2146.5203 89.7574 -275.8093 -1922.1266 -955.1137 975.3329 -884.1306 4500.7002 -333.4831 2640.6521 -264.7570 -432.4787 -2894.7754 -631.9037 716.7440 -173.4636 -1445.1906 -266.5344 3023.4636 1611.2036 423.4541 -104.9810 -704.1751 2202.6658 -301.4303 -198.0966 1176.7611 925.6070 -492.2939 -1793.8719 -1770.8010 -728.5815 -566.5530 -1164.9811 -2285.9514 -590.4954 -1062.2396 -1422.6107 67.6739 -478.2814 -725.7691 2281.8721 917.2501 -119.6713 742.6552 -3559.5774 343.9622 676.3864 2004.7612 -145.7543 959.8991 521.9196 1135.3115 -1863.8276 949.3524 1412.3815 3715.6624 462.9228 379.1198 -3727.2454 -899.8817 -1092.3706 1938.1135 845.1048 -719.6353 -1878.2712 -573.5535 -1822.6971 1999.5941 2847.1011 -80.7309 2016.1311 2229.5159 1565.4762 -2090.3962 1751.7751 1185.1044 -782.9884 -12.6206 766.4917 -2735.9763 136.1092 -312.9181 1117.2842 294.5392 958.0394 1413.5750 735.5643 -1837.5131 -2193.2297 610.2048 -2538.7949 760.1840 -2244.1804 -651.9215 308.0412 518.0234 765.1383 905.9287 -3227.2256 204.5975 -871.2416 -387.0413 -1931.8182 -710.0993 -166.8174 1459.6274 2816.4634 2164.1260 1126.6416 -1203.9797 -419.3189 1300.0858 2561.2197 66.5399 -478.8146 -264.1802 227.1561
15.2292 32.6268 -42.4092 -100.6979 -0.8054 61.4040 132.0086 28.1936 85.8588 122.0965 -133.0536 -78.0970 -140.1958 -113.3316 -14.6830 -158.8760 -30.6596 6.1709 -58.5778 28.5252 96.0770 153.3173 68.1608 -89.9521 95.3262 -11.5026 52.6505 132.9586 -97.4376 104.3734 -79.1331 44.0444 -29.0422 -52.9277 24.0425 -62.5261 -3.8459 -9.5222 29.5177 28.6325 54.6208 -171.4350 -253.8363 -26.8637 148.2623 78.8538 109.0527 52.4672 -143.0945 40.2128 -1.5323 -184.1444 85.5842 -164.7825 -76.1713 -26.1003 -92.8196 97.0637 -116.9308 123.9639 189.0438 -23.0745 -50.5334 114.8730 92.8732 134.4895 80.9066 69.2804 -71.5132 55.4911 61.6128 132.8120 -96.9414 17.6760 29.9182 154.2164 4.1504 19.7280 -122.7244 -50.7785 36.0735 22.9142 153.9385 18.0583 -148.8872 -56.5878 -0.4100 -220.7892 -45.4711 36.7517 -88.3581 132.0238 141.8474 57.8830 -128.9991 156.7312 25.7081 18.7581 2.1063 68.3108 174.0805 -68.9193 -85.3220 104.5159 -165.9152 106.5339 -97.7236 18.0220 -184.7342 -1.8350 30.9532 -142.1235 -28.0439 80.2315 -148.1940 106.3811 -28.4447 45.9725 -97.2007 -27.8597 113.5357 37.6487 22.6818 149.8291 -85.1299 167.0043 -51.2206 -9.3109 57.4052 -6.0713 -81.9347 -65.5794 89.0456 -114.6212 -12.2738 -141.5956 97.8929 46.4717 -275.2714 33.4881 -44.4562 41.0967 -23.2259 89.0119 44.5349 -14.5827 -80.9607 16.0102 -10.9667 -90.2326 -43.0885 64.7466 -144.1289 162.4273 18.7770 27.1498 -19.7323 76.0149 203.7435 -14.5410 -76.0852 161.7868 115.6379 96.9038 -39.4694 74.1654 -47.7559 -8.3622 123.8527 -82.0279 -214.5389 29.7061 -97.6078 47.4225 102.5531 -134.3016 6.9137 78.4537 -89.2554 30.0316 -31.7989 -47.6481 148.0118 -6.1690 19.0231 132.5081 65.7900 -67.2367 60.9574 -310.3249 22.9963 -182.0458 18.2826 29.8314 199.6104 43.5490 -49.3930 11.9516 99.6745 18.3335 -208.4835 -111.1394 -29.2333 7.2392 48.5338 -151.9198 20.7876 13.6753 -81.1162 -63.8585 33.9631 123.7026 122.1494 50.2320 39.0376 80.3040 157.6386 40.7486 73.2478 98.0821 -4.6996 32.9365 50.0391 -157.3839 -63.2354 8.2452 -51.2065 245.4679 -23.7631 -46.6262 -138.2574 10.0509 -66.1701 -36.0300 -78.2914 128.4841 -65.4621 -97.3798 -256.2548 -31.9298 -26.1438 257.0515 62.0476 75.3387 -133.6209 -58.2478 49.6124 129.5022 39.4842 125.7298 -137.8846 -196.3414 5.5407 -139.0216 -153.7243 -107.9035 144.1292 -120.7904 -81.7865 53.9972 0.8772 -52.8410 188.6438 -9.4036 21.5433 -77.0976 -20.3102 -66.0991 -97.4195 -50.7380 126.6836 151.2451 -42.0913 175.0472 -52.4019 154.6984 44.9358 -21.2536 -35.7535 -52.7662 -62.4848 222.5213 -14.1425 60.1111 26.7177 133.1328 48.9602 11.5126 -100.6236 -194.2178 -149.1888 -77.6980 83.0091 28.9296 -89.6662 -176.5979 -4.5834 33.0082 18.2235 -15.6551
214.2856 460.2147 -601.9564 -1419.5276 -11.4576 865.8409 1860.5948 397.8496 1210.3608 1721.2457 -1876.5222 -1100.9871 -1977.0426 -1598.2693 -207.3564 -2240.3376 -432.4100 86.6594 -825.9091 402.3152 1354.5919 2162.2029 961.3640 -1268.3195 1344.3478 -161.7945 741.8613 1875.1553 -1374.2157 1471.4813 -1116.3433 621.5143 -409.9968 -746.0278 339.6846 -881.4908 -54.0609 -134.4659 415.9994 403.4826 770.5052 -2416.5615 -3579.5710 -378.8170 2090.5134 1112.1472 1538.1400 739.7145 -2018.0040 566.9418 -21.7115 -2596.9309 1206.2687 -2323.3835 -1073.6415 -367.5451 -1308.2374 1368.6875 -1648.5422 1747.9017 2665.7620 -325.3769 -712.8184 1619.3369 1309.4739 1896.6855 1140.3195 977.3658 -1008.3352 782.5623 868.8041 1872.4991 -1367.6356 249.6917 422.9215 2174.3879 57.8775 277.6503 -1730.8944 -715.5836 508.2680 322.4909 2170.6404 255.1944 -2099.1240 -797.4717 -4.7936 -3113.2791 -641.0561 518.5332 -1245.0740 1861.9972 2000.3446 816.1324 -1818.8927 2210.3225 363.1328 264.3544 29.3379 962.7766 2454.8884 -972.3345 -1203.2294 1474.4515 -2339.4624 1502.1367 -1377.5818 253.9259 -2604.9519 -25.9014 436.6058 -2004.2803 -395.5492 1131.0471 -2089.8540 1499.6486 -400.7104 648.7122 -1370.6075 -393.2653 1601.6908 530.9637 319.7472 2112.2781 -1200.5665 2355.1982 -722.1603 -131.8104 809.6529 -85.4404 -1154.8964 -925.3937 1255.1678 -1616.1521 -173.4305 -1996.7887 1380.6387 655.0938 -3880.3977 472.0520 -626.2778 579.6122 -327.0305 1255.0033 627.5424 -206.2120 -1141.5890 225.8109 -154.4469 -1272.3555 -607.2497 913.0834 -2031.9381 2290.2942 264.8760 383.1237 -278.2740 1071.6499 2873.0559 -205.1972 -1073.2760 2280.8931 1630.5721 1366.1465 -556.4492 1044.9740 -673.6880 -118.0819 1745.5684 -1156.8052 -3024.9890 418.5740 -1376.1260 669.3881 1445.8375 -1893.9053 97.3773 1106.6036 -1258.1243 422.9202 -447.8542 -671.9686 2086.8909 -87.2709 268.1730 1868.7819 928.6380 -948.2360 859.5903 -4375.6709 324.2502 -2567.3816 257.4376 420.5029 2814.4177 614.3561 -696.8535 168.6635 1405.0598 259.0883 -2939.5251 -1566.4662 -411.7407 102.0745 684.5743 -2141.5076 293.0693 192.5354 -1144.0699 -899.9522 478.6443 1744.0911 1721.6509 708.3340 550.8405 1132.6807 2222.4766 574.1863 1032.8003 1383.0767 -65.8092 464.9708 705.6059 -2218.5442 -891.7997 116.3087 -722.0560 3460.7986 -334.3791 -657.5809 -1949.0652 141.7040 -933.2352 -507.3976 -1103.8597 1812.0654 -922.9539 -1373.2269 -3612.5208 -450.0282 -368.5286 3623.8120 874.9329 1062.0024 -1884.2872 -821.5980 699.6976 1826.1028 557.6304 1772.0964 -1944.0271 -2768.0525 78.4478 -1960.1520 -2167.5981 -1521.9564 2032.4227 -1703.1198 -1152.1941 761.1956 12.3055 -745.2230 2660.0234 -132.3354 304.2312 -1086.2704 -286.2868 -931.3879 -1374.3180 -715.1780 1786.4644 2132.3025 -593.2358 2468.3057 -739.0764 2181.8716 633.7925 -299.4859 -503.6887 -743.8882 -880.8040 3137.5532 -198.8920 847.0143 376.2850 1878.2145 690.3258 162.1537 -1419.0857 -2738.2754 -2104.0435 -1095.3384 1170.4879 407.7132 -1264.0160 -2490.1248 -64.6534 465.5496 256.8715 -220.8560
-30.1674 -64.8507 84.8370 200.0842 1.8572 -121.9611 -262.1195 -56.0220 -170.5532 -242.4950 264.4193 155.1670 278.5665 225.2063 29.2444 315.7213 60.9497 -12.2628 116.4049 -56.6884 -190.8926 -304.6549 -135.4833 178.6991 -189.4594 22.7990 -104.5018 -264.2643 193.6576 -207.3346 157.2876 -87.5715 57.7507 105.1183 -47.8401 124.1382 7.6255 18.9833 -58.5956 -56.8757 -108.5910 340.4608 504.4062 53.3540 -294.5285 -156.7523 -216.7283 -104.2490 284.3456 -79.8789 3.0556 365.8948 -169.9791 327.3972 151.3261 51.8130 184.3801 -192.8628 232.2779 -246.2458 -375.6454 45.8724 100.4443 -228.1254 -184.5194 -267.2911 -160.6774 -137.7522 142.0875 -110.2934 -122.4423 -263.8062 192.7557 -35.1686 -59.5230 -306.4497 -8.1591 -39.1444 243.8637 100.8415 -71.6032 -45.4506 -305.8551 -35.9659 295.7683 112.3988 0.7010 438.7234 90.3094 -73.0304 175.4138 -262.3799 -281.8455 -115.0101 256.2939 -311.3986 -51.1805 -37.2485 -4.1698 -135.7021 -345.9354 136.9762 169.5261 -207.7325 329.6707 -211.6391 194.0924 -35.7665 367.0090 3.6783 -61.5192 282.3984 55.7524 -159.3594 294.5025 -211.2566 56.4647 -91.4034 193.1502 55.4196 -225.7284 -74.8579 -45.0672 -297.6145 169.1755 -331.9043 101.7447 18.5252 -114.0475 12.0326 162.7554 130.3963 -176.8532 227.7401 24.3859 281.3247 -194.5325 -92.3812 546.7980 -66.4936 88.2608 -81.6785 46.0931 -176.8262 -88.4333 29.0478 160.8344 -31.8451 21.7381 179.2945 85.5539 -128.6279 286.3106 -322.7174 -37.3397 -54.0196 39.1617 -150.9893 -404.7990 28.9393 151.2474 -321.4008 -229.7537 -192.4605 78.4046 -147.3221 94.9351 16.6407 -245.9772 162.9781 426.2463 -58.9734 193.9249 -94.3356 -203.7575 266.8420 -13.7439 -155.9102 177.3053 -59.5543 63.1280 94.6995 -294.0706 12.3133 -37.7905 -263.2925 -130.8574 133.6587 -121.0925 616.5879 -45.7018 361.7120 -36.2436 -59.2627 -396.5303 -86.5922 98.1972 -23.7098 -197.9886 -36.5088 414.2394 220.7321 57.9957 -14.4037 -96.4601 301.7802 -41.3124 -27.1470 161.2034 126.8264 -67.4417 -245.7424 -242.5338 -99.8253 -77.5958 -159.6031 -313.1427 -80.8780 -145.5294 -194.9324 9.2846 -65.4988 -99.4621 312.5979 125.6452 -16.4286 101.7474 -487.6511 47.1566 92.6644 274.6152 -19.9535 131.4993 71.5464 155.5172 -255.3319 130.0035 193.4957 508.9794 63.4155 51.9426 -510.6640 -123.2733 -149.6490 265.4776 115.7564 -98.5641 -257.3048 -78.5472 -249.6805 273.9232 390.0262 -11.0432 276.2178 305.4107 214.4743 -286.3532 240.0025 162.3509 -107.2454 -1.7524 105.0289 -374.8630 18.6220 -42.8287 153.0355 40.3515 131.2584 193.6182 100.7705 -251.7174 -300.4504 83.6085 -347.8220 104.1480 -307.4549 -89.2952 42.2190 70.9464 104.8505 124.0592 -442.1335 28.0396 -119.3648 -53.0336 -264.6458 -97.2585 -22.8776 199.9645 385.8661 296.5029 154.3311 -164.9658 -57.4470 178.1252 350.8803 9.0651 -65.6132 -36.2055 31.1185
-71.9232 -154.4892 202.0367 476.5402 3.8620 -290.2722 -624.5104 -133.5216 -406.2638 -577.7596 629.8448 369.5411 663.5369 536.4265 69.5739 751.9370 145.1267 -29.1120 277.2087 -135.0377 -454.6581 -725.6484 -322.6758 425.7004 -451.2552 54.2988 -249.0265 -629.3860 461.2311 -493.8796 374.6718 -208.6302 137.6022 250.4468 -114.0117 295.8478 18.1471 45.1378 -139.6125 -135.4421 -258.5867 811.0831 1201.4431 127.1454 -701.6189 -373.3090 -516.2241 -248.2529 677.2925 -190.3009 7.2933 871.6424 -404.8992 779.7861 360.3340 123.3754 439.1245 -459.3081 553.3401 -586.6820 -894.7270 109.1857 239.2433 -543.5137 -439.5211 -636.5788 -382.7686 -328.0711 338.4444 -262.6320 -291.6160 -628.4561 459.0129 -83.8512 -141.9220 -729.7570 -19.4280 -93.2109 580.9750 240.1675 -170.5882 -108.1976 -728.5760 -85.6415 704.4962 267.6794 1.6260 1044.8878 215.1302 -174.0537 417.8716 -624.9680 -671.3692 -273.8943 610.5114 -741.8221 -121.8045 -88.7306 -9.8406 -323.1463 -823.9383 326.3133 403.8710 -494.8658 785.2419 -504.1686 462.3867 -85.2132 874.3390 8.6887 -146.5306 672.6608 132.7688 -379.6095 701.4749 -503.3153 134.4927 -217.7334 460.0183 131.9648 -537.5933 -178.1847 -107.2973 -708.9934 402.9113 -790.4987 242.4032 44.2473 -271.7653 28.6865 387.6223 310.5707 -421.3077 542.4493 58.2169 670.1747 -463.3791 -219.8932 1302.3844 -158.4069 210.2089 -194.5148 109.7686 -421.2482 -210.6354 69.1912 383.1494 -75.7764 51.8632 427.0555 203.8686 -306.4265 681.9803 -768.7275 -88.9005 -128.5782 93.3899 -359.6601 -964.3003 68.8900 360.2197 -765.5195 -547.3026 -458.5378 186.7603 -350.7072 226.0904 39.6203 -585.9061 388.2967 1015.2853 -140.4585 461.8302 -224.6392 -485.2412 635.6465 -32.6870 -371.4584 422.2621 -141.9344 150.2925 225.5123 -700.4395 29.2927 -89.9663 -627.2756 -311.6809 318.2463 -288.5181 1468.6537 -108.7848 861.6939 -86.4066 -141.1084 -944.6076 -206.1804 233.9124 -56.6261 -471.6516 -86.9730 986.6441 525.7693 138.1757 -34.2823 -229.7502 718.7464 -98.3830 -64.7002 383.9866 302.0608 -160.6264 -585.3994 -577.8589 -237.7665 -184.8559 -380.2068 -745.9365 -192.7154 -346.6185 -464.2065 22.0679 -156.1011 -236.8243 744.6337 299.3005 -39.0452 242.3468 -1161.5731 112.2327 220.6992 654.1581 -47.5518 313.1877 170.3085 370.5121 -608.1916 309.7680 460.9287 1212.5120 151.0291 123.7126 -1216.2933 -293.6803 -356.4579 632.4207 275.7751 -234.8661 -612.9045 -187.1678 -594.7936 652.4999 929.0641 -26.2892 657.9109 727.5135 510.8085 -682.1096 571.6643 386.7228 -255.4790 -4.1349 250.1327 -892.8285 44.4278 -102.1146 364.5412 96.0984 312.5958 461.2199 240.0136 -599.5773 -715.6512 199.1020 -828.4579 248.0536 -732.2556 -212.7370 100.5535 169.0357 249.6035 295.6062 -1053.0942 66.7429 -284.3326 -126.2806 -630.3860 -231.6960 -54.4444 476.2616 919.0515 706.2045 367.6604 -392.8628 -136.8680 424.2358 835.7932 21.7211 -156.1736 -86.1979 74.1328
223.0739 479.0349 -626.5916 -1477.8872 -11.8738 901.1655 1936.9187 414.1260 1259.8479 1791.6224 -1953.2390 -1146.0082 -2057.8157 -1663.5857 -215.8489 -2331.7922 -450.0946 90.1796 -859.6644 418.7464 1409.9586 2250.5234 1000.6772 -1320.1537 1399.2938 -168.4345 772.1360 1951.7379 -1430.3595 1531.5872 -1162.0265 646.9268 -426.7131 -776.4646 353.5892 -917.4656 -56.2895 -139.9852 432.9940 419.9579 801.9904 -2515.2517 -3725.8391 -394.2794 2175.9502 1157.5966 1600.9730 769.9211 -2100.3921 590.1101 -22.6206 -2702.9724 1255.5377 -2418.2847 -1117.5150 -382.5568 -1361.7166 1424.6101 -1715.8719 1819.3473 2774.6162 -338.6644 -741.9133 1685.4255 1363.0162 1974.1666 1186.8822 1017.3156 -1049.5302 814.5850 904.3181 1948.9592 -1423.5354 259.8766 440.1739 2263.2456 60.2245 288.9666 -1801.6371 -744.8492 529.0134 335.6452 2259.3374 265.6116 -2184.8335 -830.0561 -5.0060 -3240.4810 -667.2012 539.6900 -1295.9700 1938.0959 2082.0947 849.4396 -1893.2909 2300.6289 377.9895 275.1698 30.5268 1002.1439 2555.2249 -1012.0605 -1252.4296 1534.7089 -2435.0693 1563.5448 -1433.9017 264.2752 -2711.3931 -26.9350 454.4411 -2086.2114 -411.7051 1177.2900 -2175.2568 1560.9385 -417.0805 675.2084 -1426.5776 -409.3102 1667.0839 552.6233 332.8080 2198.5823 -1249.5283 2451.4285 -751.6537 -137.2339 842.7242 -88.9036 -1202.0583 -963.1813 1306.4503 -1682.1738 -180.4686 -2078.3049 1437.0366 681.8305 -4038.8799 491.3258 -651.8922 603.3158 -340.3796 1306.2736 653.1443 -214.6709 -1188.2052 234.9942 -160.8244 -1324.3893 -632.1038 950.3619 -2114.9128 2383.8381 275.7120 398.7844 -289.6454 1115.3893 2990.3950 -213.5984 -1117.1035 2374.0464 1697.1953 1421.9907 -579.2057 1087.6815 -701.2344 -122.9632 1816.9143 -1204.0354 -3148.5598 435.6980 -1432.3561 696.6992 1504.9454 -1971.2777 101.4011 1151.7921 -1309.5481 440.2369 -466.1543 -699.3883 2172.2146 -90.8568 279.1304 1945.1031 966.5674 -987.0435 894.6589 -4554.4243 337.4300 -2672.2520 267.9023 437.6509 2929.3926 639.4504 -725.3032 175.6105 1462.4664 269.7008 -3059.6462 -1630.4868 -428.5954 106.2640 712.5246 -2228.9822 305.0221 200.4259 -1190.8146 -936.7275 498.2312 1815.4089 1792.0699 737.2917 573.3279 1178.9325 2313.2681 597.6053 1074.9851 1439.5847 -68.5026 483.9808 734.3821 -2309.2043 -928.2496 121.1233 -751.5319 3602.2034 -347.9840 -684.4565 -2028.7025 147.4710 -971.3484 -528.0983 -1148.9109 1886.1230 -960.6717 -1429.3143 -3760.0959 -468.4000 -383.6311 3771.8628 910.6204 1105.4386 -1961.3286 -855.2011 728.2621 1900.7266 580.3794 1844.5333 -2023.4379 -2881.1152 81.6526 -2040.2362 -2256.1868 -1584.2004 2115.4077 -1772.7434 -1199.2229 792.3314 12.8069 -775.6346 2768.7131 -137.7495 316.6100 -1130.6501 -297.9947 -969.4533 -1430.4412 -744.3810 1859.4932 2219.3704 -617.4828 2569.1494 -769.2613 2271.0149 659.7664 -311.7609 -524.2803 -774.1902 -916.7711 3265.8254 -207.0167 881.6949 391.6346 1954.9323 718.5576 168.7596 -1477.0688 -2850.1599 -2190.0823 -1140.1615 1218.3756 424.4055 -1315.6250 -2591.9014 -67.3344 484.5061 267.3629 -229.8739
-85.0614 -182.7986 239.1076 563.9537 4.5499 -343.9037 -739.0143 -157.6971 -480.7521 -683.6962 745.3892 437.2997 785.2452 634.8278 82.3600 889.8190 171.7660 -34.4223 328.0406 -159.8018 -538.0554 -858.8055 -381.8506 503.7693 -533.9644 64.2602 -294.6674 -744.7844 545.8205 -584.4353 443.4372 -246.8726 162.8461 296.3281 -134.9588 350.0909 21.4802 53.3800 -165.3396 -160.2539 -306.0089 959.8439 1421.8008 150.4990 -830.3045 -441.7729 -610.9360 -293.8057 801.4807 -225.1951 8.5890 1031.4910 -479.1194 922.7906 426.4103 145.9575 519.6009 -543.6492 654.8123 -694.2781 -1058.8704 129.2369 283.1368 -643.1959 -520.1745 -753.3530 -452.9514 -388.2210 400.5356 -310.8428 -345.0692 -743.7393 543.1909 -99.2032 -168.0331 -863.6230 -22.9575 -110.3362 687.5276 284.2544 -201.8801 -128.0569 -862.1425 -101.3697 833.7244 316.6998 1.9085 1236.5757 254.6299 -205.9426 494.5247 -739.6164 -794.4974 -324.1754 722.4537 -877.9911 -144.1971 -105.0147 -11.6854 -382.3973 -975.0975 386.1981 477.8990 -585.6676 929.2756 -596.6439 547.1980 -100.8149 1034.6748 10.3182 -173.4007 796.0675 157.1366 -449.2118 830.0865 -595.6900 159.1584 -257.6731 544.3870 156.1875 -636.1744 -210.8725 -127.0152 -838.9985 476.8452 -935.4590 286.8586 52.3714 -321.5826 33.9387 458.7252 367.5854 -498.5031 641.9222 68.8637 793.1230 -548.3859 -260.2292 1541.2087 -187.4666 248.8038 -230.1684 129.8499 -498.4905 -249.2763 81.9182 453.4585 -89.6687 61.3260 505.4173 241.2575 -362.6352 807.0629 -909.7263 -105.2156 -152.1562 110.5344 -425.6441 -1141.1733 81.4913 426.3329 -905.9279 -647.6397 -542.6624 221.0603 -415.0777 267.6008 46.8768 -693.3876 459.4586 1201.4829 -166.2631 546.6065 -265.8567 -574.2829 752.2582 -38.6984 -439.5634 499.7014 -167.9886 177.8407 266.8906 -828.9374 34.6277 -106.4963 -742.3276 -368.8672 376.6231 -341.4259 1738.0071 -128.7733 1019.7697 -102.2565 -166.9858 -1117.8887 -243.9834 276.7626 -67.0375 -558.0526 -102.9247 1167.6068 622.1966 163.5499 -40.5736 -271.9159 850.5996 -116.4063 -76.5121 454.4482 357.4968 -190.1461 -692.7367 -683.8473 -281.3656 -218.7645 -449.9122 -882.7618 -228.0327 -410.2081 -549.3218 26.0849 -184.7423 -280.2815 881.1946 354.1947 -46.2147 286.8307 -1374.6022 132.8371 261.2111 774.1679 -56.2994 370.6757 201.5584 438.4394 -719.7622 366.6032 545.4366 1434.8785 178.7226 146.4240 -1439.3792 -347.5193 -421.8835 748.4667 326.3785 -277.9185 -725.3547 -221.5303 -703.9020 772.1443 1099.4700 -31.1998 778.5707 860.9763 604.4758 -807.2562 676.4830 457.5974 -302.3536 -4.9075 296.0193 -1056.5922 52.6001 -120.8456 431.4077 113.7138 369.9750 545.8654 284.0345 -709.5945 -846.9660 235.6230 -980.3945 293.5235 -866.6048 -251.7488 118.9979 200.0611 295.4688 349.8225 -1246.2513 78.9786 -336.4648 -149.4547 -745.9696 -274.2127 -64.4599 563.6567 1087.6552 835.7147 435.0545 -464.9285 -161.9101 502.0839 989.0837 25.7000 -184.8402 -102.0201 87.7301
-128.7933 -276.5891 361.7197 853.1910 6.8717 -520.3375 -1118.0934 -239.0455 -727.0955 -1034.3516 1127.6794 661.6307 1188.0701 960.4617 124.6416 1346.2479 259.8466 -52.0514 496.3214 -241.7645 -814.0302 -1299.3406 -577.7572 762.1531 -807.8892 97.2172 -445.7918 -1126.8472 825.8154 -884.2314 670.8903 -373.4817 246.4095 448.3312 -204.1440 529.6722 32.4503 80.8324 -249.9769 -242.4852 -463.0247 1452.2723 2151.0596 227.6504 -1256.2365 -668.2899 -924.2796 -444.5094 1212.6144 -340.6596 13.0587 1560.5825 -724.9109 1396.1700 645.2209 220.8765 786.1989 -822.4431 990.6865 -1050.3668 -1601.9125 195.5291 428.3885 -973.0903 -786.9611 -1139.8115 -685.2794 -587.3478 605.9716 -470.2464 -522.0851 -1125.2310 821.8740 -150.0009 -254.1068 -1306.6521 -34.7275 -166.8308 1040.1438 430.0676 -305.4408 -193.8043 -1304.4204 -153.3750 1261.4198 479.2060 2.8783 1870.8488 385.2440 -311.5838 748.1905 -1118.9248 -1202.0907 -490.4134 1093.0594 -1328.2321 -218.2267 -158.8629 -17.6755 -578.5778 -1475.1724 584.3251 723.0390 -886.0769 1405.9019 -902.6587 827.8577 -152.6010 1565.3534 15.5772 -262.3689 1204.4517 237.6443 -679.6966 1255.8567 -901.1570 240.8091 -389.8023 823.6732 236.3138 -962.5239 -319.0626 -192.1617 -1269.3656 721.4324 -1415.3158 433.9916 79.2044 -486.5022 51.2901 694.0215 556.1537 -754.2569 971.1651 104.1936 1199.9196 -829.6235 -393.6743 2331.8616 -283.6787 376.3800 -348.3189 196.5574 -754.1616 -377.1358 123.9327 686.0301 -135.7158 92.7991 764.5853 364.9140 -548.7051 1221.0542 -1376.3557 -159.1502 -230.2358 167.2632 -644.0068 -1726.4932 123.3537 644.9348 -1370.6581 -979.9174 -820.9761 334.4145 -627.9450 404.8863 70.9793 -1048.9785 695.1461 1817.8199 -251.5486 826.9471 -402.2641 -868.8387 1138.0682 -58.5350 -664.9993 756.0739 -254.1650 269.1328 403.8274 -1254.1089 52.4302 -161.1363 -1123.0178 -558.0115 569.8170 -516.5396 2629.4648 -194.8937 1542.8193 -154.6762 -252.6964 -1691.2587 -369.2147 418.7799 -101.4005 -844.3657 -155.6578 1766.4355 941.3189 247.4491 -61.3372 -411.3909 1286.9055 -176.1528 -115.7456 687.5109 540.8234 -287.6231 -1048.0966 -1034.5997 -425.6151 -331.0352 -680.6328 -1335.5867 -345.0294 -620.6010 -831.1456 39.5476 -279.3875 -424.0228 1333.2036 535.8839 -69.8780 433.9183 -2079.6580 201.0320 395.1454 1171.2719 -85.1468 560.8085 304.9013 663.3365 -1088.9078 554.6420 825.1822 2170.8499 270.4336 221.4473 -2177.6360 -525.7802 -638.2178 1132.3645 493.7314 -420.4580 -1097.3878 -335.0811 -1064.9387 1168.2772 1663.4227 -47.1631 1177.9037 1302.5878 914.5905 -1221.3284 1023.4792 692.3814 -457.4561 -7.3923 447.8338 -1598.5411 79.5024 -182.8480 652.7866 172.0227 559.7472 825.9059 429.7371 -1073.5095 -1281.3607 356.5235 -1483.2679 444.1335 -1311.1890 -380.8176 179.9111 302.6884 447.0064 529.2883 -1885.4518 119.5337 -509.0208 -226.1216 -1128.6633 -414.8499 -97.4910 852.7335 1645.5253 1264.3706 658.1737 -703.4089 -244.9902 759.5523 1496.3401 38.8960 -279.7074 -154.2907 132.7507
1525.5759 3276.5400 -4285.5435 -10108.2939 -81.5014 6164.0781 13246.1377 2832.2454 8617.1279 12254.5791 -13359.7998 -7838.4751 -14074.9785 -11378.5947 -1476.2502 -15949.0801 -3078.5144 616.9798 -5879.8208 2864.2639 9643.6475 15393.0527 6844.4155 -9029.4414 9571.0693 -1152.0845 5281.3379 13349.6182 -9783.4053 10475.7559 -7947.6362 4424.8770 -2918.8279 -5310.9839 2418.6887 -6275.3916 -384.7950 -957.3253 2961.6184 2872.5129 5485.4785 -17204.1465 -25484.1094 -2696.9688 14882.9619 7917.7871 10950.3408 5266.2603 -14366.3535 4036.2595 -154.4998 -18488.0684 8587.5615 -16540.7246 -7643.6660 -2616.5828 -9313.8994 9743.8984 -11736.2988 12443.8848 18977.8359 -2316.4084 -5074.6274 11528.1152 9322.7070 13503.0059 8118.2417 6958.3032 -7178.6411 5571.3022 6185.2148 13330.5566 -9736.6709 1777.5337 3010.6584 15480.1191 411.9477 1976.5656 -12322.9209 -5094.5737 3618.2925 2295.6897 15453.4199 1816.7645 -14943.9473 -5677.4663 -34.3837 -22164.1309 -4563.6079 3691.2896 -8864.0674 13256.0283 14241.1934 5810.0776 -12949.5430 15735.9473 2585.1445 1882.0269 208.9503 6854.3931 17477.0840 -6922.1191 -8566.1699 10497.1172 -16655.3691 10694.1797 -9807.5771 1807.6969 -18545.4023 -184.3699 3108.1433 -14269.1650 -2815.9248 8052.1177 -14878.3311 10676.5195 -2852.8259 4618.3877 -9757.6416 -2799.5823 11402.5176 3779.7512 2276.3401 15038.0703 -8546.7568 16767.4531 -5141.2588 -938.6961 5764.0190 -608.0134 -8221.8672 -6588.0586 8935.9375 -11505.7832 -1234.3590 -14215.2061 9828.9580 4663.6562 -27625.2012 3360.5762 -4458.8823 4126.4775 -2328.3486 8934.5459 4467.7100 -1468.2086 -8127.1323 1607.4749 -1099.8130 -9058.4004 -4323.3638 6500.1455 -14465.7158 16305.2373 1885.6873 2727.4233 -1981.0682 7629.1504 20453.8828 -1461.1256 -7640.7739 16238.2783 11608.4893 9726.1172 -3961.5886 7439.4268 -4796.3545 -840.5633 12427.3965 -8235.5078 -21535.6270 2979.9771 -9797.0928 4765.3906 10293.3594 -13483.1309 693.4461 7878.2100 -8956.9404 3010.8931 -3188.2156 -4783.7026 14857.3477 -621.3448 1909.0770 13304.1504 6611.1460 -6750.8110 6119.5605 -31151.4355 2308.1165 -18277.7344 1832.4897 2993.5354 20036.2969 4373.8481 -4961.0977 1201.1263 10003.1562 1844.7070 -20927.5000 -11152.1553 -2931.3850 726.6734 4873.6470 -15245.8535 2086.4265 1371.1680 -8145.0283 -6407.0273 3407.6267 12416.9531 12257.2920 5042.8374 3921.6160 8063.8101 15822.1973 4087.4658 7352.6016 9846.4209 -468.4560 3310.4890 5023.0059 -15794.5283 -6348.8647 828.1419 -5140.4355 24638.3164 -2380.5339 -4681.5576 -13875.9131 1008.7473 -6643.9561 -3612.1318 -7858.3789 12900.4619 -6570.8589 -9776.0918 -25718.4531 -3203.8772 -2623.9990 25798.7148 6228.6421 7561.0205 -13414.8916 -5849.3970 4981.1206 13000.6895 3969.6855 12616.1738 -13840.1250 -19706.3555 558.4481 -13954.8350 -15431.8428 -10835.3037 14469.1230 -12125.1875 -8202.4199 5419.4688 87.7000 -5305.4185 18937.5645 -942.2427 2165.8350 -7733.4233 -2038.2733 -6631.0254 -9783.9453 -5091.1758 12718.4355 15180.3281 -4223.5332 17572.5254 -5261.6138 15533.2324 4512.3765 -2132.2095 -3586.1079 -5295.4502 -6270.5498 22337.1953 -1416.0737 6030.5259 2678.8713 13371.2988 4914.8203 1154.4286 -10102.7891 -19494.4004 -14979.4512 -7798.2441 8333.3828 2902.4905 -8998.7129 -17728.0645 -460.3591 3313.7419 1828.5560 -1572.3868
-202.6614 -435.1894 569.2087 1342.6016 10.8514 -818.7123 -1759.3560 -376.1605 -1144.5515 -1627.6067 1774.7380 1041.0746 1869.4440 1511.2687 196.1080 2118.3545 408.8921 -81.9612 780.9536 -380.4715 -1280.8771 -2044.5374 -909.0516 1199.3101 -1271.2137 152.9996 -701.4820 -1773.0470 1299.4508 -1391.4268 1055.5806 -587.7383 387.7238 705.3917 -321.2728 833.4814 51.1195 127.1717 -393.3726 -381.5067 -728.5917 2285.1213 3384.7756 358.1961 -1976.7792 -1051.6101 -1454.4263 -699.4339 1908.1509 -536.0805 20.4768 2455.5481 -1140.5919 2196.9731 1015.2528 347.5567 1237.0555 -1294.1210 1558.8118 -1652.7930 -2520.6365 307.6387 674.0131 -1531.1333 -1238.2656 -1793.4705 -1078.2607 -924.1866 953.4284 -739.9943 -821.5286 -1770.5614 1293.2253 -236.0821 -399.9077 -2056.0837 -54.7237 -262.5255 1636.7241 676.7161 -480.5527 -304.9141 -2052.5344 -241.2768 1984.8596 754.1155 4.5380 2943.8452 606.1224 -490.2801 1177.3516 -1760.6438 -1891.5078 -771.7201 1720.0154 -2090.0586 -343.3569 -249.9361 -27.7733 -910.4161 -2321.2881 919.4170 1137.7384 -1394.2391 2212.1802 -1420.3828 1302.6537 -240.1099 2463.1650 24.4960 -412.8164 1895.2632 374.0056 -1069.5245 1976.1934 -1418.0513 378.9132 -613.4335 1296.0076 371.8704 -1514.4246 -502.0454 -302.3380 -1997.3412 1135.1548 -2227.0664 682.8776 124.6689 -765.5681 80.7567 1092.0696 875.0076 -1186.8547 1528.1954 163.9749 1888.0736 -1305.4966 -619.4488 3669.1909 -446.3652 592.2037 -548.0748 309.3233 -1186.6423 -593.3668 195.0157 1079.4534 -213.5345 146.0845 1203.1647 574.2357 -863.3729 1921.3564 -2165.6199 -250.4451 -362.2758 263.1279 -1013.2896 -2716.6912 194.0551 1014.8531 -2156.7874 -1541.8303 -1291.8391 526.1773 -988.1030 637.0453 111.6923 -1650.5791 1093.7566 2860.3601 -395.8189 1301.2568 -632.9660 -1367.1497 1790.8239 -92.0645 -1046.3387 1189.6829 -399.8828 423.4716 635.4217 -1973.3389 82.5189 -253.5247 -1767.0182 -878.1050 896.6881 -812.8151 4137.5327 -306.5809 2427.6772 -243.4268 -397.5840 -2661.2334 -580.9158 658.9224 -159.5487 -1328.5837 -245.0247 2779.5405 1481.2781 389.3406 -96.5359 -647.3317 2024.9794 -277.1498 -182.1051 1081.8080 850.9718 -452.6223 -1649.2419 -1628.0243 -669.8143 -520.8485 -1071.0284 -2101.5457 -542.9378 -976.5681 -1307.8209 62.2076 -439.6777 -667.1653 2097.8140 843.2540 -110.0206 682.7299 -3272.4871 316.1936 621.8080 1843.0138 -133.9667 882.4658 479.7861 1043.7373 -1713.4331 872.7692 1298.4675 3415.9326 425.5203 348.5167 -3426.6226 -827.2717 -1004.2519 1781.7908 776.9186 -661.6091 -1726.7469 -527.2509 -1675.6422 1838.2604 2617.4241 -74.2206 1853.4595 2049.6970 1439.1210 -1921.7727 1610.4489 1089.4738 -719.8843 -11.6655 704.6576 -2515.2949 125.1163 -287.6890 1027.1890 270.7005 880.7332 1299.5306 676.2474 -1689.2858 -2016.2532 560.9592 -2333.9670 698.8669 -2063.1140 -599.2787 283.1541 476.3165 703.3328 832.8563 -2966.8333 188.0951 -800.9572 -355.7855 -1775.9620 -652.8249 -153.2852 1341.8663 2589.2493 1989.5349 1035.7905 -1106.8660 -385.5108 1195.2402 2354.6504 61.1868 -440.1190 -242.8872 208.8278
-33.7868 -72.5400 94.8829 223.7671 1.7936 -136.4665 -293.2563 -62.6717 -190.7839 -271.2872 295.7834 173.8367 311.6102 251.9410 32.7065 353.1198 68.1921 -13.6394 130.1500 -63.4637 -213.5369 -340.8391 -151.5255 199.8747 -211.9193 25.5036 -116.9352 -295.5517 216.6046 -231.9206 175.9379 -97.9782 64.6593 117.5875 -53.4972 138.9319 8.4588 21.1974 -65.5236 -63.6439 -121.4570 380.9244 564.2124 59.7115 -329.4902 -175.2926 -242.4550 -116.6004 318.0890 -89.3545 3.4074 409.2958 -190.1533 366.2419 169.2810 57.9548 206.1941 -215.6933 259.8325 -275.4120 -420.1753 51.2773 112.3366 -255.1637 -206.3585 -298.9478 -179.6821 -154.0731 158.9524 -123.3497 -136.9549 -295.1372 215.6016 -39.3694 -66.6407 -342.7192 -9.1381 -43.7707 272.8249 112.7738 -80.1007 -50.8477 -342.1134 -40.1880 330.8946 125.7786 0.7652 490.7049 101.0246 -81.6685 196.2352 -293.4854 -315.2793 -128.6173 286.6728 -348.3276 -57.2526 -41.6202 -4.6385 -151.7480 -386.9462 153.2409 189.6707 -232.4109 368.6788 -236.7727 217.1213 -39.9699 410.5572 4.0965 -68.8252 315.9259 62.3153 -178.2480 329.3913 -236.3704 63.1405 -102.2187 216.0271 61.9506 -252.4362 -83.7150 -50.3871 -332.9438 189.1822 -371.1793 113.8087 20.8159 -127.6124 13.5061 182.0328 145.8704 -197.8454 254.7297 27.3398 314.7314 -217.6230 -103.3016 611.6576 -74.3841 98.7145 -91.3770 51.6074 -197.7966 -98.8784 32.4910 179.9693 -35.6073 24.3534 200.5490 95.6843 -143.8965 320.2830 -360.9544 -41.7649 -60.3672 43.8224 -168.8945 -452.8603 32.3537 169.1792 -359.4849 -257.0119 -215.3125 87.6885 -164.7036 106.1645 18.6444 -275.1745 182.3123 476.7761 -65.9493 216.8625 -105.4966 -227.8485 298.4774 -15.3213 -174.4271 198.2963 -66.6624 70.5842 105.9068 -328.9415 13.7550 -42.2934 -294.5516 -146.3339 149.4920 -135.4912 689.6605 -51.1188 404.6076 -40.5564 -66.2517 -443.5676 -96.8061 109.8469 -26.5768 -221.4725 -40.8507 463.2856 246.9247 64.8989 -16.1044 -107.8462 337.5655 -46.2058 -30.3245 180.3456 141.8201 -75.4075 -274.8725 -271.3233 -111.6732 -86.7967 -178.5753 -350.2933 -90.5244 -162.7746 -218.0279 10.3796 -73.2738 -111.1888 349.6802 140.5606 -18.3381 113.8464 -545.4909 52.6882 103.6323 307.1872 -22.3555 147.0990 79.9385 173.9740 -285.6074 145.5260 216.4467 569.3865 70.9528 58.1001 -571.2018 -137.8789 -167.3716 296.9791 129.4930 -110.2968 -287.8169 -87.8481 -279.2859 306.4188 436.2272 -12.3371 308.9023 341.6685 239.8723 -320.3120 268.4407 181.6209 -119.9884 -1.9366 117.4364 -419.2388 20.8399 -47.9788 171.2452 45.1250 146.8148 216.6061 112.7236 -281.5691 -336.0219 93.5373 -389.0549 116.4879 -343.8773 -99.8634 47.2233 79.3768 117.2404 138.8469 -494.5146 31.3646 -133.5572 -59.2742 -296.0242 -108.8214 -25.5354 223.6252 431.5833 331.6422 172.6422 -184.5051 -64.2676 199.2222 392.4739 10.1905 -73.3859 -40.4870 34.8271
180.4150 387.5362 -506.8735 -1195.5314 -9.5952 728.9937 1566.6760 334.9435 1019.1375 1449.2631 -1580.0392 -927.0644 -1664.3540 -1345.7727 -174.6086 -1886.2925 -364.0622 72.9817 -695.4312 338.7618 1140.5735 1820.5527 809.4608 -1067.9242 1131.9562 -136.2531 624.6167 1578.8716 -1157.0743 1238.9490 -939.9509 523.3572 -345.2308 -628.0875 286.0245 -742.1736 -45.5231 -113.2504 350.3016 339.7044 648.7649 -2034.7266 -3014.0278 -318.9688 1760.2014 936.4282 1295.0920 622.8732 -1699.1298 477.3458 -18.2411 -2186.5635 1015.6227 -1956.3204 -904.0032 -309.4574 -1101.5875 1152.4666 -1388.0889 1471.6910 2244.5051 -273.9416 -600.1747 1363.4017 1102.5692 1597.0293 960.1471 822.9089 -848.9877 658.9398 731.5483 1576.6102 -1151.5924 210.2476 356.0898 1830.8173 48.7314 233.7603 -1457.3854 -602.5521 427.9564 271.5104 1827.6908 214.8453 -1767.4277 -671.4823 -4.0395 -2621.3403 -539.7540 436.5715 -1048.3363 1567.8304 1684.2755 687.1782 -1531.4878 1861.0709 305.7569 222.6104 24.7349 810.6677 2067.0435 -818.7164 -1013.1384 1241.4545 -1969.8434 1264.8127 -1159.9424 213.7887 -2193.3293 -21.8136 367.5767 -1687.6515 -333.0099 952.3542 -1759.6173 1262.6868 -337.3843 546.2321 -1154.0239 -331.1375 1348.5502 447.0431 269.2292 1778.4777 -1010.8224 1983.1104 -608.0602 -111.0360 681.6698 -71.8956 -972.3804 -779.1813 1056.8405 -1360.8250 -145.9817 -1681.2197 1162.4932 551.5828 -3267.2437 397.4502 -527.2942 488.0489 -275.4044 1056.6619 528.3617 -173.6593 -961.2083 190.1406 -130.0911 -1071.3092 -511.2938 768.8068 -1710.8597 1928.4229 223.0288 322.6049 -234.3066 902.3387 2419.0247 -172.8117 -903.6788 1920.4905 1372.9479 1150.2949 -468.5185 879.8190 -567.2737 -99.4422 1469.7767 -974.0392 -2547.0359 352.4174 -1158.7189 563.6240 1217.4320 -1594.6393 82.0173 931.7570 -1059.3462 356.0664 -377.1094 -565.7509 1757.1735 -73.4906 225.7843 1573.4512 781.8734 -798.4338 723.7684 -3684.2993 273.0110 -2161.6787 216.7533 354.0539 2369.6855 517.3154 -586.7471 142.0577 1183.0607 218.1680 -2475.0728 -1318.9856 -346.6769 85.9404 576.4105 -1803.1542 246.7588 162.1366 -963.2781 -757.7487 402.9911 1468.5470 1449.6241 596.4026 463.8064 953.6665 1871.2665 483.4279 869.6183 1164.5150 -55.3911 391.5241 594.0829 -1867.9866 -750.8796 97.9805 -608.0305 2913.9702 -281.5450 -553.6873 -1641.0845 119.3019 -785.7929 -427.2134 -929.3951 1525.7423 -777.1533 -1156.1948 -3041.7041 -378.9002 -310.3150 3051.2817 736.6040 894.1981 -1586.5238 -691.8069 589.1135 1537.5454 469.4663 1492.0742 -1636.8796 -2330.6191 66.0860 -1650.4672 -1825.1160 -1281.4717 1711.2827 -1434.0369 -970.0934 640.9424 10.3821 -627.4889 2239.7385 -111.4340 256.1632 -914.6452 -241.0661 -784.2262 -1157.1616 -602.1513 1504.2365 1795.4055 -499.5120 2078.2639 -622.2913 1837.1180 533.6229 -252.1336 -424.1353 -626.3137 -741.6534 2641.8364 -167.4995 713.2291 316.8149 1581.3718 581.2872 136.4907 -1194.8336 -2305.5928 -1771.6064 -922.2538 985.5801 343.2738 -1064.2570 -2096.7097 -54.4166 391.9615 216.2432 -185.9410
-130.8971 -281.1184 367.6052 867.2472 6.9425 -528.8885 -1136.3955 -243.0340 -739.3372 -1051.3669 1146.1995 672.4744 1207.5791 976.4761 126.6627 1368.3984 264.1217 -52.9166 504.4594 -245.7425 -827.3845 -1320.6702 -587.1943 774.6777 -821.2045 98.8067 -453.0671 -1145.3214 839.3839 -898.7733 681.8411 -379.6031 250.3941 455.6951 -207.5262 538.3741 33.0516 82.1482 -254.0316 -246.4618 -470.6344 1476.0371 2186.4451 231.3786 -1276.9144 -679.3021 -939.5157 -451.8190 1232.5626 -346.2925 13.2223 1586.2382 -736.7471 1419.1400 655.7947 224.5258 799.0635 -835.9796 1006.9260 -1067.6277 -1628.2380 198.7509 435.3482 -989.0921 -799.8823 -1158.4944 -696.4979 -597.0080 615.9277 -477.9918 -530.6737 -1143.6940 835.3853 -152.4839 -258.2982 -1328.1449 -35.3168 -169.5376 1057.2579 437.1004 -310.4085 -196.9448 -1325.8575 -155.8640 1282.1211 487.1336 2.9274 1901.5725 391.5182 -316.6990 760.5286 -1137.2991 -1221.8295 -498.4756 1110.9899 -1350.0955 -221.7982 -161.4606 -17.9760 -588.0837 -1499.4235 593.9157 734.9552 -900.6407 1428.9467 -917.4908 841.4584 -155.0552 1591.1044 15.7953 -266.6693 1224.2067 241.5948 -690.8605 1276.4962 -916.0256 244.7501 -396.2746 837.2026 240.1993 -978.2831 -324.3208 -195.2888 -1290.1969 733.2678 -1438.5848 441.0677 80.4885 -494.5401 52.1811 705.3673 565.2961 -766.6359 987.1677 105.9670 1219.5945 -843.2475 -400.1588 2370.1450 -288.3052 382.5465 -354.0039 199.7774 -766.5346 -383.3045 125.9642 697.2855 -137.9282 94.3351 777.1649 370.9423 -557.6608 1241.0811 -1398.9263 -161.8183 -233.9975 169.9516 -654.5137 -1754.8666 125.3900 655.5464 -1393.1357 -995.9462 -834.4480 339.8460 -638.2626 411.4946 72.1038 -1066.1910 706.5609 1847.6577 -255.6510 840.5344 -408.8862 -883.1419 1156.7836 -59.4328 -675.9422 768.5040 -258.3334 273.5098 410.4770 -1274.6836 53.3029 -163.7844 -1141.4437 -567.2007 579.2137 -525.0623 2672.6487 -198.0081 1568.1660 -157.2198 -256.8537 -1718.9843 -375.2379 425.6688 -103.0592 -858.2349 -158.2942 1795.4968 956.7792 251.4306 -62.3383 -418.1312 1308.0535 -179.0298 -117.6493 698.8065 549.6882 -292.3643 -1065.3505 -1051.6427 -432.6884 -336.4879 -691.8309 -1357.4957 -350.6853 -630.8180 -844.7872 40.1938 -283.9816 -430.9732 1355.1349 544.6981 -71.0336 440.9966 -2113.8552 204.2760 401.6375 1190.4685 -86.5423 570.0488 309.8983 674.2054 -1106.8022 563.7092 838.6965 2206.5249 274.8857 225.0679 -2213.4419 -534.3713 -648.6718 1150.9469 501.8576 -427.3397 -1115.4113 -340.6295 -1082.4183 1187.4304 1690.7488 -47.9301 1197.2363 1324.0145 929.6537 -1241.3651 1040.2976 703.6963 -464.9917 -7.5602 455.2049 -1624.7852 80.8421 -185.8526 663.4254 174.8839 568.8852 839.4039 436.7829 -1091.2230 -1302.3999 362.3301 -1507.6465 451.4419 -1332.6578 -387.1070 182.8947 307.6404 454.2963 537.9813 -1916.3960 121.4787 -517.3902 -229.8066 -1147.1947 -421.6408 -99.0267 866.8082 1672.5546 1285.1682 669.0504 -714.9590 -248.9812 772.0786 1520.9701 39.4967 -284.2892 -156.8727 134.9370
-198.5054 -426.4486 557.7549 1315.4928 10.6567 -802.2332 -1723.8942 -368.6001 -1121.4413 -1594.7692 1738.6594 1020.0610 1831.7313 1480.8046 192.4067 2075.6494 400.6215 -80.2746 765.2209 -372.7305 -1255.0203 -2003.2513 -890.7145 1175.1010 -1245.5698 149.9005 -687.3425 -1737.2700 1273.2085 -1363.3441 1034.3036 -575.8398 379.8651 691.2074 -314.7781 816.6848 50.0797 124.5671 -385.4254 -373.7879 -713.8553 2238.9441 3316.5085 350.9868 -1936.8508 -1030.4493 -1425.0549 -685.3511 1869.6257 -525.3167 20.1063 2406.0481 -1117.5986 2152.5999 994.7178 340.5004 1212.0715 -1268.0856 1527.3983 -1619.4990 -2469.8076 301.4522 660.4148 -1500.3175 -1213.2402 -1757.2188 -1056.5211 -905.5745 934.2037 -725.0552 -804.9006 -1734.8455 1267.1072 -231.3573 -391.8136 -2014.5337 -53.6220 -257.2215 1603.6935 663.0073 -470.8807 -298.7444 -2011.1061 -236.4370 1944.8340 738.8677 4.4632 2884.4819 593.8974 -480.3865 1153.5922 -1725.1661 -1853.3381 -756.1659 1685.2722 -2047.9176 -336.4074 -244.9571 -27.1719 -892.0145 -2274.4893 900.8491 1114.7904 -1366.0573 2167.5505 -1391.7468 1276.3505 -235.2494 2413.5298 24.0233 -404.5136 1856.9896 366.4585 -1047.8724 1936.3099 -1389.4742 371.2671 -601.0597 1269.8710 364.3247 -1483.9337 -491.8647 -296.2733 -1957.0896 1112.2832 -2182.1157 669.0563 122.1903 -750.1537 79.1520 1070.0242 857.3621 -1162.9261 1497.3479 160.6887 1849.9767 -1279.1378 -606.9172 3595.1187 -437.3930 580.2955 -536.9713 303.0008 -1162.7408 -581.4724 191.0901 1057.6531 -209.1692 143.1472 1178.8844 562.6398 -845.9583 1882.6108 -2121.9326 -245.3558 -354.9044 257.7992 -992.8511 -2661.9053 190.1245 994.3424 -2113.2239 -1510.6794 -1265.8074 515.5825 -968.2018 624.1653 109.3932 -1617.3293 1071.8052 2802.6428 -387.8292 1274.9713 -620.1619 -1339.5450 1754.6649 -90.2579 -1025.2853 1165.6636 -391.7990 414.8915 622.5345 -1933.5524 80.8439 -248.4621 -1731.4476 -860.3579 878.5381 -796.4045 4054.0325 -300.3538 2378.7144 -238.5093 -389.5873 -2607.5962 -569.1939 645.6351 -156.3212 -1301.7798 -240.1180 2723.5288 1451.3733 381.5059 -94.5933 -634.2698 1984.1155 -271.5405 -178.4543 1060.0164 833.8157 -443.4686 -1615.9646 -1595.1429 -656.2883 -510.3343 -1049.4297 -2059.1316 -531.9256 -956.8887 -1281.4078 60.9196 -430.8123 -653.7111 2055.5139 826.2567 -107.7622 668.9925 -3206.4685 309.7617 609.2843 1805.8162 -131.2906 864.6260 470.1191 1022.6959 -1678.9048 855.1129 1272.2822 3347.0549 416.9482 341.5278 -3357.4612 -810.6052 -983.9905 1745.7964 761.2698 -648.2653 -1691.9114 -516.6651 -1641.8500 1801.1403 2564.6184 -72.6502 1816.1367 2008.3185 1410.0895 -1883.0518 1577.9950 1067.5074 -705.2464 -11.4174 690.4205 -2464.5437 122.6965 -281.8732 1006.4560 265.2596 862.9777 1273.2633 662.5979 -1655.1418 -1975.5591 549.6408 -2286.9255 684.7517 -2021.4674 -587.2215 277.4924 466.6767 689.1562 816.0091 -2906.9980 184.2284 -784.8218 -348.6273 -1740.1591 -639.6232 -150.2592 1314.7910 2536.9856 1949.4165 1014.8411 -1084.4844 -377.7385 1171.0786 2307.1211 59.9090 -431.2291 -237.9997 204.6373
-374.6173 -804.6019 1052.3765 2482.2793 19.9954 -1513.7288 -3252.7979 -695.5500 -2116.0881 -3009.2908 3280.7527 1924.8793 3456.3892 2794.2026 362.5025 3916.9272 755.9756 -151.5306 1443.9093 -703.3767 -2368.1687 -3780.0493 -1680.7543 2217.3247 -2350.3977 282.9059 -1296.9130 -3278.2217 2402.4573 -2572.5378 1951.6978 -1086.6387 716.8030 1304.2363 -594.0087 1541.0173 94.5047 235.0664 -727.2546 -705.3622 -1347.0740 4224.8096 6258.0903 662.2848 -3654.7732 -1944.3407 -2689.0879 -1293.2031 3527.8914 -991.1876 37.9234 4540.0820 -2108.7886 4061.9065 1877.0383 642.5698 2287.1982 -2392.7646 2882.0388 -3055.7966 -4660.3970 568.8217 1246.1637 -2830.9565 -2289.3870 -3315.8713 -1993.5505 -1708.7344 1762.8495 -1368.1349 -1518.8519 -3273.5649 2391.0249 -436.5028 -739.3355 -3801.4253 -101.1551 -485.3784 3026.1450 1251.0792 -888.5184 -563.7289 -3794.8774 -446.1389 3669.7061 1394.2173 8.4440 5442.7847 1120.6769 -906.4438 2176.7515 -3255.2468 -3497.1829 -1426.7582 3180.0017 -3864.2852 -634.8386 -462.1513 -51.3286 -1683.2064 -4291.8384 1699.8514 2103.5620 -2577.8013 4090.0554 -2626.1404 2408.4326 -443.9062 4554.1421 45.3118 -763.2603 3504.0615 691.4822 -1977.3666 3653.6387 -2621.8162 700.5513 -1134.1143 2396.1831 687.4606 -2800.0803 -928.1928 -559.0108 -3692.8752 2098.7651 -4117.5757 1262.5043 230.4629 -1415.4589 149.3235 2019.0518 1617.8345 -2194.4016 2825.4543 303.1029 3490.8157 -2413.6953 -1145.2314 6783.8965 -825.2639 1094.9705 -1013.3145 571.7398 -2194.0098 -1097.1360 360.5590 1995.7667 -394.7289 270.0934 2224.4895 1061.7181 -1596.2354 3552.3235 -4004.0276 -463.0802 -669.7862 486.5058 -1873.4897 -5022.8618 358.8130 1876.3658 -3987.5715 -2850.6821 -2388.4165 972.8687 -1826.8810 1177.8654 206.4553 -3051.7732 2022.3397 5288.4434 -731.8098 2405.8901 -1170.2474 -2527.7229 3311.0571 -170.2760 -1934.6289 2199.5356 -739.4213 782.9164 1174.7323 -3648.4990 152.5762 -468.7984 -3267.1118 -1623.5183 1657.7751 -1502.7758 7649.8052 -566.7706 4488.4302 -449.9958 -735.1205 -4920.2524 -1074.0869 1218.2810 -294.9563 -2456.4062 -452.9736 5139.0996 2738.6052 719.8356 -178.4739 -1196.8494 3743.8706 -512.3245 -336.6783 2000.1626 1573.3790 -836.8016 -3049.1890 -3010.0229 -1238.3525 -963.0330 -1980.2430 -3885.4426 -1003.7554 -1805.5623 -2417.9668 115.0524 -812.9553 -1233.4860 3878.6440 1559.0999 -203.3619 1262.3199 -6050.4214 584.5934 1149.6714 3407.4900 -247.7064 1631.5559 887.0107 1929.7367 -3167.9343 1613.5920 2400.6760 6315.6396 786.7307 644.3622 -6335.3135 -1529.5540 -1856.7538 3294.2876 1436.4497 -1223.2438 -3192.5852 -974.8599 -3098.1587 3398.7048 4839.2373 -137.1575 3426.8569 3789.6084 2660.8191 -3553.1477 2977.5144 2014.2119 -1330.8712 -21.5286 1302.8519 -4650.4985 231.3886 -531.8627 1899.0640 500.4945 1628.3643 2402.5854 1250.2222 -3123.2727 -3727.8218 1037.1674 -4315.2559 1292.0867 -3814.4778 -1108.1180 523.5916 880.6553 1300.4293 1539.8312 -5485.3125 347.7429 -1480.8922 -657.8685 -3283.5608 -1206.9093 -283.5249 2480.9365 4787.2114 3678.4751 1915.0148 -2046.4393 -712.7729 2209.7876 4353.4570 113.0463 -813.7310 -449.0247 386.1476
253.9455 545.3716 -713.3464 -1682.5542 -13.5770 1026.0411 2204.8564 471.3991 1434.3931 2039.7502 -2223.8547 -1304.7407 -2342.8435 -1894.0336 -245.7338 -2654.8630 -512.1309 102.6967 -978.7528 476.8226 1605.2616 2562.2778 1139.2941 -1502.9886 1593.1951 -191.7317 879.1326 2222.1155 -1628.4968 1743.7360 -1322.9197 736.5458 -485.8709 -884.0924 402.6282 -1044.5609 -63.9918 -159.3860 492.9693 478.2008 913.1387 -2863.7498 -4241.9751 -448.9264 2477.3806 1317.9658 1822.7585 876.6133 -2391.3396 671.8675 -25.7156 -3077.4404 1429.4729 -2753.2698 -1272.3691 -435.5323 -1550.2839 1621.8994 -1953.5562 2071.3806 3158.9800 -385.5578 -844.7186 1918.9247 1551.8276 2247.6628 1351.3223 1158.3073 -1194.9253 927.3783 1029.5419 2218.9023 -1620.7126 295.8546 501.1342 2576.7375 68.5434 329.0654 -2051.2512 -848.0492 602.2581 382.1338 2572.2964 302.4111 -2487.5168 -945.0467 -5.7114 -3689.3413 -759.6401 614.4315 -1475.4847 2206.5593 2370.5425 967.1069 -2155.5259 2619.3384 430.3285 313.2686 34.7997 1140.9456 2909.1467 -1152.2513 -1425.8527 1747.3229 -2772.3918 1780.0920 -1632.5342 300.8974 -3086.9822 -30.6808 517.3802 -2375.1875 -468.7536 1340.3234 -2476.6248 1777.1777 -474.8662 768.7352 -1624.2454 -466.0063 1898.0183 629.1827 378.8972 2503.2122 -1422.6632 2791.0020 -855.8371 -156.2407 959.4445 -101.2175 -1368.6067 -1096.6832 1487.4181 -1915.2167 -205.5027 -2366.2202 1636.0486 776.3117 -4598.3853 559.4188 -742.2716 686.8765 -387.5511 1487.2340 743.7135 -244.3897 -1352.8275 267.5695 -183.0774 -1507.8281 -719.6176 1082.0171 -2407.9331 2714.0930 313.8459 453.9941 -329.7966 1269.9331 3404.7090 -243.2101 -1271.7985 2702.9199 1932.2883 1619.0021 -659.4719 1238.3779 -798.4128 -139.9227 2068.6562 -1370.8633 -3584.7397 496.0630 -1630.7714 793.2404 1713.3243 -2244.3318 115.4041 1311.3506 -1490.9528 501.1573 -530.6925 -796.2491 2473.1108 -103.3808 317.8121 2214.5510 1100.4376 -1123.7183 1018.6484 -5185.3599 384.2348 -3042.4573 305.0382 498.2913 3335.1443 728.0331 -825.8117 199.9654 1665.0612 307.0533 -3483.5256 -1856.3824 -487.9643 120.9816 811.2557 -2537.8108 347.3174 228.2308 -1355.7954 -1066.4629 567.1896 2066.8826 2040.2662 839.4109 652.7695 1342.3101 2633.7241 680.3853 1223.8954 1639.0293 -77.9830 551.0166 836.1077 -2629.1306 -1056.7803 137.8168 -855.7043 4101.2007 -396.2809 -779.2552 -2309.7329 167.9294 -1105.9419 -601.2417 -1308.0852 2147.2749 -1093.7914 -1627.2926 -4280.9614 -533.2914 -436.7869 4294.3975 1036.8231 1258.6154 -2233.0457 -973.6703 829.1240 2164.0867 660.7721 2100.0662 -2303.8220 -3280.2495 92.9558 -2322.8215 -2568.7415 -1803.5864 2408.5120 -2018.3082 -1365.3485 902.1000 14.5632 -883.1069 3152.3196 -156.8567 360.4854 -1287.2898 -339.2775 -1103.8091 -1628.5801 -847.4814 2117.0706 2526.8674 -703.0719 2925.0486 -875.8256 2585.5925 751.0983 -354.9090 -596.8923 -881.4826 -1043.7744 3718.1799 -235.7046 1003.8055 445.9219 2225.7427 818.1235 192.2021 -1681.6458 -3244.9780 -2493.4543 -1298.0787 1387.1755 483.1347 -1497.8988 -2950.9260 -76.6533 551.5902 304.3780 -261.7521
-24.5922 -52.8901 69.2179 163.1862 1.2831 -99.4841 -213.8300 -45.7148 -139.0633 -197.8041 215.6573 126.5377 227.2025 183.6880 23.8467 257.4665 49.6519 -9.7085 94.9503 -46.2260 -155.6698 -248.4719 -110.4734 145.7351 -154.5393 18.5680 -85.2331 -215.5105 157.9091 -169.1290 128.2751 -71.4212 47.1155 85.7300 -39.0162 101.2484 6.2069 15.4473 -47.8018 -46.3311 -88.5450 277.6986 411.4350 43.5419 -240.2243 -127.8186 -176.7691 -85.0216 231.8875 -65.1649 2.4639 298.4471 -138.6555 267.0559 123.3894 42.2449 150.3607 -157.3220 189.4561 -200.8337 -306.4014 37.3950 81.9216 -186.0630 -150.4976 -217.9902 -131.0630 -112.2812 115.9239 -89.9582 -99.8502 -215.1933 157.2026 -28.7181 -48.6176 -249.8982 -6.6560 -31.9483 198.9273 82.2506 -58.3874 -37.0489 -249.4601 -29.3395 241.2092 91.6626 0.5640 357.7933 73.6694 -59.5541 143.1028 -213.9942 -229.8671 -93.7953 209.0281 -253.9532 -41.7494 -30.4104 -3.3614 -110.6436 -282.1882 111.7309 138.2522 -169.4548 268.9018 -172.6543 158.3415 -29.1887 299.3527 3.0173 -50.1708 230.3271 45.4639 -130.0077 240.1817 -172.3429 46.0097 -74.5676 157.5391 45.1744 -184.0768 -61.0494 -36.7666 -242.7359 137.9514 -270.6564 82.9972 15.1627 -93.0431 9.8111 132.7298 106.3219 -144.2819 185.7609 19.8939 229.4340 -158.6919 -75.3277 445.9782 -54.2375 71.9281 -66.5872 37.5969 -144.2320 -72.0863 23.6720 131.2105 -25.9952 17.7590 146.2232 69.8001 -104.9217 233.4928 -263.2206 -30.4500 -44.0453 31.9588 -123.1441 -330.1722 23.5704 123.3569 -262.1626 -187.4209 -156.9649 63.9331 -120.0912 77.4357 13.5728 -200.6364 132.9469 347.6607 -48.0674 158.1852 -76.9227 -166.1473 217.6477 -11.2034 -127.1748 144.5703 -48.6300 51.4715 77.2113 -239.8019 10.0245 -30.7879 -214.7863 -106.7329 108.9950 -98.7988 502.9138 -37.2805 295.0582 -29.5832 -48.3166 -323.4208 -70.6162 80.0992 -19.3481 -161.4787 -29.7344 337.8347 180.0342 47.2842 -11.7411 -78.6990 246.1059 -33.6705 -22.1168 131.4775 103.4298 -54.9946 -200.3924 -197.8455 -81.4034 -63.2848 -130.1994 -255.3637 -66.0254 -118.7148 -158.9682 7.5707 -53.5165 -81.0894 254.9410 102.4795 -13.3543 83.0084 -397.7215 38.4409 75.5786 223.9858 -16.2805 107.2509 58.3121 126.8721 -208.2532 106.0597 157.8101 415.1524 51.7245 42.3792 -416.4972 -100.5214 -122.0457 216.5319 94.4649 -80.4324 -209.8702 -64.1143 -203.6229 223.4627 318.1084 -9.0407 225.2957 249.0941 174.9217 -233.5739 195.7547 132.4286 -87.5131 -1.4052 85.6565 -305.7413 15.2116 -34.9514 124.8158 32.8695 107.0549 157.9050 82.1875 -205.3570 -245.0739 68.1852 -283.6624 84.9542 -250.7545 -72.8360 34.4501 57.8584 85.5246 101.2106 -360.6293 22.8837 -97.3452 -43.2681 -215.8438 -79.3211 -18.6401 163.0959 314.7203 241.7896 125.8548 -134.5236 -46.8386 145.2593 286.2007 7.3483 -53.5324 -29.5012 25.3995
41.2436 88.6715 -116.0227 -273.5729 -2.1807 166.8186 358.4729 76.6188 233.2141 331.6370 -361.5793 -212.2032 -380.9938 -308.0100 -39.9527 -431.6959 -83.3467 16.6945 -158.8669 77.5045 261.0455 416.6103 185.2376 -244.3570 259.0536 -31.1906 142.9632 361.3558 -264.8084 283.5276 -215.1356 119.7490 -78.9788 -143.7039 65.4727 -169.8548 -10.3916 -25.9236 80.1787 77.7171 148.4898 -465.5897 -689.7501 -72.9779 402.8212 214.3102 296.3635 142.4940 -388.8133 109.2567 -4.2532 -500.3631 232.4318 -447.6467 -206.8687 -70.8223 -252.0683 263.7267 -317.6679 336.8369 513.7104 -62.6923 -137.3198 312.0650 252.3405 365.4696 219.7331 188.3350 -194.2786 150.8415 167.3761 360.7939 -263.5380 48.1654 81.5330 418.9548 11.1687 53.4972 -333.5457 -137.8916 97.9598 62.0779 418.2427 49.2205 -404.4706 -153.6474 -0.9109 -599.8403 -123.5298 99.9087 -239.9060 358.8247 385.4668 157.2662 -350.4879 425.9150 69.9734 50.9823 5.6641 185.4974 473.0391 -187.3003 -231.8609 284.1068 -450.7883 289.4612 -265.4450 48.9104 -501.9184 -4.9834 84.1580 -386.2205 -76.2626 217.9226 -402.7059 288.9532 -77.1890 124.9756 -264.0830 -75.7818 308.5944 102.3264 61.6209 407.0114 -231.3383 453.7941 -139.1550 -25.4103 156.0015 -16.4551 -222.5609 -178.2944 241.8472 -311.4409 -33.3653 -384.7045 266.0280 126.2343 -747.6951 90.9471 -120.6511 111.6650 -62.9691 241.8766 120.9157 -39.7503 -219.9807 43.5051 -29.7859 -245.2063 -116.9955 175.9436 -391.5403 441.3002 51.0387 73.8519 -53.6033 206.5272 553.5621 -39.5400 -206.8127 439.5045 314.1750 263.2584 -107.2581 201.3250 -129.7836 -22.7384 336.3331 -222.9314 -582.8830 80.6594 -265.1708 128.9805 278.6053 -364.8792 18.7952 213.2671 -242.3965 81.4613 -86.2984 -129.4290 402.1474 -16.8203 51.6668 360.0825 178.9164 -182.7170 165.6090 -843.1429 62.4594 -494.6807 49.6454 81.0504 542.2895 118.3799 -134.2961 32.4817 270.7595 49.9083 -566.4210 -301.8752 -79.3307 19.6957 131.9563 -412.6287 56.4543 37.0580 -220.4499 -173.3841 92.2568 336.0709 331.7503 136.4449 106.1444 218.3194 428.2061 110.6191 199.0091 266.4895 -12.7062 89.5956 135.9505 -427.5195 -171.8360 22.4410 -139.1445 666.8742 -64.4279 -126.7387 -375.5023 27.3308 -179.8393 -97.7450 -212.6709 349.1565 -177.8403 -264.6477 -696.0793 -86.7119 -71.0257 698.2263 168.5584 204.6200 -363.0677 -158.3492 134.8009 351.8499 107.3924 341.4720 -374.6093 -533.3759 15.1228 -377.7677 -417.6626 -293.2496 391.6650 -328.1860 -222.0505 146.6165 2.3576 -143.5676 512.5726 -25.5228 58.6262 -209.3375 -55.1388 -179.4286 -264.7961 -137.8295 344.2425 410.8907 -114.2826 475.6018 -142.4266 420.4637 122.1593 -57.7328 -97.0226 -143.3645 -169.7001 604.6142 -38.3283 163.2083 72.5748 361.8951 133.0261 31.2565 -273.4248 -527.6265 -405.4264 -211.0263 225.5542 78.5950 -243.5420 -479.7853 -12.4259 89.7114 49.4266 -42.5130
133.9731 287.7467 -376.3029 -887.5909 -7.1361 541.2819 1163.1313 248.6912 756.6586 1076.0522 -1173.1487 -688.2852 -1235.9082 -999.1458 -129.6742 -1400.4924 -270.3141 54.1558 -516.3225 251.8510 846.8505 1351.6840 601.0140 -792.8864 840.4052 -101.1236 463.7345 1172.2067 -859.1066 919.8524 -697.8969 388.6154 -256.2750 -466.3609 212.3790 -550.9837 -33.7831 -84.0495 260.0623 252.2592 481.6893 -1510.7058 -2237.7603 -236.8046 1306.8711 695.2596 961.5705 462.4529 -1261.5057 354.4474 -13.5635 -1623.4060 754.0679 -1452.4615 -671.1705 -229.7554 -817.8109 855.6126 -1030.5819 1092.6835 1666.4299 -203.4066 -445.6441 1012.2621 818.6044 1185.6973 712.8561 611.0256 -630.4009 489.1958 543.1323 1170.5105 -854.9633 156.0722 264.3600 1359.3418 36.1340 173.5825 -1082.0231 -447.3293 317.7068 201.6282 1357.0022 159.5026 -1312.2386 -498.5194 -3.0001 -1946.2140 -400.7637 324.1455 -778.3649 1164.0164 1250.5083 510.1927 -1137.0992 1381.7571 227.0337 165.2956 18.3731 601.8586 1534.6475 -607.8223 -752.2022 921.7576 -1462.5397 939.0268 -861.2016 158.7446 -1628.4535 -16.1757 272.9010 -1252.9738 -247.3150 707.0474 -1306.4233 937.5172 -250.5060 405.5298 -856.7992 -245.8476 1001.2811 331.8997 199.8500 1320.4622 -750.4868 1472.3385 -451.4773 -82.4033 506.1050 -53.3695 -721.9600 -578.4962 784.6508 -1010.3099 -108.4124 -1248.2308 863.1041 409.5461 -2425.7168 295.0767 -391.5383 362.3218 -204.4488 784.5731 392.3256 -128.9123 -713.6483 141.1481 -96.5400 -795.4147 -379.6413 570.7484 -1270.2115 1431.7701 165.5654 239.4661 -173.9610 669.8768 1796.0387 -128.3160 -670.9802 1425.8959 1019.3571 854.0433 -347.8198 653.2454 -421.1783 -73.8111 1091.2864 -723.1827 -1891.0302 261.7056 -860.3206 418.4757 903.8596 -1183.9617 60.8885 691.7562 -786.4916 264.3706 -279.9246 -420.0842 1304.6111 -54.5234 167.6531 1168.2368 580.5323 -592.8047 537.3609 -2735.4021 202.7103 -1604.9731 160.8799 262.8393 1759.3679 384.0921 -435.5934 105.4542 878.3613 162.0276 -1837.6630 -979.2193 -257.3612 63.8045 427.9348 -1338.7720 183.2385 120.4097 -715.2100 -562.5817 299.2196 1090.3359 1076.2660 442.8648 344.3339 708.0706 1389.3616 358.9268 645.6432 864.6280 -41.1304 290.6999 441.0691 -1386.9406 -557.5112 72.6663 -451.3997 2163.4822 -209.0643 -411.0742 -1218.4309 88.5844 -583.4436 -317.2034 -690.0545 1132.8436 -576.9656 -858.4225 -2258.3210 -281.3315 -230.4138 2265.3770 546.9489 663.9271 -1178.0056 -513.6216 437.4333 1141.6174 348.6046 1107.8087 -1215.2463 -1730.4067 49.0531 -1225.3647 -1355.0629 -951.4481 1270.5538 -1064.6884 -720.2179 475.9174 7.7147 -465.9087 1662.8861 -82.7284 190.1666 -679.0405 -178.9873 -582.2715 -859.1229 -447.0707 1116.7886 1333.0068 -370.8773 1543.0659 -462.0008 1363.9341 396.2281 -187.2172 -314.8849 -465.0200 -550.6235 1961.4432 -124.3494 529.5540 235.1675 1174.0940 431.5934 101.3872 -887.1412 -1711.8706 -1315.3187 -684.7765 731.7713 254.8307 -790.1788 -1556.6711 -40.4428 291.0081 160.5791 -138.0537
31.7610 68.2228 -89.2634 -210.4940 -1.6846 128.3466 275.8106 58.9827 179.3948 255.1130 -278.1997 -163.2021 -293.0692 -236.9081 -30.7173 -332.0417 -64.0646 12.8163 -122.4246 59.6206 201.0797 320.4880 142.5264 -188.0033 199.2960 -23.9434 109.9480 277.9389 -203.6860 218.1501 -165.4809 92.1176 -60.8174 -110.5685 50.3514 -130.7174 -8.0802 -19.9372 61.6487 59.7918 114.1921 -358.1947 -530.6231 -56.1629 309.8865 164.8749 227.9562 109.6113 -299.1360 84.0460 -3.1872 -384.9429 178.8090 -344.4481 -159.1577 -54.4677 -193.9649 202.8735 -244.3277 259.0994 395.1721 -48.2587 -105.6711 240.0500 194.1098 281.1175 169.0594 144.9014 -149.4582 115.9984 128.8193 277.5789 -202.7306 37.0318 62.6592 322.3359 8.6023 41.1365 -256.5935 -106.0520 75.3216 47.7930 321.7543 37.8435 -311.1534 -118.2162 -0.7375 -461.5023 -95.0094 76.8985 -184.5642 275.9994 296.5371 120.9683 -269.6264 327.6422 53.8645 39.2101 4.2971 142.7017 363.9067 -144.0550 -178.3658 218.5306 -346.7747 222.6570 -204.2123 37.6512 -386.1367 -3.8130 64.6805 -297.1095 -58.6206 167.6320 -309.7920 222.2648 -59.3898 96.1977 -203.1449 -58.2728 237.4272 78.7066 47.3827 313.1155 -177.9830 349.1422 -107.0368 -19.5515 120.0347 -12.6548 -171.1948 -137.1741 186.0897 -239.6138 -25.6662 -295.9722 204.6346 97.0978 -575.1858 69.9894 -92.8686 85.9184 -48.4843 186.0687 93.0245 -30.5684 -169.2048 33.4557 -22.8853 -188.6323 -90.0237 135.3021 -301.2043 339.4877 39.2331 56.8328 -41.2268 158.8170 425.8566 -30.3933 -159.0722 338.1217 241.6744 202.5081 -82.4533 154.8886 -99.8765 -17.4980 258.7317 -171.4726 -448.4212 62.0478 -203.9761 99.2178 214.3289 -280.7518 14.4507 164.0630 -186.4496 62.6564 -66.3589 -99.6144 309.3521 -12.9534 39.7630 277.0179 137.6802 -140.5195 127.4390 -648.6163 48.0465 -380.5543 38.1637 62.3185 417.1605 91.0601 -103.3033 25.0264 208.2896 38.4074 -435.7300 -232.1601 -61.0265 15.1261 101.4982 -317.4868 43.4605 28.5337 -169.5874 -133.3611 70.9510 258.5306 255.2245 104.9965 81.6302 167.8638 329.4290 85.1098 153.0752 205.0275 -9.7447 68.8964 104.5803 -328.8580 -132.2022 17.2344 -107.0155 513.0016 -49.5360 -97.4920 -288.8688 21.0333 -138.3094 -75.1935 -163.6456 268.6399 -136.8566 -203.5787 -535.5350 -66.7082 -54.6515 537.1237 129.7305 157.4735 -279.3176 -121.8125 103.7163 270.6358 82.6606 262.6901 -288.1748 -410.2945 11.6101 -290.5406 -321.3169 -225.5833 301.2609 -252.4430 -170.7774 112.7890 1.8531 -110.4233 394.2718 -19.6279 45.1211 -161.0509 -42.4334 -138.0591 -203.7118 -105.9737 264.8488 316.0704 -87.9254 365.8830 -109.5793 323.4090 93.9672 -44.3799 -74.6659 -110.2760 -130.5992 465.0871 -29.4703 125.5445 55.7921 278.4159 102.3409 24.0175 -210.3898 -405.8768 -311.8915 -162.3489 173.5251 60.4511 -187.3617 -369.1346 -9.5706 69.0110 38.1114 -32.7605
-241.1823 -518.0421 677.6071 1598.2369 12.9308 -974.5952 -2094.3931 -447.8228 -1362.4799 -1937.5259 2112.3455 1239.3315 2225.4268 1799.0538 233.4345 2521.7908 486.7499 -97.6003 929.6733 -452.8541 -1524.7842 -2433.5254 -1082.1793 1427.6648 -1513.3160 182.1578 -835.0717 -2110.7275 1546.8716 -1656.3960 1256.6091 -699.5932 461.5123 839.7709 -382.4232 992.2381 60.8866 151.3423 -468.2584 -454.1322 -867.3123 2720.2114 4029.3171 426.4550 -2353.1814 -1251.8689 -1731.3710 -832.6699 2271.4912 -638.1796 24.3843 2923.1736 -1357.7594 2615.2952 1208.5499 413.6915 1472.6060 -1540.6045 1855.6594 -1967.5498 -3000.6450 366.2286 802.3929 -1822.7589 -1474.0146 -2135.0054 -1283.5778 -1100.1326 1135.0271 -880.9103 -977.9331 -2107.7488 1539.5009 -281.0532 -476.0773 -2447.5974 -65.1717 -312.5067 1948.4185 805.5143 -572.0652 -362.9773 -2443.4055 -287.2385 2362.8140 897.6830 5.4565 3504.4504 721.6022 -583.6354 1401.5275 -2095.9761 -2251.7131 -918.6873 2047.5011 -2488.0884 -408.7597 -297.5651 -33.0544 -1083.7522 -2763.3923 1094.5565 1354.3990 -1659.7969 2633.4485 -1690.8781 1550.6632 -285.8281 2932.2439 29.1780 -491.4209 2256.1384 445.2560 -1273.1847 2352.4602 -1688.1040 451.0518 -730.2172 1542.8198 442.6726 -1802.8735 -597.6473 -359.9347 -2377.6814 1351.3282 -2651.1914 812.8837 148.3854 -911.3751 96.1546 1299.9792 1041.6722 -1412.9255 1819.2217 195.1681 2247.6426 -1554.1071 -737.3950 4367.8936 -531.4096 704.9874 -652.4330 368.1260 -1412.6606 -706.3876 232.1332 1284.9969 -254.2079 173.8647 1432.2592 683.5546 -1027.7733 2287.2019 -2578.0632 -298.1794 -431.2792 313.2421 -1206.2458 -3233.9951 231.0186 1208.0914 -2567.4766 -1835.4742 -1537.8059 626.3926 -1176.2952 758.4136 132.9310 -1964.9010 1302.0968 3405.0552 -471.1798 1549.0513 -753.4829 -1627.4921 2131.8523 -109.6192 -1245.6222 1416.2018 -476.0660 504.0839 756.4184 -2349.1130 98.2277 -301.8080 -2103.6074 -1045.3043 1067.3792 -967.6074 4925.4819 -364.9489 2889.9727 -289.7646 -473.3349 -3167.9612 -691.5516 784.3660 -189.9155 -1581.5912 -291.6674 3308.8850 1763.2836 463.5012 -114.8745 -770.5948 2410.5291 -329.9077 -216.7740 1287.8558 1013.0689 -538.7904 -1963.2924 -1938.0178 -797.3543 -620.0649 -1274.9653 -2501.7278 -646.2913 -1162.5494 -1556.8414 74.0291 -523.4610 -794.2020 2497.2954 1003.8180 -130.9004 812.8102 -3895.6453 376.3812 740.2217 2193.9751 -159.5060 1050.4802 571.1292 1242.5311 -2039.7190 1038.9456 1545.7483 4066.4365 506.5178 414.8736 -4079.1516 -984.8351 -1195.4657 2121.0811 924.8685 -787.5513 -2055.5767 -627.6606 -1994.7618 2188.2983 3115.8145 -88.3392 2206.4102 2440.0061 1713.1632 -2287.7896 1917.1416 1296.9148 -856.9088 -13.8877 838.8439 -2994.2874 148.9708 -342.4473 1222.7118 322.2674 1048.4335 1547.0261 805.0080 -2010.9683 -2400.2388 667.8210 -2778.4648 831.9254 -2456.0308 -713.4130 337.1325 567.0216 837.3066 991.4771 -3531.7776 223.9072 -953.4717 -423.5635 -2114.1902 -777.0870 -182.5099 1597.4061 3082.3167 2368.4280 1232.9637 -1317.5793 -458.9168 1422.8783 2803.0522 72.7554 -523.8909 -289.1637 248.6031
-396.7962 -852.1347 1114.6278 2629.0120 21.1589 -1603.1625 -3445.1174 -736.6378 -2241.1780 -3187.0625 3474.6592 2038.6299 3660.6858 2959.4297 383.9206 4148.0479 800.6189 -160.5010 1529.1942 -744.9792 -2508.1165 -4003.4592 -1779.7817 2348.4058 -2489.2900 299.5856 -1373.5336 -3471.9695 2544.4795 -2724.5767 2067.0217 -1150.8158 759.1760 1381.3081 -629.0322 1632.0367 100.0705 248.9966 -770.2581 -747.0623 -1426.6569 4474.5718 6628.0210 701.3849 -3870.7766 -2059.2737 -2847.9966 -1369.6947 3736.4011 -1049.7775 40.1282 4808.4609 -2233.4885 4302.0117 1988.0098 680.5762 2422.4053 -2534.1987 3052.4417 -3236.4055 -4935.8877 602.4809 1319.8857 -2998.2231 -2424.6997 -3511.9353 -2111.4231 -1809.7771 1867.1077 -1449.0562 -1608.6742 -3467.0466 2532.3567 -462.2920 -783.0681 -4026.1082 -107.0800 -514.0779 3204.9382 1325.0430 -941.0396 -597.0754 -4019.2327 -472.5175 3886.6514 1476.5914 8.9332 5764.5015 1186.9263 -960.0522 2305.4241 -3447.7207 -3703.8850 -1511.0929 3367.9490 -4092.6697 -672.3578 -489.5154 -54.3551 -1782.6893 -4545.5107 1800.3715 2227.9541 -2730.1577 4331.8569 -2781.3423 2550.8306 -470.1840 4823.3228 47.9462 -808.4023 3711.2012 732.3493 -2094.2329 3869.6580 -2776.7671 741.9698 -1201.1892 2537.8176 728.1285 -2965.6487 -983.0845 -592.0453 -3911.1504 2222.8491 -4360.9663 1337.1514 244.1680 -1499.1409 158.1511 2138.3579 1713.4481 -2324.0544 2992.4141 321.0301 3697.1697 -2556.3547 -1212.9182 7184.8989 -874.0206 1159.6937 -1073.1587 605.5164 -2323.6865 -1162.0349 381.8264 2113.7756 -418.0558 286.0439 2355.9426 1124.4095 -1690.6387 3762.2844 -4240.6675 -490.4001 -709.3676 515.2430 -1984.2139 -5319.7319 380.0462 1987.1970 -4223.3135 -3019.1860 -2529.6404 1030.3567 -1934.8890 1247.5103 218.6111 -3232.1853 2141.9077 5601.0762 -775.0716 2548.0562 -1239.4515 -2677.1365 3506.7178 -180.3463 -2048.9802 2329.5354 -783.0593 829.2191 1244.2111 -3864.1331 161.6107 -496.5183 -3460.2363 -1719.4272 1755.8003 -1591.5825 8101.9775 -600.3254 4753.7710 -476.6131 -778.5279 -5211.0884 -1137.5496 1290.3070 -312.3794 -2601.5815 -479.7974 5442.9287 2900.4631 762.4224 -189.0325 -1267.5566 3965.1995 -542.6152 -356.6654 2118.3962 1666.3105 -886.2413 -3229.4316 -3187.9141 -1311.4769 -1019.9446 -2097.2578 -4115.1294 -1063.0503 -1912.3439 -2560.8545 121.8394 -861.0212 -1306.4141 4107.8936 1651.2610 -215.3928 1336.9409 -6407.9902 619.1550 1217.5970 3608.9333 -262.3535 1728.0472 939.5263 2043.8262 -3355.2380 1708.9677 2542.5957 6688.9526 833.2389 682.4690 -6709.8125 -1620.0051 -1966.5103 3488.9971 1521.3699 -1295.4471 -3381.2744 -1032.5087 -3281.2898 3599.6069 5125.3154 -145.3060 3629.4675 4013.6165 2818.1018 -3763.2175 3153.5615 2133.2966 -1409.5934 -22.8595 1379.8522 -4925.3530 245.1051 -563.2867 2011.3497 530.1060 1724.6411 2544.6545 1324.1372 -3307.9414 -3948.1702 1098.4658 -4570.2920 1368.4377 -4039.9556 -1173.5344 554.5239 932.6602 1377.2830 1630.8505 -5809.5952 368.2899 -1568.4275 -696.7201 -3477.6504 -1278.2646 -300.2599 2627.5540 5070.2017 3895.9360 2028.1948 -2167.3967 -754.8847 2340.4009 4610.7622 119.7716 -861.8752 -475.5777 408.9623
-192.1194 -412.6173 539.7130 1272.9409 10.2314 -776.2661 -1668.1178 -356.7215 -1085.1636 -1543.1619 1682.3862 987.1039 1772.4777 1432.9413 185.9114 2008.4475 387.6762 -77.6956 740.4733 -360.6759 -1214.4032 -1938.4399 -861.9448 1137.3505 -1205.3105 145.0868 -665.0946 -1681.1047 1232.0742 -1319.2515 1000.8076 -557.2295 367.5656 668.8010 -304.5640 790.2878 48.5271 120.5692 -372.9381 -361.7471 -690.7766 2166.4873 3209.2317 339.6257 -1874.2391 -997.0700 -1378.9932 -663.1663 1809.2059 -508.3006 19.4119 2328.2280 -1081.4613 2082.9944 962.5920 329.5290 1172.9298 -1227.0750 1477.9960 -1567.0289 -2389.9016 291.7448 639.0638 -1451.7347 -1173.9863 -1700.4429 -1022.3317 -876.2927 904.0307 -701.5890 -778.9168 -1678.7183 1226.1815 -223.8492 -379.0769 -1949.4703 -51.8862 -248.9170 1551.8329 641.5465 -455.6822 -289.1182 -1946.0536 -228.7465 1881.9258 715.0420 4.3412 2791.1902 574.7513 -464.8524 1116.2799 -1669.3368 -1793.4500 -731.6655 1630.7721 -1981.6205 -325.5558 -237.0270 -26.3284 -863.1658 -2200.9175 871.6916 1078.8085 -1321.9117 2097.3760 -1346.7355 1235.0597 -227.6528 2335.3882 23.2216 -391.3726 1796.9501 354.5889 -1014.0181 1873.6382 -1344.5347 359.2306 -581.5712 1228.7799 352.5323 -1435.9370 -475.9508 -286.6977 -1893.7424 1076.3187 -2111.5298 647.4075 118.1985 -725.8728 76.6064 1035.3555 829.6446 -1125.2754 1448.9532 155.4299 1790.1285 -1237.7584 -587.2924 3478.8660 -423.1647 561.5476 -519.6630 293.2339 -1125.1622 -562.5889 184.8592 1023.4552 -202.4805 138.4818 1140.7313 544.4208 -818.5468 1821.6865 -2053.3140 -237.4641 -343.4899 249.4601 -960.7329 -2575.8013 183.9844 962.1791 -2044.9543 -1461.8524 -1224.8192 498.8973 -936.8480 604.0105 105.8857 -1565.0081 1037.0922 2711.9836 -375.2840 1233.7688 -600.0941 -1296.3147 1697.9275 -87.3266 -992.0742 1127.9226 -379.1643 401.5282 602.4450 -1871.0150 78.2679 -240.3909 -1675.4054 -832.5555 850.1732 -770.6398 3922.9556 -290.7036 2301.7407 -230.7786 -377.0154 -2523.1912 -550.7615 624.7982 -151.2402 -1259.6873 -232.3094 2635.4045 1404.3943 369.1262 -91.5535 -613.7422 1919.8955 -262.7836 -172.6676 1025.6715 806.7959 -429.1337 -1563.6503 -1543.5586 -635.0779 -493.8516 -1015.4437 -1992.4906 -514.7260 -925.9341 -1239.9628 58.9984 -416.8918 -632.5754 1988.9956 799.5347 -104.2594 647.3428 -3102.7180 299.8364 589.5533 1747.4220 -127.0499 836.6609 454.8622 989.6537 -1624.5969 827.4849 1231.0912 3238.7476 403.4850 330.4694 -3248.9106 -784.4158 -952.1841 1689.3417 736.6155 -627.2641 -1637.1437 -499.9090 -1588.7449 1742.8846 2481.6194 -70.3674 1757.3732 1943.3339 1364.5361 -1822.0984 1526.8838 1032.9265 -682.4648 -11.0717 668.1069 -2384.7686 118.6169 -272.7411 973.9006 256.6468 835.0538 1232.1366 641.1655 -1601.6808 -1911.6644 531.8879 -2212.9333 662.5826 -1956.1080 -568.2479 268.5031 451.5879 666.8668 789.6454 -2812.9495 178.3366 -759.4499 -337.3698 -1683.9019 -618.9225 -145.3600 1272.2566 2454.9226 1886.3582 982.0518 -1049.3907 -365.5483 1133.2378 2232.4976 57.9134 -417.3193 -230.3098 198.0113
335.4418 720.5069 -942.4337 -2222.8445 -17.9126 1355.5183 2912.8416 622.7957 1894.8917 2694.7549 -2937.8469 -1723.6859 -3095.1375 -2502.1897 -324.6401 -3507.3181 -676.9390 135.6724 -1292.9956 629.8298 2120.6414 3384.9900 1505.0743 -1985.6145 2105.0305 -253.3353 1161.4192 2935.6003 -2151.3752 2303.6746 -1747.6970 972.9968 -641.8480 -1167.8982 531.8908 -1379.9847 -84.6411 -210.4913 651.2800 631.6906 1206.2740 -3783.1990 -5604.0615 -593.0867 3272.7737 1741.2233 2407.9951 1158.0526 -3159.1812 887.6204 -33.9873 -4065.5715 1888.4401 -3637.3701 -1680.8274 -575.3812 -2048.1631 2142.7073 -2580.8435 2736.4900 4173.2983 -509.3992 -1115.9092 2535.0793 2050.1191 2969.3533 1785.2266 1530.1162 -1578.6156 1225.1692 1360.1470 2931.4316 -2141.1160 390.9120 662.0610 3404.0747 90.6046 434.6690 -2709.8528 -1120.2878 795.6506 504.8152 3398.2354 399.5251 -3286.2236 -1248.4343 -7.5587 -4873.9341 -1003.5739 811.7736 -1949.2373 2915.0671 3131.6772 1277.6584 -2847.6340 3460.4146 568.4595 413.9216 45.9520 1507.3246 3843.2708 -1522.1567 -1883.7135 2308.3474 -3662.5442 2351.6912 -2156.7258 397.5000 -4078.1895 -40.5196 683.5081 -3137.8188 -619.2630 1770.6545 -3271.8176 2347.7656 -627.3068 1015.6281 -2145.7178 -615.6240 2507.4749 831.1735 500.5758 3306.9312 -1879.4983 3687.2334 -1130.5826 -206.4382 1267.5735 -133.7357 -1808.0018 -1448.7152 1965.0708 -2530.1223 -271.4724 -3125.9678 2161.4050 1025.5470 -6074.8467 738.9976 -980.5362 907.3778 -511.9701 1964.7831 982.4487 -322.8502 -1787.1998 353.4824 -241.8517 -1991.9578 -950.7400 1429.3848 -3181.0569 3585.5728 414.6729 599.7614 -435.6548 1677.6282 4497.8599 -321.3189 -1680.2123 3570.8325 2552.6792 2138.8457 -871.1526 1636.0521 -1054.7111 -184.8488 2732.8069 -1811.0339 -4735.7192 655.2969 -2154.3999 1047.9352 2263.5088 -2964.9656 152.4779 1732.4712 -1969.6431 662.0992 -701.0931 -1051.9639 3267.1858 -136.6061 419.8245 2925.6450 1453.7986 -1484.4604 1345.6693 -6850.2837 507.5448 -4019.3696 403.0046 658.3077 4406.0776 961.7805 -1090.9429 264.1196 2199.7188 405.7058 -4602.0083 -2452.3962 -644.6364 159.8041 1071.7100 -3352.6648 458.8280 301.5134 -1791.1929 -1408.9148 749.3807 2730.5288 2695.4329 1108.9207 862.3414 1773.2642 3479.3357 898.8531 1616.8900 2165.2708 -103.0149 728.0068 1104.5663 -3473.2844 -1396.1427 182.0844 -1130.3558 5418.0234 -523.4678 -1029.4833 -3051.3616 221.8438 -1461.0071 -794.3724 -1728.0923 2836.8838 -1444.9048 -2149.8225 -5655.5830 -704.5128 -577.0598 5673.2114 1369.7504 1662.6952 -2949.9683 -1286.3378 1095.3542 2858.9272 872.9777 2774.3420 -3043.4583 -4333.4507 122.8089 -3068.7087 -3393.5251 -2382.6895 3181.7957 -2666.3799 -1803.7468 1191.7484 19.3299 -1166.6475 4164.4390 -207.1959 476.2535 -1700.5958 -448.2220 -1458.1351 -2151.4646 -1119.5547 2796.8464 3338.2266 -928.7164 3864.2625 -1157.0144 3415.7874 992.2809 -468.8888 -788.5811 -1164.5096 -1378.9020 4912.0532 -311.3929 1326.1285 589.0775 2940.3521 1080.7817 253.8569 -2221.6372 -4286.9077 -3294.0515 -1714.8595 1832.5376 638.2676 -1978.8464 -3898.4546 -101.2553 728.6702 402.1296 -345.7730
-7.7914 -16.6804 21.8346 51.5007 0.4265 -31.3708 -67.4565 -14.4434 -43.9098 -62.4307 68.0777 39.9282 71.6820 57.9427 7.5269 81.2245 15.6860 -3.0952 29.9183 -14.5744 -49.1073 -78.4099 -34.8595 45.9949 -48.7334 6.1510 -26.9123 -68.0051 49.8604 -53.3348 40.4891 -22.5473 14.8571 27.0375 -12.3012 31.9853 1.9510 4.8785 -15.1179 -14.6385 -27.9600 87.6174 129.7627 13.7399 -75.8081 -40.3416 -55.7424 -26.8266 73.2139 -20.5423 0.8105 94.1649 -43.7537 84.2271 38.9224 13.3251 47.4340 -49.6433 59.7864 -63.3837 -96.5979 11.7621 25.8509 -58.7148 -47.4693 -68.7329 -41.3144 -35.4338 36.5471 -28.3572 -31.5121 -67.8164 49.5459 -9.0525 -15.3212 -78.8010 -2.0965 -10.0767 62.7540 25.9706 -18.4063 -11.7059 -78.6891 -9.2586 76.1093 28.9177 0.1642 112.8884 23.2117 -18.8490 45.1450 -67.5318 -72.5193 -29.6099 65.9426 -80.1332 -13.1928 -9.6054 -1.0859 -34.9265 -89.0401 35.2815 43.6205 -53.4445 84.8213 -54.4651 49.9356 -9.2216 94.4615 0.9135 -15.8526 72.6725 14.3549 -40.9962 75.7966 -54.3930 14.5566 -23.4927 49.6637 14.2492 -58.1027 -19.2790 -11.5684 -76.5160 43.5815 -85.4102 26.2599 4.7378 -29.3693 3.0931 41.9071 33.5840 -45.5150 58.5777 6.3419 72.3821 -50.0572 -23.7775 140.6824 -17.1276 22.7177 -21.0563 11.8708 -45.5081 -22.7616 7.5019 41.3712 -8.2017 5.5575 46.1431 22.0083 -33.1279 73.6689 -83.0364 -9.5881 -13.8753 10.1188 -38.8528 -104.1724 7.4509 38.8879 -82.6810 -59.0781 -49.5264 20.1442 -37.9133 24.4174 4.2532 -63.2817 41.9391 109.6424 -15.1941 49.9302 -24.2880 -52.4088 68.6880 -3.5354 -40.1424 45.6435 -15.3586 16.2668 24.3598 -75.6726 3.1798 -9.7282 -67.7389 -33.6546 34.3570 -31.1546 158.6171 -11.7962 93.1219 -9.3140 -15.2281 -102.0666 -22.2849 25.2953 -6.1245 -50.8848 -9.3985 106.5991 56.8412 14.9239 -3.7104 -24.8402 77.6710 -10.6560 -6.9768 41.5109 32.6082 -17.3335 -63.2888 -62.4187 -25.7190 -19.9654 -41.0224 -80.5949 -20.8086 -37.4058 -50.1612 2.3824 -16.8129 -25.6146 80.4376 32.3362 -4.2069 26.1914 -125.4958 12.1016 23.8372 70.6791 -5.1250 33.8199 18.4013 40.0347 -65.7009 33.4278 49.8059 130.9618 16.2966 13.3615 -131.4482 -31.6942 -38.5530 68.3160 29.7922 -25.3918 -66.2027 -20.2100 -64.2489 70.4793 100.3534 -2.8516 71.0560 78.5842 55.1742 -73.7020 61.7344 41.8023 -27.6024 -0.4006 27.0360 -96.4380 4.7756 -11.0095 39.3662 10.4067 33.7722 49.8448 25.9198 -64.7674 -77.3124 21.4972 -89.4965 26.7804 -79.1023 -22.9980 10.8545 18.2200 26.9594 31.8907 -113.7802 7.1845 -30.7111 -13.6185 -68.0925 -25.0700 -5.9073 51.4606 99.2892 76.2896 39.7321 -42.4243 -14.7887 45.8445 90.2977 2.3510 -16.8890 -9.3374 8.0080
-53.3228 -114.5758 149.8246 353.3644 2.8732 -215.4941 -463.0670 -99.0139 -301.2619 -428.4188 467.0891 274.0560 492.0664 397.8162 51.6435 557.5758 107.6782 -21.5539 205.5365 -100.1771 -337.1717 -538.1393 -239.2663 315.6683 -334.5946 40.2537 -184.3867 -466.6669 342.0696 -366.2335 277.8726 -154.6980 102.0576 185.6900 -84.5605 219.3678 13.4429 33.4805 -103.5286 -100.4566 -191.8149 601.4398 890.8932 94.2799 -520.2812 -276.7775 -382.8300 -184.0799 502.2490 -141.0744 5.4259 646.4000 -300.2260 578.2468 267.2682 91.4874 325.5986 -340.5937 410.3052 -435.0464 -663.4982 80.9682 177.4283 -403.0263 -325.9394 -472.0290 -283.7469 -243.2894 250.9623 -194.7408 -216.1888 -466.0279 340.3893 -62.1252 -105.2667 -541.1292 -14.3798 -69.0812 430.8716 178.0918 -126.4987 -80.2531 -540.2782 -63.5408 522.4184 198.4548 1.1964 774.8586 159.5754 -128.9991 309.8667 -463.4411 -497.8590 -203.0853 452.7238 -550.1266 -90.3656 -65.8076 -7.3261 -239.5972 -611.0042 241.9887 299.4607 -366.9509 582.2353 -373.8663 342.8488 -63.1950 648.3607 6.4386 -108.6683 498.8596 98.4239 -281.4636 520.1432 -373.2519 99.7588 -161.4104 341.1514 97.8689 -398.6367 -132.1805 -79.6226 -525.7492 298.7930 -586.1817 179.7127 32.8322 -201.5298 21.2166 287.4754 230.3779 -312.4248 402.2284 43.1875 496.9756 -343.6302 -163.0622 965.7545 -117.4857 155.9548 -144.2541 81.3568 -312.3321 -156.2317 51.3363 284.1324 -56.1836 38.4783 316.7291 151.1565 -227.2467 505.7586 -569.9950 -65.8830 -95.3548 69.2664 -266.7151 -715.1339 51.0800 267.0999 -567.6529 -405.8038 -340.0674 138.5172 -260.1064 167.6966 29.3787 -434.4768 287.9365 752.8668 -104.1957 342.4872 -166.5837 -359.7985 471.3456 -24.2841 -275.4263 313.1697 -105.2276 111.4445 167.1928 -519.4290 21.7193 -66.7356 -465.1333 -231.1045 235.9834 -213.9173 1089.0389 -80.6723 639.0038 -64.0412 -104.6404 -700.4758 -152.8868 173.4656 -42.0251 -349.7039 -64.5426 731.6199 389.9224 102.4876 -25.4348 -170.3715 533.0120 -72.9299 -47.9827 284.7619 223.9544 -119.1274 -434.0684 -428.4954 -176.3062 -137.0538 -281.9194 -553.1379 -142.8607 -257.0368 -344.2570 16.3628 -115.6860 -175.6006 552.1979 221.9448 -28.9447 179.6709 -861.4026 83.2468 163.6522 485.1269 -35.2739 232.2563 126.2773 274.7366 -450.9966 229.7392 341.7701 899.0587 111.9965 91.7518 -901.9214 -217.7577 -264.3698 468.9747 204.4832 -174.1544 -454.4819 -138.7748 -441.0649 483.8570 688.9313 -19.4637 487.8676 539.5261 378.8296 -505.8156 423.9041 286.7289 -189.4202 -3.0503 185.4629 -662.1083 32.9249 -75.7081 270.3581 71.2373 231.8326 342.0572 177.9637 -444.6313 -530.6839 147.6820 -614.3532 183.9474 -543.0132 -157.7797 74.5571 125.3580 185.1278 219.2222 -780.9473 49.5081 -210.8277 -93.6238 -467.5038 -171.8377 -40.3894 353.1728 681.5315 523.6738 272.6484 -291.3596 -101.4940 314.5768 619.7966 16.0843 -115.8097 -63.9123 54.9773
11.2076 24.0300 -31.4345 -74.2186 -0.6323 45.2601 97.2360 20.7739 63.2245 89.9092 -98.0214 -57.5439 -103.2948 -83.5417 -10.8723 -117.0421 -22.6261 4.5578 -43.1516 21.0532 70.7948 113.0043 50.2399 -66.2736 70.1970 -8.4385 38.7491 98.3216 -71.8301 76.8901 -58.3616 32.5148 -21.4443 -38.9593 17.7404 -46.0323 -2.7867 -7.0765 21.7402 21.0532 40.2498 -126.3003 -187.0472 -19.7960 109.2266 58.1310 80.3816 38.5994 -105.4795 29.6077 -1.1443 -135.7155 63.0303 -121.4131 -56.0974 -19.1965 -68.3475 71.4763 -86.1523 91.3530 139.2240 -17.0122 -37.2472 84.5665 68.4104 99.1474 59.5895 51.0423 -52.6957 40.8860 45.4404 97.8380 -71.4553 13.0277 22.0782 113.6051 3.0218 14.5054 -90.4207 -37.3957 26.5715 16.8888 113.3982 13.2917 -109.7174 -41.6626 -0.1861 -162.6762 -33.4840 27.0931 -65.0643 97.3024 104.5015 42.6496 -95.0200 115.4669 18.9349 13.8102 1.5420 50.2865 128.2549 -50.8013 -62.8229 77.0530 -122.2076 78.4572 -71.9602 13.2590 -136.0964 -1.3640 22.8499 -104.7346 -20.6677 59.1229 -109.1819 78.3383 -20.9515 33.8833 -71.5988 -20.5936 83.7178 27.7505 16.7182 110.3811 -62.7256 123.0503 -37.7412 -6.9522 42.2773 -4.4554 -60.3435 -48.3618 65.5628 -84.4402 -9.0630 -104.3392 72.1245 34.2271 -202.7574 24.6601 -32.6584 30.2799 -17.1287 65.5588 32.7893 -10.7446 -59.6194 11.8011 -8.0976 -66.4606 -31.6913 47.6810 -106.1644 119.6278 13.8296 20.0016 -14.5416 55.9783 150.1113 -10.7329 -56.0673 119.1934 85.2481 71.3696 -29.0456 54.5713 -35.2075 -6.2096 91.1656 -60.4458 -158.0955 21.8531 -71.9302 34.9784 75.5220 -98.9707 5.1032 57.7787 -65.7497 22.1138 -23.3947 -35.1303 109.0307 -4.5570 14.0324 97.6126 48.5389 -49.5653 44.8842 -228.6020 16.9453 -134.1575 13.4234 21.9757 147.0318 32.1306 -36.4267 8.8152 73.4365 13.5556 -153.5681 -81.8508 -21.4920 5.3428 35.7658 -111.9251 15.3172 10.1035 -59.7751 -47.0300 25.0280 91.1214 89.9622 37.0136 28.7918 59.1821 116.1032 30.0063 53.9747 72.3164 -3.4624 24.3452 36.8429 -115.9252 -46.5997 6.0806 -37.7374 180.8293 -17.4757 -34.3367 -101.8455 7.3798 -48.7610 -26.4577 -57.6810 94.6688 -48.2512 -71.7310 -188.7269 -23.4852 -19.2254 189.3761 45.7265 55.4722 -98.4446 -42.9211 36.5285 95.4163 29.1459 92.5736 -101.6107 -144.6513 4.0799 -102.4247 -113.2636 -79.5519 106.1761 -89.0009 -60.2084 39.7894 0.6219 -38.9530 138.9702 -6.8925 15.8927 -56.7854 -14.9281 -48.6642 -71.8419 -37.3765 93.3306 111.4381 -31.0015 128.9866 -38.6584 114.0063 33.1330 -15.6370 -26.3189 -38.8339 -46.0424 163.9400 -10.4330 44.2680 19.6775 98.1494 36.0798 8.4915 -74.1548 -143.0770 -109.9383 -57.2250 61.1332 21.2961 -66.0333 -130.0963 -3.3932 24.3061 13.4316 -11.5703
175.3771 376.5971 -492.5428 -1161.7184 -9.4159 708.4718 1522.3668 325.5453 990.3640 1408.4052 -1535.4384 -900.8876 -1617.6328 -1307.7201 -169.6943 -1832.9969 -353.8455 70.9271 -675.7383 329.1476 1108.3729 1769.1093 786.6382 -1037.7173 1100.0104 -132.4208 607.0043 1534.3286 -1124.1078 1203.9351 -913.3724 508.5573 -335.4360 -610.3630 277.9544 -721.2606 -44.2620 -110.0334 340.3924 330.1277 630.4482 -1977.2269 -2928.8965 -309.9566 1710.4716 910.0189 1258.4766 605.2640 -1651.1083 463.8602 -17.7612 -2124.8506 986.9584 -1901.0067 -878.4710 -300.7320 -1070.4336 1119.8687 -1348.8512 1430.2007 2181.0454 -266.2167 -583.2080 1324.9158 1071.4399 1551.9298 933.0103 799.7454 -825.0323 640.3145 710.8952 1532.0468 -1119.0450 204.2865 346.0309 1779.1218 47.3358 227.1880 -1416.2468 -585.5626 415.8516 263.8663 1776.0574 208.8158 -1717.4839 -652.4481 -3.9421 -2547.3403 -524.4748 424.2234 -1018.6917 1523.5153 1636.7179 667.7443 -1488.2891 1808.5074 297.0964 216.2914 24.0357 787.7435 2008.6467 -795.5513 -984.4834 1206.4645 -1914.1986 1229.0254 -1127.1650 207.7611 -2131.3921 -21.2133 357.2291 -1639.9271 -323.6916 925.4388 -1709.9406 1227.0754 -327.8377 530.7733 -1121.4004 -321.7712 1310.5033 434.4144 261.6526 1728.3138 -982.2963 1927.0654 -590.9491 -107.8727 662.4254 -69.8873 -944.9407 -757.1700 1026.9935 -1322.3356 -141.8412 -1633.7632 1129.6787 536.0270 -3174.9536 386.2267 -512.4617 474.2662 -267.5867 1026.8672 513.4711 -168.7162 -933.9929 184.7812 -126.3943 -1041.0701 -496.8732 747.0352 -1662.5234 1873.9270 216.7198 313.4454 -227.7184 876.7924 2350.7671 -167.9050 -878.1863 1866.3088 1334.1971 1117.7512 -455.3217 855.0098 -551.2001 -96.5958 1428.2654 -946.5010 -2475.0703 342.4950 -1125.9778 547.6751 1183.0013 -1549.6294 79.7260 905.4524 -1029.3888 346.0684 -366.3849 -549.7889 1707.5688 -71.3714 219.4511 1529.0205 759.8787 -775.8620 703.3237 -3580.2329 265.2771 -2100.6755 210.6221 344.0455 2302.7061 502.7161 -570.1732 138.0271 1149.6848 212.0015 -2405.1628 -1281.6869 -336.8859 83.5085 560.1378 -1752.2133 239.7940 157.5654 -936.0774 -736.3791 391.6607 1427.0287 1408.7021 579.5898 450.6792 926.7405 1818.4010 469.7929 845.0240 1131.6652 -53.8827 380.4901 577.3065 -1815.2377 -729.6630 95.1726 -590.7543 2831.6694 -273.5552 -538.0742 -1594.7302 115.9085 -763.5959 -415.1899 -903.1661 1482.6376 -755.1547 -1123.6014 -2955.8010 -368.2150 -301.6122 2965.0264 715.8496 868.9888 -1541.7804 -672.2644 572.4969 1494.1925 456.2675 1449.9673 -1590.6169 -2264.8240 64.1771 -1603.8123 -1773.5691 -1245.3107 1662.9143 -1393.5706 -942.7289 622.9016 10.0171 -609.7675 2176.4717 -108.2732 248.9249 -888.7747 -234.2837 -762.1179 -1124.4884 -585.0825 1461.7100 1744.6611 -485.3958 2019.5964 -604.6985 1785.2107 518.6426 -245.0331 -412.1664 -608.6641 -720.7140 2567.1956 -162.7283 693.1059 307.9105 1536.7942 564.8633 132.6445 -1161.1587 -2240.4910 -1721.5785 -896.2599 957.7403 333.5873 -1034.2389 -2037.4856 -52.8918 380.8668 210.1383 -180.7041
-231.2948 -496.7562 649.7804 1532.5118 12.3660 -934.5748 -2008.2076 -429.4031 -1306.4535 -1857.8579 2025.4781 1188.3984 2133.9177 1725.1343 223.8096 2418.0654 466.7131 -93.5600 891.4275 -434.2253 -1462.0690 -2333.7534 -1037.6809 1368.9299 -1451.1152 174.6488 -800.6893 -2023.9264 1483.2614 -1587.9520 1204.9185 -670.8766 442.5148 805.1830 -366.6883 951.4036 58.3805 145.1185 -448.9962 -435.5168 -831.6987 2608.2605 3863.6880 408.8404 -2256.4021 -1200.4603 -1660.1791 -798.3923 2178.0916 -611.9827 23.4044 2802.9851 -1301.9769 2507.7710 1158.8794 396.6605 1412.1141 -1477.2809 1779.3492 -1886.6299 -2877.2556 351.2043 769.3492 -1747.7697 -1413.4528 -2047.1814 -1230.7864 -1054.9354 1088.3862 -844.6801 -937.7843 -2021.0510 1476.1984 -269.5396 -456.4790 -2346.9417 -62.4784 -299.6618 1868.2936 772.3840 -548.5610 -348.0418 -2342.9148 -275.4588 2265.6338 860.8138 5.2040 3360.3372 691.8700 -559.6368 1343.8878 -2009.7722 -2159.1169 -880.8625 1963.2828 -2385.6875 -391.9287 -285.3502 -31.6933 -1039.1920 -2649.7310 1049.4835 1298.7333 -1591.4727 2525.1299 -1621.3661 1486.9396 -274.0711 2811.7004 28.0029 -471.2332 2163.3362 426.9536 -1220.7904 2255.7368 -1618.6443 432.5035 -700.1771 1479.3391 424.4414 -1728.7158 -573.0582 -345.1054 -2279.9038 1295.7432 -2542.1521 779.4578 142.3467 -873.9091 92.1965 1246.5392 998.8193 -1354.7616 1744.3735 187.1544 2155.1558 -1490.2291 -707.0536 4188.2671 -509.4792 675.9741 -625.6096 352.9910 -1354.5433 -677.3223 222.5660 1232.1687 -243.7334 166.7672 1373.3466 655.4818 -985.5051 2193.1748 -2471.9951 -285.8497 -413.5298 300.3363 -1156.6600 -3101.0300 221.5145 1158.4207 -2461.9089 -1759.9385 -1474.5472 600.5997 -1127.8849 727.2017 127.4694 -1884.1023 1248.5714 3264.9988 -451.7668 1485.3818 -722.4822 -1560.5667 2044.2418 -105.1371 -1194.3767 1357.9384 -456.4688 483.3272 725.2442 -2252.5427 94.2116 -289.3824 -2017.0570 -1002.3754 1023.4756 -927.7904 4722.8955 -349.9247 2771.0952 -277.8272 -453.8289 -3037.7114 -663.1471 752.1845 -182.0847 -1516.5547 -279.6778 3172.8406 1690.8400 444.4172 -110.1950 -738.9189 2311.4167 -316.3246 -207.8750 1234.8792 971.3589 -516.6499 -1882.5209 -1858.2784 -764.6084 -594.5425 -1222.5598 -2398.7795 -619.7510 -1114.7021 -1492.8154 71.0681 -501.9577 -761.5767 2394.6089 962.5825 -125.5639 779.3355 -3735.4424 360.8546 709.7520 2103.7424 -152.9135 1007.2873 547.6113 1191.4426 -1955.8636 996.2435 1482.1704 3899.2217 485.7504 397.8334 -3911.3801 -944.3702 -1146.2953 2033.8491 886.8503 -755.1903 -1970.9939 -601.8920 -1912.7363 2098.3076 2987.7019 -84.6462 2115.6970 2339.6663 1642.7695 -2193.6433 1838.3080 1243.6183 -821.6395 -13.2836 804.3140 -2871.0928 142.8427 -328.3690 1172.4764 309.0085 1005.3415 1483.3441 771.8706 -1928.2827 -2301.5034 640.3267 -2664.1799 797.7216 -2354.9900 -684.0880 323.2392 543.6806 802.8569 950.6590 -3386.5796 214.6908 -914.2806 -406.1595 -2027.2411 -745.1409 -174.9942 1531.7064 2955.5295 2271.0540 1182.3251 -1263.4567 -440.0599 1364.2866 2687.8076 69.7756 -502.3995 -277.2709 238.3593
-77.3165 -165.9910 217.1411 512.1514 4.1367 -312.3392 -671.1635 -143.5125 -436.5914 -620.8973 676.9183 397.1630 713.1205 576.5363 74.8058 808.0941 156.0108 -31.2740 297.9079 -145.1309 -488.5931 -779.9732 -346.8137 457.5167 -484.9417 58.3725 -267.6076 -676.4030 495.7420 -530.7775 402.9952 -224.1634 147.8913 269.1237 -122.5283 317.9570 19.5019 48.5069 -150.1286 -145.5784 -277.9489 871.7220 1291.2102 136.6002 -754.0839 -401.2225 -554.8348 -266.8202 727.9170 -204.5263 7.8193 936.7871 -435.1270 838.1023 387.3029 132.5602 471.8743 -493.7142 594.6736 -630.5668 -961.5543 117.3801 257.1253 -584.1112 -472.3645 -684.2111 -411.3363 -352.5742 363.7745 -282.3181 -313.4285 -675.4439 493.3613 -90.0285 -152.6204 -784.3126 -20.8306 -100.1292 624.3721 258.1432 -183.3322 -116.3226 -783.0112 -92.0574 757.1624 287.6646 1.7467 1123.0161 231.2048 -187.0543 449.1131 -671.6906 -721.5731 -294.3695 656.1183 -797.3068 -130.9036 -95.3703 -10.5839 -347.3200 -885.5352 350.7820 434.0397 -531.8652 843.9134 -541.8546 496.9352 -91.5582 939.6727 9.3350 -157.5197 722.9918 142.6954 -407.9773 753.8461 -540.9647 144.5674 -233.9871 494.4012 141.8692 -577.7700 -191.5050 -115.3579 -761.9617 433.0398 -849.6078 260.4950 47.5825 -292.0714 30.8301 416.5789 333.7942 -452.7386 582.9395 62.5267 720.2833 -498.0477 -236.3194 1399.7644 -170.2490 225.8909 -209.0716 117.9554 -452.7037 -226.3661 74.3898 411.8185 -81.4636 55.6829 458.9975 219.0781 -329.3767 732.9184 -826.1428 -95.5695 -138.1944 100.3619 -386.5714 -1036.3110 74.0690 387.1774 -822.7792 -588.1971 -492.8043 200.7048 -376.9442 243.0279 42.6213 -629.6807 417.2838 1091.1375 -150.9945 496.3853 -241.4633 -521.5256 683.1951 -35.1339 -399.1813 453.8034 -152.5949 161.5104 242.4451 -752.7822 31.4868 -96.7134 -674.1052 -335.0320 342.0441 -310.1126 1578.3986 -116.9647 926.1220 -92.8578 -151.6441 -1015.2202 -221.6141 251.3689 -60.8381 -506.8381 -93.4720 1060.3885 565.0691 148.5290 -36.8133 -246.8991 772.4537 -105.7070 -69.5124 412.6881 324.6476 -172.6315 -629.1404 -621.0514 -255.5210 -198.7018 -408.5903 -801.6868 -207.1275 -372.5616 -498.9099 23.7399 -167.7663 -254.5275 800.2732 321.7010 -41.9949 260.4493 -1248.3601 120.5927 237.1816 703.1043 -51.0961 336.6686 183.0304 398.1721 -653.6373 332.9245 495.3386 1303.1213 162.3224 132.9141 -1307.1882 -315.6160 -383.0777 679.7396 296.3762 -252.3714 -658.7312 -201.1730 -639.2717 701.2331 998.4845 -28.2867 707.0260 781.9083 548.9901 -733.1069 614.3690 415.6284 -274.6743 -4.4714 268.8380 -959.5237 47.7620 -109.7560 391.8183 103.3092 336.0080 495.7634 257.9542 -644.4112 -769.1473 213.9818 -890.3905 266.5935 -787.0372 -228.6106 108.0153 181.6935 268.3109 317.7548 -1131.7649 71.7667 -305.5780 -135.7128 -677.4861 -249.0555 -58.4820 511.8652 987.7526 758.9959 395.1452 -422.2500 -147.0358 455.9548 898.2911 23.3290 -167.9151 -92.6631 79.6682
-414.7818 -890.8313 1165.1532 2748.2612 22.1699 -1675.8895 -3601.3298 -770.0281 -2342.8157 -3331.6572 3632.2534 2131.0645 3826.6975 3093.6165 401.3545 4336.2861 836.9733 -167.7514 1598.6130 -778.7342 -2621.9431 -4185.0107 -1860.8480 2454.8896 -2602.1826 313.2027 -1435.8611 -3629.5042 2659.8975 -2848.1274 2160.8694 -1202.7119 793.5998 1443.9459 -657.5626 1706.1168 104.5963 260.2661 -805.1284 -780.9712 -1491.3746 4677.4326 6928.6064 733.2690 -4046.3547 -2152.7019 -2977.1558 -1431.8059 3905.8765 -1097.3920 42.0548 5026.5391 -2334.8188 4497.0698 2078.1602 711.4048 2532.2366 -2649.1907 3190.8411 -3383.2585 -5159.7134 629.8098 1379.7087 -3134.2607 -2534.6985 -3671.2334 -2207.2043 -1891.7822 1951.7454 -1514.7146 -1681.6470 -3624.2710 2647.2361 -483.2856 -818.5085 -4208.7583 -111.9954 -537.3788 3350.3064 1385.1196 -983.7518 -624.1822 -4201.4863 -493.9715 4062.9307 1543.5399 9.3650 6025.9971 1240.7504 -1003.5738 2409.9585 -3604.0559 -3871.8862 -1579.6256 3520.7212 -4278.2705 -702.8575 -511.7085 -56.8020 -1863.5669 -4751.6577 1881.9696 2328.9380 -2853.9485 4528.2988 -2907.5632 2666.5330 -491.4499 5042.0913 50.1226 -845.0707 3879.4802 765.5995 -2189.2200 4045.1155 -2902.7209 775.6272 -1255.6783 2652.9080 761.1329 -3100.1167 -1027.6517 -618.8672 -4088.5317 2323.6921 -4558.7388 1397.7937 255.2112 -1567.1239 165.3006 2235.3469 1791.2054 -2429.5012 3128.1694 335.6128 3864.8674 -2672.3000 -1267.9673 7510.7192 -913.6882 1212.3199 -1121.8928 633.0266 -2429.1370 -1214.7225 399.1491 2209.6458 -437.0066 299.0029 2462.7625 1175.4088 -1767.3127 3932.9197 -4433.0327 -512.6581 -741.5251 538.6550 -2074.2063 -5560.9795 397.2485 2077.3682 -4414.8037 -3156.1350 -2644.3140 1077.1166 -2022.6526 1304.0897 228.5487 -3378.7566 2239.0691 5855.1372 -810.1985 2663.6558 -1295.5841 -2798.5962 3665.8071 -188.5823 -2141.9199 2435.2556 -818.5883 866.8043 1300.6240 -4039.3818 168.9145 -519.0319 -3617.1584 -1797.4045 1835.3997 -1663.7280 8469.4717 -627.5264 4969.3652 -498.2143 -813.8845 -5447.4907 -1189.1549 1348.8284 -326.5654 -2719.6011 -501.5497 5689.7153 3032.0608 796.9948 -197.5643 -1325.0664 4145.0654 -567.2602 -372.8261 2214.4600 1741.9189 -926.5422 -3375.8896 -3332.4702 -1370.9653 -1066.1814 -2192.3557 -4301.7607 -1111.2573 -1999.0309 -2677.0796 127.3812 -900.0437 -1365.6575 4294.2158 1726.1129 -225.1647 1397.5890 -6698.6143 647.2289 1272.8411 3772.5889 -274.2510 1806.3536 982.1059 2136.5276 -3507.4207 1786.4937 2657.9111 6992.2954 871.0909 713.3959 -7014.1377 -1693.4158 -2055.7319 3647.2424 1590.3245 -1354.2444 -3534.6494 -1079.2935 -3430.0798 3762.8767 5357.8140 -151.8268 3794.0356 4195.5825 2945.9438 -3933.8708 3296.5891 2230.1089 -1473.4792 -23.8420 1442.4241 -5148.7598 256.1920 -588.8292 2102.5911 554.1853 1802.8367 2660.0491 1384.1841 -3457.9148 -4127.2988 1148.3088 -4777.5942 1430.5127 -4223.1729 -1226.7933 579.6856 974.9824 1439.8129 1704.8152 -6073.0859 384.9700 -1639.5901 -728.3585 -3635.3516 -1336.2377 -313.8845 2746.7651 5300.2026 4072.6494 2120.1921 -2265.7190 -789.1401 2446.5679 4819.8350 125.2151 -900.9378 -497.0905 427.5126
155.1588 333.2095 -435.9015 -1028.1301 -8.2822 626.9703 1347.2703 288.0481 876.4024 1246.3461 -1358.8124 -797.2526 -1431.5710 -1157.3383 -150.1547 -1622.1478 -313.1352 62.7514 -597.9785 291.3888 980.8123 1565.6334 696.1193 -918.4354 973.4745 -117.1735 537.1466 1357.8093 -995.0781 1065.4661 -808.3491 450.0336 -296.6001 -540.2045 245.9462 -638.1968 -39.1372 -97.4365 301.2505 292.1969 557.8935 -1749.8977 -2591.9829 -274.3524 1513.7291 805.2904 1113.7734 535.6271 -1461.1980 410.4812 -15.6830 -1880.4323 873.4788 -1682.4081 -777.4342 -266.1202 -947.3217 991.0013 -1193.7025 1265.6077 1930.2473 -235.6404 -516.1874 1172.4968 948.1613 1373.3967 825.7211 707.7141 -730.1398 566.6597 629.1042 1355.8225 -990.3400 180.7665 306.2605 1574.4341 41.8498 201.0509 -1253.3656 -518.1796 368.0474 233.4992 1571.8041 184.7995 -1519.9213 -577.4609 -3.4587 -2254.3108 -464.1780 375.4322 -901.5396 1348.3000 1448.4650 590.9077 -1317.0786 1600.5306 262.8942 191.4162 21.2593 697.1661 1777.5999 -704.0886 -871.2710 1067.6431 -1694.0021 1087.6927 -997.5200 183.8448 -1886.2404 -18.7752 316.1270 -1451.2941 -286.3669 818.9724 -1513.3027 1085.8779 -290.1777 469.7171 -992.5012 -284.7269 1159.7925 384.4658 231.5537 1529.5032 -869.3078 1705.4062 -522.9423 -95.5151 586.2518 -61.8440 -836.2648 -670.0706 908.8934 -1170.2455 -125.5013 -1445.8477 999.7679 474.3801 -2809.7888 341.8201 -453.4910 419.7214 -236.8294 908.6887 454.4025 -149.3069 -826.6153 163.5545 -111.8427 -921.3257 -439.6858 661.1522 -1471.3080 1658.3910 191.8250 277.3907 -201.4622 775.9194 2080.3687 -148.5906 -777.1498 1651.6045 1180.7446 989.2216 -402.9149 756.6848 -487.8892 -85.5265 1263.9752 -837.6196 -2190.3938 303.1309 -996.4651 484.7093 1046.9110 -1371.3445 70.5011 801.2814 -910.9560 306.1847 -324.3034 -486.6019 1511.1143 -63.2201 194.1901 1353.1626 672.4136 -686.6501 622.4462 -3168.4456 234.7973 -1859.0273 186.3914 304.4141 2037.8898 444.8354 -504.5778 122.1792 1017.4042 187.6226 -2128.4639 -1134.2332 -298.1659 73.8758 495.6574 -1550.6572 212.2005 139.4320 -828.4255 -651.6116 346.5323 1262.8431 1246.6566 512.8640 398.8671 820.2034 1609.2764 415.7603 747.8408 1001.4454 -47.6541 336.7252 510.8587 -1606.4048 -645.7246 84.2435 -522.8076 2505.9001 -242.0979 -476.1404 -1411.3080 102.5884 -675.7385 -367.4262 -799.2664 1312.1090 -668.3182 -994.3092 -2615.8254 -325.8178 -266.8883 2623.9771 633.5246 768.9754 -1364.3777 -594.9160 506.6216 1322.3184 403.7493 1283.1305 -1407.6837 -2004.2839 56.8026 -1419.3215 -1569.5771 -1102.0555 1471.5740 -1233.2452 -834.2623 551.2643 8.9182 -539.6100 1926.1482 -95.7464 220.3073 -786.6027 -207.3033 -674.4392 -995.1690 -517.8280 1293.5902 1543.9996 -429.5922 1787.2957 -535.1879 1579.8909 458.9080 -216.8441 -364.7549 -538.6099 -637.8130 2271.8950 -144.0915 613.3635 272.4364 1359.9877 499.9138 117.4632 -1027.5046 -1982.7526 -1523.5515 -793.1254 847.5676 295.2005 -915.2532 -1803.1396 -46.8344 337.0357 186.0068 -159.9433
-275.1642 -590.9925 772.9107 1823.0548 14.6760 -1111.7250 -2389.0225 -510.8255 -1554.1812 -2210.1069 2409.4858 1413.6968 2538.4873 2052.2256 266.2650 2876.4390 555.2032 -111.2665 1060.4486 -516.5927 -1739.3113 -2776.2629 -1234.4352 1628.5178 -1726.2098 207.7822 -952.4957 -2407.6177 1764.4811 -1889.3510 1433.3934 -798.0181 526.4220 958.2188 -436.2662 1131.8048 69.3899 172.6531 -534.1562 -518.0883 -989.3605 3102.8823 4596.2070 486.3672 -2684.2124 -1428.0575 -1974.9817 -949.7841 2591.0469 -727.9432 27.8309 3334.4141 -1548.8514 2983.2219 1378.5958 471.9539 1679.7979 -1757.3403 2116.7236 -2244.2971 -3422.7529 417.7956 915.2721 -2079.1445 -1681.4454 -2435.3430 -1464.1776 -1254.9879 1294.7386 -1004.8102 -1115.5701 -2404.2332 1756.0670 -320.5697 -543.0038 -2791.9319 -74.2885 -356.4594 2222.4902 918.8124 -652.5853 -414.0462 -2787.1238 -327.6624 2695.2642 1024.0073 6.2003 3997.3982 823.1036 -665.7575 1598.6772 -2390.7837 -2568.5208 -1047.8781 2335.5325 -2838.0305 -466.2253 -339.4174 -37.7124 -1236.2246 -3152.0820 1248.4606 1544.9714 -1893.2552 3003.8652 -1928.7576 1768.8682 -326.0137 3344.7588 33.2455 -560.5970 2573.5286 507.8441 -1452.2238 2683.3569 -1925.6029 514.5038 -832.9070 1759.8171 504.9373 -2056.5093 -681.7017 -410.5385 -2712.2405 1541.4124 -3024.1216 927.1958 169.3241 -1039.5891 109.6749 1482.8467 1188.2137 -1611.5930 2075.1528 222.5999 2563.7915 -1772.6785 -841.1379 4982.3794 -606.0880 804.1780 -744.2269 419.9411 -1611.3738 -805.7532 264.8144 1465.7689 -289.8956 198.3580 1633.7578 779.7548 -1172.3396 2608.9570 -2940.7065 -340.0943 -491.8943 357.2841 -1375.9789 -3688.9946 263.5667 1378.0310 -2928.6528 -2093.6738 -1754.1528 714.4731 -1341.7097 865.0741 151.6345 -2241.3677 1485.3002 3884.0383 -537.4238 1766.9469 -859.4554 -1856.4659 2431.7891 -125.0152 -1420.8934 1615.4163 -543.0596 575.0280 862.7875 -2679.6228 112.0797 -344.2964 -2399.4817 -1192.3724 1217.5294 -1103.7239 5618.3228 -416.2903 3296.4741 -330.5115 -539.9137 -3613.6233 -788.8651 894.7489 -216.6526 -1804.1510 -332.7050 3774.3745 2011.3517 528.6877 -131.0757 -878.9931 2749.6567 -376.3077 -247.3445 1468.9917 1155.5444 -614.5807 -2239.4509 -2210.6746 -909.4997 -707.3286 -1454.3536 -2853.6602 -737.2053 -1326.0238 -1775.8864 84.5137 -597.0648 -905.9280 2848.6309 1145.0905 -149.3534 927.1163 -4443.6733 429.3502 844.3076 2502.6008 -181.9130 1198.2404 651.4475 1417.3473 -2326.6489 1185.1332 1763.1324 4638.4902 577.8550 473.2292 -4652.9155 -1123.3934 -1363.6573 2419.4626 1055.0236 -898.3734 -2344.7266 -715.9689 -2275.4707 2496.1353 3554.1160 -100.6953 2516.8008 2783.2832 1954.2278 -2609.5908 2186.8611 1479.3545 -977.4244 -15.8825 956.8906 -3415.4368 169.9141 -390.6323 1394.7579 367.6198 1195.9403 1764.5912 918.2240 -2293.8167 -2737.8333 761.7468 -3169.3640 948.9419 -2801.5115 -813.7839 384.5479 646.7883 955.0428 1130.8782 -4028.6045 255.4082 -1087.6532 -483.1309 -2411.6084 -886.3905 -208.2070 1822.0845 3515.8965 2701.6372 1406.4536 -1502.9586 -523.4438 1622.9412 3197.3545 83.0317 -597.6514 -329.8146 283.5714
875.7036 1880.7380 -2460.0103 -5802.3120 -46.7895 3538.3323 7603.4932 1625.7468 4946.3750 7034.0962 -7668.7173 -4499.4097 -8079.2695 -6531.4897 -847.3807 -9155.0039 -1767.1309 354.1510 -3375.1357 1644.1284 5535.5649 8835.8564 3928.8132 -5183.0229 5493.9839 -661.3250 3031.5920 7662.9004 -5615.8726 6013.3237 -4562.0205 2539.9402 -1675.5044 -3048.5767 1388.7151 -3602.1677 -220.8843 -549.5129 1700.0547 1648.9125 3148.7166 -9875.4072 -14628.2822 -1548.0944 8543.0420 4544.9849 6285.6230 3022.9985 -8246.5127 2316.8809 -88.6822 -10612.4541 4929.4106 -9494.6855 -4387.5898 -1501.9659 -5346.3394 5593.1714 -6736.8638 7142.9971 10893.5605 -1329.6079 -2912.8591 6617.3247 5351.3804 7751.0010 4659.9932 3994.2068 -4120.6118 3198.0710 3550.4270 7651.9800 -5588.9844 1020.3530 1728.1926 8885.8447 236.4564 1134.6079 -7073.5449 -2924.3452 2076.9512 1317.7579 8870.4990 1042.8582 -8578.0498 -3258.9963 -19.7366 -12722.5889 -2619.5579 2118.8250 -5088.1143 7609.2056 8174.6577 3335.0969 -7433.2363 9032.6514 1483.9000 1080.3458 119.9750 3934.5393 10032.1748 -3973.3855 -4917.1143 6025.5488 -9560.4287 6138.6519 -5629.7285 1037.6488 -10645.3457 -105.8683 1784.1143 -8190.7383 -1616.3672 4622.0376 -8540.3867 6128.4917 -1637.5167 2651.0798 -5601.0186 -1606.9781 6545.2573 2169.6318 1306.6444 8632.0908 -4905.9810 9624.7676 -2951.1912 -538.7823 3308.6516 -349.0711 -4719.5156 -3781.6545 5129.3877 -6604.5308 -708.4733 -8159.7705 5642.0557 2677.0396 -15857.3223 1929.0098 -2559.4685 2368.6589 -1336.5051 5128.5063 2564.5222 -842.7860 -4665.0957 922.7426 -631.3646 -5199.6636 -2481.6934 3731.1716 -8303.5869 9359.4492 1082.4486 1565.5798 -1137.1421 4379.2642 11740.8623 -838.6629 -4385.9702 9321.0586 6663.4521 5582.9170 -2274.0217 4270.3418 -2753.1697 -482.5597 7133.5488 -4727.2852 -12361.7920 1710.5131 -5623.6304 2735.3579 5908.5820 -7739.5571 398.0739 4522.2427 -5141.3975 1728.2842 -1830.0646 -2745.9463 8528.3779 -356.6201 1095.8375 7636.8335 3794.9868 -3875.0330 3512.7993 -17881.4492 1324.9116 -10491.7461 1051.9048 1718.3007 11501.1582 2510.6321 -2847.7539 689.4560 5741.9619 1058.8834 -12012.7637 -6401.4849 -1682.6624 417.1118 2797.5427 -8751.3467 1197.6190 787.0670 -4675.3716 -3677.7195 1956.0532 7127.4717 7035.8853 2894.7200 2251.0232 4628.7295 9082.1904 2346.3523 4220.4863 5652.0405 -268.9364 1900.2661 2883.3462 -9066.2881 -3644.3455 475.4124 -2950.6636 14142.7578 -1366.4106 -2687.3086 -7964.9717 579.0344 -3813.7358 -2073.4390 -4510.8896 7405.0723 -3771.7859 -5611.6772 -14762.8682 -1839.0862 -1506.2280 14808.9131 3575.3970 4340.1406 -7700.3633 -3357.6160 2859.2708 7462.5610 2278.7490 7241.8853 -7944.4312 -11311.7451 320.5505 -8010.2798 -8858.0537 -6219.6152 8305.4355 -6960.0718 -4708.3462 3110.8904 50.3185 -3045.3813 10870.4092 -540.8098 1243.2605 -4439.0957 -1170.0109 -3806.3127 -5616.1567 -2922.3877 7300.6167 8713.7441 -2424.3633 10086.8799 -3020.2039 8916.2998 2590.1592 -1223.9037 -2058.4636 -3039.7437 -3599.3752 12821.8662 -812.8459 3461.6367 1537.7010 7675.2944 2821.1914 662.6564 -5799.1509 -11190.0625 -8598.4131 -4476.3506 4783.5171 1666.0978 -5165.3789 -10176.1699 -264.2594 1902.1832 1049.6387 -902.5804
-10.3562 -22.1460 28.9990 68.3948 0.5491 -41.6944 -89.6327 -19.1207 -58.3318 -82.9050 90.3942 53.0474 95.2325 76.9943 10.0061 107.9173 20.8636 -4.2032 39.7721 -19.4214 -65.2843 -104.1796 -46.2812 61.1189 -64.7498 7.7733 -35.7491 -90.2831 66.1919 -70.8796 53.7872 -29.9434 19.7726 35.9493 -16.2834 42.7489 2.5533 6.4851 -20.0297 -19.4715 -37.1597 116.4615 172.4146 18.2154 -100.6928 -53.5003 -74.0942 -35.6441 97.1882 -27.3017 0.9986 125.0494 -58.1168 111.9213 51.7720 17.7465 62.9811 -65.8669 79.3856 -84.0970 -128.4055 15.7049 34.3473 -77.9754 -63.0327 -91.3074 -54.9116 -47.0371 48.5626 -37.6666 -41.8588 -90.2231 65.8532 -12.0250 -20.3344 -104.7316 -2.8222 -13.4111 83.3772 34.4509 -24.5182 -15.5686 -104.5282 -12.2859 101.1234 38.4647 0.2517 149.9682 30.8840 -24.9258 59.9684 -89.6423 -96.3140 -39.3474 87.5867 -106.4405 -17.5163 -12.7010 -1.4485 -46.3709 -118.2415 46.8607 57.9680 -71.0117 112.6356 -72.3332 66.3370 -12.2325 125.4527 1.2710 -21.0318 96.5197 19.0146 -54.5079 100.6347 -72.1987 19.2925 -31.2178 66.0375 18.9700 -77.1269 -25.6126 -15.3788 -101.7385 57.8037 -113.4012 34.7469 6.3371 -38.9470 4.1252 55.6376 44.5657 -60.4468 77.8749 8.3687 96.1800 -66.4966 -31.6042 186.9393 -22.7640 30.1968 -27.9168 15.7775 -60.4430 -30.2262 9.8977 54.9666 -10.8863 7.4765 61.2836 29.1874 -43.9907 97.8951 -110.3041 -12.7943 -18.4427 13.3713 -51.6354 -138.3914 9.8465 51.6955 -109.8450 -78.5756 -65.7873 26.7799 -50.3632 32.4379 5.7064 -84.0965 55.6895 145.7132 -20.1627 66.2646 -32.2050 -69.6467 91.1656 -4.6707 -53.3331 60.5939 -20.3808 21.5795 32.3545 -100.5042 4.2025 -12.9445 -90.0071 -44.6481 45.7280 -41.3917 210.7557 -15.6515 123.6282 -12.3706 -20.2343 -135.5608 -29.6116 33.5553 -8.0848 -67.7094 -12.4807 141.5647 75.4651 19.8284 -4.9255 -32.9342 103.2115 -14.1285 -9.2518 55.0922 43.3501 -23.0153 -84.0013 -82.9100 -34.1057 -26.5463 -54.5607 -107.0390 -27.6782 -49.7329 -66.6397 3.1825 -22.3367 -34.0112 106.8703 42.9368 -5.6240 34.8166 -166.7118 16.0951 31.6740 93.8962 -6.8398 44.9648 24.4587 53.2051 -87.2436 44.5343 66.1455 173.9649 21.6956 17.7491 -174.5716 -42.1213 -51.1487 90.7108 39.5338 -33.6895 -87.9059 -26.8080 -85.2777 93.6559 133.3413 -3.7362 94.4167 104.3764 73.2602 -97.8990 82.0171 55.4913 -36.6172 -0.5606 35.9108 -128.1013 6.3851 -14.6237 52.3450 13.7353 44.8681 66.1596 34.4394 -86.0356 -102.6644 28.6104 -118.8527 35.6114 -105.0856 -30.4904 14.4651 24.2412 35.8215 42.4363 -151.1620 9.5989 -40.7628 -18.1170 -90.4793 -33.2502 -7.8134 68.3505 131.8793 101.3212 52.7140 -56.3801 -19.6473 60.8665 119.9019 3.0817 -22.4773 -12.3666 10.6488
-61.4569 -131.9806 172.6277 407.1399 3.2885 -248.3852 -533.6063 -114.1123 -347.1416 -493.6600 538.1816 315.7465 566.9722 458.3587 59.4886 642.4617 124.0402 -24.8653 236.8297 -115.3933 -388.4824 -620.0943 -275.7299 363.7438 -385.5265 46.3956 -212.7405 -537.7592 394.1668 -422.0084 320.1323 -178.2450 117.5928 213.9507 -97.4106 252.7517 15.8125 38.5877 -119.3275 -115.7195 -220.9926 693.0541 1026.5535 108.6218 -599.5011 -318.9828 -441.1129 -212.1754 578.7369 -162.5869 6.1861 744.7859 -345.9462 666.3195 307.9381 105.4179 375.2021 -392.4725 472.7888 -501.2697 -764.4404 93.3447 204.4672 -464.3764 -375.5303 -543.9592 -327.0294 -280.3732 289.1877 -224.3748 -249.1578 -536.9814 392.2287 -71.5941 -121.2829 -623.5900 -16.5687 -79.6334 496.4039 205.2527 -145.7455 -92.4519 -622.5064 -73.2117 602.0075 228.6926 1.3554 892.8038 183.8365 -148.7104 357.0004 -533.9926 -573.6505 -234.0497 521.6343 -633.8773 -104.1297 -75.8013 -8.4460 -276.0616 -704.0142 278.8287 345.0824 -422.8588 670.9249 -430.7778 395.0739 -72.8718 747.0639 7.4596 -125.1665 574.8286 113.4302 -324.3343 599.3671 -430.0707 114.9203 -186.0509 393.0456 112.7771 -459.3260 -152.2818 -91.7030 -605.7778 344.2772 -675.4267 207.1191 37.8269 -232.1881 24.5041 331.1694 265.3695 -359.9447 463.4699 49.7048 572.6492 -395.9225 -187.8954 1112.8219 -135.3805 179.6068 -166.2065 93.7874 -359.9427 -180.0014 59.1512 327.3482 -64.7182 44.2867 364.9398 174.1540 -261.8552 582.7144 -656.7803 -75.9404 -109.8633 79.7841 -307.3323 -823.9519 58.8671 307.8225 -654.1202 -467.6236 -391.7823 159.5656 -299.6676 193.1765 33.8781 -500.6335 331.7193 867.4980 -120.0790 394.6480 -191.9474 -414.6554 543.1462 -27.9558 -317.3539 360.8050 -121.2732 128.4259 192.7380 -598.4977 25.0198 -76.8854 -535.9816 -266.3276 271.9337 -246.5100 1254.8833 -93.0029 736.2947 -73.8003 -120.5489 -807.1359 -176.1664 199.8655 -48.3731 -402.9484 -74.3352 843.0681 449.2109 118.0769 -29.2625 -196.2965 614.1694 -84.0677 -55.2586 328.0737 258.0784 -137.2747 -500.1690 -493.7475 -203.1173 -157.9309 -324.8656 -637.3506 -164.6594 -296.1722 -396.6501 18.8580 -133.3617 -202.3482 636.2691 255.7532 -33.3809 207.0749 -992.5032 95.9148 188.6169 558.9811 -40.6435 267.6704 145.5601 316.5745 -519.6448 264.6868 393.8040 1035.9673 129.0518 105.7322 -1039.2854 -250.9051 -304.5765 540.4005 235.6225 -200.6453 -523.7295 -159.8964 -508.2469 557.4850 793.8564 -22.4755 562.1466 621.6348 436.5067 -582.8436 488.4601 330.4476 -218.3242 -3.5395 213.7118 -762.8838 37.9620 -87.2702 311.5215 82.1295 267.1503 394.1305 205.0436 -512.3147 -611.5023 170.1339 -707.9001 211.9590 -625.6956 -181.7784 85.9071 144.4626 213.2843 252.6305 -899.7776 57.0359 -242.9546 -107.9498 -538.6741 -197.9740 -46.5168 406.9597 785.3159 603.4033 314.1440 -335.7155 -116.8940 362.4918 714.1627 18.5781 -133.4742 -73.6662 63.3393
-46.8523 -100.6248 131.6293 310.4565 2.5340 -189.3325 -406.8616 -86.9802 -264.6652 -376.3930 410.3966 240.7683 432.3577 349.5287 45.3418 489.8697 94.5713 -18.9692 180.5884 -87.9948 -296.1937 -472.8210 -210.2522 277.4015 -293.9200 35.3747 -162.2245 -410.0413 300.5024 -321.7613 244.1317 -135.9315 89.6719 163.1227 -74.2890 192.7391 11.7875 29.7046 -91.0030 -88.2421 -168.4784 528.4113 782.7488 82.8279 -457.1133 -243.1776 -336.3276 -161.7520 441.2581 -123.9504 4.7578 567.8716 -263.7554 508.0399 234.7814 80.3769 286.0702 -299.2717 360.4713 -382.2462 -582.9310 71.1823 155.8651 -354.1142 -286.3514 -414.7578 -249.3322 -213.7415 220.4556 -171.1469 -189.9551 -409.4550 299.0911 -54.5892 -92.5271 -475.4334 -12.6262 -60.7183 378.4902 156.5157 -111.1360 -70.5106 -474.6104 -55.8234 458.9984 174.3242 1.0621 680.8155 140.1856 -113.3652 272.2299 -407.1560 -437.4128 -178.4380 397.7437 -483.3390 -79.3972 -57.8214 -6.4066 -210.5237 -536.8232 212.6618 263.1028 -322.4269 511.6223 -328.4513 301.2161 -55.4707 569.6044 5.6241 -95.4759 438.3325 86.5026 -247.3306 456.9897 -327.9457 87.6366 -141.8664 299.7234 85.9790 -350.2686 -116.0941 -69.9620 -461.8831 262.5077 -515.0235 157.9082 28.8700 -177.0345 18.6575 252.5060 202.3584 -274.4379 353.3595 37.9218 436.6512 -301.8893 -143.2732 848.4833 -103.2409 136.9603 -126.7411 71.5278 -274.4744 -137.2391 45.0986 249.6193 -49.3677 33.7601 278.2552 132.7494 -199.6476 444.3146 -500.8074 -57.9554 -83.7728 60.8505 -234.2952 -628.2489 44.9000 234.6830 -498.7811 -356.5435 -298.7509 121.7124 -228.5313 147.2976 25.8320 -381.6815 252.9562 661.4821 -91.5462 300.9167 -146.3936 -316.1334 414.1698 -21.2998 -241.9546 275.1308 -92.4927 97.9147 146.9605 -456.3578 19.0518 -58.6674 -408.6283 -203.0989 207.3842 -187.9548 956.7980 -70.8512 561.4493 -56.2880 -91.9379 -615.4390 -134.3343 152.3554 -36.9004 -307.2630 -56.6625 642.8016 342.5588 90.0673 -22.2783 -149.6831 468.3163 -64.0396 -42.0750 250.1771 196.7840 -104.6739 -381.4003 -376.5221 -154.8522 -120.4143 -247.6777 -485.9865 -125.5561 -225.8458 -302.4511 14.3685 -101.6706 -154.3338 485.1307 195.0159 -25.4672 157.8840 -756.7573 73.1128 143.8304 426.2266 -30.9890 204.0803 110.9586 241.3592 -396.2180 201.8516 300.2914 789.9102 98.3894 80.6204 -792.4009 -191.3192 -232.2322 412.0622 179.6513 -152.9677 -399.3605 -121.9541 -387.5047 425.1043 605.2872 -17.1726 428.5959 473.9832 332.8244 -444.4206 372.4381 251.9590 -166.4892 -2.6785 162.9177 -581.7222 28.9535 -66.5384 237.5315 62.6290 203.6828 300.5457 156.4008 -390.6775 -466.2854 129.7335 -539.7064 161.6192 -477.1375 -138.5873 65.5025 110.1493 162.6513 192.6302 -686.1246 43.4886 -185.2317 -82.2634 -410.7340 -150.9867 -35.4418 310.3177 598.7917 460.1032 239.5400 -255.9590 -89.1215 276.3892 544.5294 14.1258 -101.7932 -56.1668 48.3125
102.3206 219.6778 -287.3670 -677.8103 -5.5068 413.3531 888.1657 189.8908 577.8054 821.6501 -895.7785 -525.5782 -943.7298 -762.9409 -98.9645 -1069.4359 -206.4176 41.4111 -394.2587 192.0354 646.6224 1032.1671 458.9213 -605.4308 641.7836 -77.2484 354.1543 895.1514 -656.0244 702.4770 -532.9031 296.7228 -195.7210 -356.1237 162.1642 -420.8019 -25.8279 -64.1909 198.9273 192.6145 367.8334 -1153.6161 -1708.8009 -180.8486 997.9669 530.9490 734.2250 353.0953 -963.2936 270.6583 -10.3919 -1239.6868 575.8627 -1109.1133 -512.5326 -175.4778 -624.5208 653.3539 -786.9341 834.4172 1272.5214 -155.3471 -340.2646 773.0116 625.1140 905.4747 544.3646 466.6006 -481.3401 373.5794 414.7426 893.8604 -652.9138 119.1801 201.9084 1037.9565 27.6290 132.5597 -826.2906 -341.5876 242.5795 153.9427 1036.2057 121.8246 -1002.0457 -380.7056 -2.3262 -1486.1786 -305.9879 247.5005 -594.3604 888.8613 954.9125 389.5727 -868.3420 1055.1440 173.3224 126.1953 14.0182 459.6187 1171.9049 -464.1375 -574.3825 703.8839 -1116.8123 717.1085 -657.6136 121.2015 -1243.5411 -12.3948 208.4420 -956.7651 -188.8340 539.9293 -997.6747 715.8711 -191.3037 309.6789 -654.2645 -187.7029 764.5593 253.4695 152.6601 1008.3459 -573.0543 1124.2931 -344.7760 -62.9800 386.5009 -40.8007 -551.3019 -441.6882 599.2250 -771.4987 -82.7749 -953.1841 659.0578 312.7331 -1852.3802 225.3581 -298.9037 276.6665 -156.1008 599.0809 299.5649 -98.4494 -544.9450 107.8204 -73.7388 -607.4290 -289.8592 435.8475 -969.9570 1093.2891 126.4196 182.8973 -132.8210 511.5593 1371.5125 -97.9408 -512.3177 1088.7946 778.3810 652.1269 -265.6714 498.8288 -321.6248 -56.4100 833.3026 -552.2274 -1444.0442 199.8059 -656.9402 319.4919 690.1924 -904.0789 46.4421 528.1993 -600.5900 201.9075 -213.7825 -320.7739 996.2288 -41.6482 127.9749 892.1323 443.3088 -452.6354 410.3319 -2088.7837 154.7443 -1225.5553 122.8729 200.7226 1343.4968 293.2616 -332.6447 80.5037 670.7797 123.6740 -1403.2484 -747.7800 -196.5510 48.7290 326.8184 -1022.2472 139.9074 91.9453 -546.1688 -429.5861 228.4953 832.6302 821.9067 338.1546 262.9184 540.7278 1060.9449 274.1238 492.9883 660.2715 -31.4361 221.9898 336.8496 -1059.0765 -425.7142 55.5282 -344.6545 1652.0862 -159.6264 -313.8900 -930.4231 67.6271 -445.5026 -242.2065 -526.9764 864.9820 -440.5957 -655.5731 -1724.5348 -214.8093 -175.9249 1729.9070 417.6861 506.9439 -899.5190 -392.2700 333.9861 871.7386 266.2101 845.9974 -928.0347 -1321.3590 37.4302 -935.6935 -1034.7714 -726.5549 970.1951 -813.0594 -550.0558 363.4006 5.8459 -355.7164 1269.8055 -63.1672 145.2432 -518.5247 -136.6775 -444.6509 -656.0445 -341.4340 852.8145 1017.9305 -283.2095 1178.3000 -352.8026 1041.5461 302.5801 -143.0040 -240.4623 -355.0814 -420.4937 1497.7896 -94.9820 404.3134 179.6212 896.5728 329.5925 77.4179 -677.4396 -1307.1342 -1004.4179 -522.9000 558.8072 194.6140 -603.4380 -1188.7157 -30.8969 222.2267 122.6267 -105.4034
59.9766 128.8748 -168.5409 -397.6136 -3.1960 242.3983 520.9941 111.3932 338.9392 481.8878 -525.4039 -308.2792 -553.5827 -447.5579 -58.0750 -627.2947 -121.0433 24.2855 -231.2809 112.6667 379.3305 605.3675 269.1832 -355.0771 376.4673 -45.3395 207.7396 525.0322 -384.7641 411.9856 -312.5848 174.0056 -114.8134 -208.8687 95.1904 -246.8563 -15.1314 -37.6516 116.4718 113.2593 215.7556 -676.6398 -1002.2855 -106.0699 585.3685 311.3849 430.6788 207.1350 -565.0149 158.7475 -6.0834 -727.1550 337.7343 -650.5702 -300.6504 -102.9466 -366.2997 383.2413 -461.5766 489.4552 746.3826 -91.0860 -199.5507 453.3534 366.6884 531.0900 319.2693 273.6996 -282.3388 219.1276 243.2724 524.2659 -382.9336 69.9237 118.4188 608.8494 16.1860 77.7533 -484.6191 -200.4569 142.3044 90.2835 607.8084 71.4562 -587.7673 -223.3038 -1.3422 -871.6467 -179.4783 145.2151 -348.6107 521.3672 560.0743 228.5439 -509.2621 618.8840 101.6793 73.9964 8.2281 269.5913 687.3334 -272.2172 -336.8919 412.8474 -655.0434 420.6176 -385.7625 71.0985 -729.3456 -7.2392 122.2245 -561.1975 -110.7282 316.7065 -585.1487 419.9319 -112.1774 181.6696 -383.7640 -110.1360 448.4313 148.6456 89.5099 591.4719 -336.1669 659.4984 -202.1753 -36.8716 226.7340 -23.8926 -323.3987 -259.1044 351.4461 -452.5020 -48.5801 -559.0663 386.5233 183.4187 -1086.4552 132.1393 -175.4007 162.2913 -91.5750 351.3748 175.7001 -57.7511 -319.6518 63.1948 -43.2612 -356.2269 -170.1017 255.6319 -568.9357 641.3269 74.1306 107.2814 -77.9484 300.0612 804.4614 -57.4940 -300.5155 638.6583 456.5822 382.5830 -155.8159 292.5929 -188.6326 -33.0173 488.7605 -323.9078 -846.9872 117.2235 -385.2589 187.3988 404.8473 -530.3181 27.2549 309.8955 -352.3227 118.4140 -125.3752 -188.1463 584.3199 -24.4119 75.0872 523.2250 260.0168 -265.4867 240.6867 -1225.1981 90.7886 -718.8719 72.0816 117.7384 787.9878 172.0201 -195.1374 47.2587 393.4238 72.5038 -823.0967 -438.6017 -115.2658 28.6253 191.7108 -599.6375 82.0913 53.9578 -320.3454 -251.9515 134.0383 488.4111 482.0564 198.3128 154.2514 317.1107 622.3156 160.7556 289.1982 387.2603 -18.4107 130.2018 197.5557 -621.2267 -249.7184 32.5565 -202.1279 969.0323 -93.6332 -184.1312 -545.7242 39.6332 -261.2894 -142.0720 -309.0731 507.3621 -258.4163 -384.4464 -1011.4996 -126.0336 -103.2383 1014.6335 244.9329 297.4108 -527.5848 -230.0805 195.9103 511.3222 156.1100 496.1680 -544.3497 -775.0881 21.9934 -548.8307 -606.9319 -426.1374 569.0680 -476.8664 -322.5959 213.1952 3.4796 -208.7057 744.8126 -37.0997 85.1864 -304.1717 -80.1777 -260.8018 -384.8095 -200.1840 500.2453 597.0443 -166.0866 691.0931 -206.9697 610.9184 177.4067 -83.7947 -141.0659 -208.2820 -246.5939 878.5109 -55.6677 237.1679 105.3799 525.8526 193.2833 45.3749 -397.3355 -766.7206 -589.1889 -306.7163 327.7471 114.1733 -353.9106 -697.2126 -18.1781 130.3205 71.8943 -61.8592
-20.8262 -44.8565 58.6013 138.2913 1.1122 -84.2930 -181.1568 -38.7223 -117.8831 -167.5750 182.7131 107.1791 192.5167 155.6126 20.1950 218.1424 42.1010 -8.4722 80.4533 -39.1759 -131.9574 -210.5266 -93.5896 123.5008 -130.9260 15.7177 -72.2245 -182.5797 133.8235 -143.2750 108.7471 -60.5105 39.9195 72.6182 -33.0791 85.8171 5.2529 13.0825 -40.4589 -39.2978 -74.7286 235.2684 348.5623 36.9024 -203.6071 -108.2826 -149.8080 -72.0565 196.5141 -55.2407 2.1061 252.8853 -117.4335 226.2512 104.6070 35.8168 127.3888 -133.3274 160.5180 -170.1943 -259.6102 31.7085 69.3457 -157.6835 -127.5381 -184.7187 -111.0314 -95.2041 98.1563 -76.2308 -84.5895 -182.3452 133.1673 -24.3178 -41.1575 -211.7599 -5.6366 -27.0403 168.5693 69.6777 -49.4774 -31.4300 -211.3802 -24.8412 204.4187 77.6657 0.4774 303.1826 62.4070 -50.5151 121.2812 -181.3413 -194.8123 -79.4175 177.1033 -215.2496 -35.3662 -25.7540 -2.8502 -93.7946 -239.0302 94.6847 117.2063 -143.5595 227.7894 -146.2799 134.1445 -24.6974 253.6765 2.4798 -42.4979 195.1189 38.5235 -110.1407 203.4725 -146.0583 39.0391 -63.2049 133.4329 38.2708 -155.9909 -51.7310 -31.1618 -205.6777 116.9040 -229.3513 70.2929 12.8489 -78.8500 8.2626 112.4194 90.0920 -122.2046 157.3927 16.9006 194.4312 -134.4187 -63.8160 377.8385 -45.9729 60.9975 -56.4113 31.8295 -122.1783 -61.1366 20.0850 111.1827 -21.9708 15.0256 123.8785 59.1039 -88.8928 197.8513 -222.9764 -25.7827 -37.3135 27.1006 -104.3361 -279.7727 19.9731 104.5071 -222.0955 -158.7944 -133.0347 54.1754 -101.7778 65.5983 11.4665 -169.9968 112.6386 294.5763 -40.7660 134.0116 -65.1878 -140.8070 184.4562 -9.5058 -107.7586 122.5156 -41.1331 43.5937 65.3909 -203.2180 8.4658 -26.1280 -181.9424 -90.4512 92.3340 -83.6594 426.1105 -31.5147 249.9857 -25.0290 -40.9629 -274.0560 -59.8645 67.8517 -16.4459 -136.8696 -25.2676 286.2437 152.5663 40.0581 -9.9298 -66.6920 208.5892 -28.5653 -18.7389 111.3936 87.6328 -46.5887 -169.8355 -167.6483 -68.9795 -53.6511 -110.2784 -216.4127 -55.8958 -100.5989 -134.7134 6.4416 -45.2527 -68.7278 216.0326 86.8412 -11.3313 70.3155 -336.9758 32.5867 64.0464 189.7523 -13.7829 90.8577 49.3888 107.4689 -176.4852 89.8629 133.7043 351.7672 43.8150 35.8824 -352.8197 -85.1551 -103.4353 183.4303 79.9716 -68.1285 -177.8035 -54.3238 -172.5215 189.3074 269.5348 -7.5926 190.8975 211.0889 148.2132 -197.9063 165.8024 112.1370 -74.0816 -1.1892 72.6425 -259.0493 12.9178 -29.6247 105.7413 27.8798 90.6736 133.7781 69.6289 -173.9885 -207.6334 57.7574 -240.3584 71.9888 -212.4293 -61.7536 29.1954 49.0338 72.4321 85.7618 -305.5512 19.3778 -82.4832 -36.6098 -182.8923 -67.2277 -15.7656 138.2116 266.6916 204.9132 106.6367 -113.9724 -39.7117 123.1080 242.4874 6.2894 -45.3179 -25.0038 21.4911
89.8737 192.9377 -252.3650 -595.2610 -4.8128 363.0437 780.0387 166.8302 507.4897 721.6678 -786.7027 -461.6276 -828.8821 -670.1035 -86.9453 -939.2943 -181.3277 36.3178 -346.2951 168.7027 567.9391 906.5339 403.0510 -531.7144 563.6597 -67.8459 310.9952 786.1475 -576.1575 616.9446 -468.0242 260.5807 -171.9210 -312.8173 142.4204 -369.5952 -22.6651 -56.4253 174.3920 169.1869 323.0856 -1012.8949 -1500.7819 -158.7776 876.5289 466.2326 644.9158 310.1298 -846.0457 237.6952 -9.1176 -1088.8158 505.7723 -974.1090 -450.1666 -154.0732 -548.4615 573.7815 -691.1537 732.8481 1117.6152 -136.4515 -298.8122 678.8751 549.0195 795.2253 478.0729 409.7488 -422.7693 328.1268 364.2899 785.0632 -573.4281 104.6882 177.3301 911.6463 24.2453 116.3978 -725.7283 -300.0487 213.0972 135.1850 910.0580 107.0073 -880.0842 -334.3664 -1.9969 -1305.2540 -268.7552 217.4113 -522.0016 780.6558 838.6517 342.1367 -762.6202 926.7331 152.2295 110.7999 12.3359 403.6515 1029.2500 -407.6769 -504.4723 618.1910 -980.8514 629.7901 -577.5866 106.4229 -1092.1305 -10.8889 183.0409 -840.3493 -165.8445 474.2314 -876.1697 628.7736 -168.0111 271.9628 -574.7014 -164.8826 671.5084 222.6260 134.0564 885.5982 -503.3100 987.4852 -302.7620 -55.2741 339.4327 -35.8480 -484.2141 -388.0172 526.2200 -677.5783 -72.7411 -837.2095 578.8564 274.6605 -1626.8944 197.8518 -262.5510 243.0295 -137.1421 526.1359 263.0738 -86.4226 -478.6374 94.6655 -64.7929 -533.4709 -254.6213 382.8156 -851.9213 960.2334 111.0503 160.6430 -116.6599 449.3003 1204.5881 -86.0708 -449.9615 956.2953 683.6695 572.7804 -233.3059 438.1043 -282.4761 -49.5610 731.8521 -485.0062 -1268.2050 175.4805 -576.9248 280.6522 606.1918 -794.0548 40.8021 463.9524 -527.5168 177.3539 -187.7323 -281.7392 874.9614 -36.5548 112.4359 783.4756 389.3102 -397.6234 360.4318 -1834.5831 135.9424 -1076.4218 107.9107 176.2734 1179.9376 257.5787 -292.1879 70.7138 589.1174 108.5925 -1232.4442 -656.7782 -172.6172 42.8007 286.9810 -897.8541 122.8566 80.7727 -479.6311 -377.3026 200.6978 731.2516 721.8859 296.9695 230.9358 474.8981 931.8030 240.7400 432.9930 579.8913 -27.6190 194.9375 295.7750 -930.1889 -373.9085 48.7926 -302.7608 1450.9535 -140.1784 -275.6964 -817.2000 59.3873 -391.2405 -212.7264 -462.8186 759.6910 -386.9982 -575.7028 -1514.6064 -188.7034 -154.5044 1519.3252 366.7652 445.2474 -790.0165 -344.4721 293.3384 765.6000 233.7751 743.0079 -815.0688 -1160.5662 32.9103 -821.8002 -908.8236 -638.1138 852.1337 -714.0613 -483.0804 319.1704 5.1872 -312.4327 1115.2502 -55.4890 127.5569 -455.4228 -120.0594 -390.5189 -576.2065 -299.8432 749.0058 893.9910 -248.7366 1034.8710 -309.8801 914.7737 265.7075 -125.5193 -211.1825 -311.8786 -369.3300 1315.4452 -83.3854 355.1734 157.7462 787.4631 289.4470 67.9831 -594.9528 -1148.0693 -882.1726 -459.2647 490.7543 170.9711 -529.9202 -1044.0107 -27.1149 195.1730 107.6717 -92.6034
155.1302 333.1664 -435.8183 -1027.8613 -8.3040 626.8255 1346.9684 288.0331 876.2813 1246.0941 -1358.5482 -797.0547 -1431.2428 -1157.0132 -150.1159 -1621.8420 -313.0469 62.7634 -597.8860 291.3040 980.6187 1565.2971 695.9878 -918.1718 973.2789 -117.1288 537.0484 1357.4547 -994.8361 1065.2330 -808.1177 449.9488 -296.8065 -540.1003 245.9211 -638.1263 -39.1501 -97.3027 301.1875 292.0800 557.7786 -1749.4240 -2591.1428 -274.2311 1513.3839 805.1524 1113.4871 535.4918 -1460.8439 410.4913 -15.6712 -1879.9844 873.2786 -1681.9991 -777.3140 -266.0950 -947.0950 990.7946 -1193.4098 1265.3485 1929.8077 -235.5775 -516.0427 1172.3075 948.0356 1373.0867 825.5027 707.5984 -730.0049 566.5695 628.9759 1355.5020 -990.1516 180.7681 306.1533 1574.1128 41.8860 200.9868 -1253.0950 -518.0626 367.9193 233.4356 1571.4180 184.7655 -1519.6167 -577.3109 -3.4816 -2253.8103 -464.1034 375.3471 -901.3514 1347.9916 1448.1248 590.8032 -1316.8164 1600.1615 262.8748 191.3833 21.2445 696.9836 1777.1801 -703.8890 -871.0787 1067.4761 -1693.6785 1087.4464 -997.3345 183.7850 -1885.7972 -18.7736 316.0182 -1451.0209 -286.3181 818.8107 -1512.9657 1085.6726 -290.0732 469.6263 -992.2024 -284.6645 1159.5165 384.4012 231.4540 1529.1849 -869.1208 1705.0593 -522.8014 -95.4208 586.1534 -61.8381 -836.0374 -669.9563 908.6807 -1170.0131 -125.5163 -1445.4779 999.4664 474.3270 -2809.1860 341.7394 -453.4417 419.6007 -236.7740 908.5555 454.3206 -149.2697 -826.4232 163.4818 -111.8514 -921.1177 -439.5953 660.9650 -1471.0283 1658.0161 191.7807 277.3428 -201.4479 775.7867 2079.9202 -148.5991 -776.9786 1651.2566 1180.4343 989.0225 -402.8512 756.5377 -487.7465 -85.4920 1263.7136 -837.3873 -2189.9214 303.0189 -996.2387 484.5960 1046.6963 -1371.0725 70.5153 801.0945 -910.8127 306.1908 -324.1962 -486.4958 1510.8411 -63.1743 194.0835 1352.8966 672.2689 -686.4686 622.2805 -3167.7788 234.7286 -1858.6193 186.3506 304.4099 2037.4204 444.7524 -504.4417 122.1058 1017.1747 187.6334 -2128.0417 -1134.0081 -298.1048 73.8839 495.5968 -1550.3700 212.1650 139.4346 -828.2622 -651.5157 346.5231 1262.6534 1246.3882 512.8297 398.7526 819.9435 1608.9409 415.6658 747.6469 1001.2808 -47.6011 336.6477 510.8653 -1606.0913 -645.6001 84.2205 -522.7012 2505.4119 -242.0709 -476.1040 -1411.0306 102.6075 -675.5941 -367.3381 -799.0895 1311.8251 -668.1946 -994.1394 -2615.2693 -325.8081 -266.8969 2623.4558 633.3884 768.8871 -1364.1254 -594.8143 506.5062 1322.0413 403.7037 1282.9104 -1407.3739 -2003.9202 56.8453 -1418.9745 -1569.1974 -1101.8158 1471.3298 -1233.0267 -834.1589 551.1025 8.9282 -539.4779 1925.7024 -95.8436 220.2599 -786.3960 -207.2977 -674.3029 -994.8948 -517.7575 1293.3427 1543.6425 -429.4704 1786.8556 -535.0287 1579.5601 458.8081 -216.8027 -364.6545 -538.5333 -637.6520 2271.4424 -143.9640 613.2195 272.4156 1359.6781 499.7946 117.3748 -1027.3489 -1982.3436 -1523.2167 -792.9993 847.4179 295.1139 -915.0742 -1802.7173 -46.8218 336.9134 185.9773 -159.8545
-201.4166 -432.5360 565.7181 1334.4547 10.7496 -813.7429 -1748.7057 -373.9099 -1137.5941 -1617.7535 1763.6982 1034.8032 1858.0861 1502.1938 194.8667 2105.5376 406.3730 -81.4454 776.2458 -378.0770 -1273.0662 -2032.1251 -903.5705 1192.0336 -1263.5198 152.0854 -697.2082 -1762.3281 1291.5466 -1382.9291 1049.2021 -584.1910 385.3081 701.1270 -319.3214 828.4504 50.7407 126.3819 -390.9795 -379.1999 -724.1647 2271.2412 3364.3196 356.3567 -1964.7570 -1045.2891 -1445.5635 -695.2231 1896.5616 -532.8607 20.4608 2440.6780 -1133.6868 2183.6018 1009.0962 345.4447 1229.5903 -1286.3389 1549.3812 -1642.7822 -2505.3369 305.7912 669.9232 -1521.8795 -1230.7234 -1782.5905 -1071.6783 -918.6113 947.7069 -735.4847 -816.5101 -1759.8229 1285.4038 -234.6483 -397.4726 -2043.6022 -54.3571 -260.9422 1626.8011 672.5789 -477.6364 -303.0794 -2040.0935 -239.8362 1972.8157 749.4880 4.5399 2925.9504 602.4960 -487.3252 1170.1973 -1750.0021 -1880.0321 -767.0253 1709.5421 -2077.3057 -341.2844 -248.4547 -27.5767 -904.8948 -2307.2168 913.8251 1130.8513 -1385.7971 2198.7837 -1411.7881 1294.7203 -238.6613 2448.2507 24.3194 -410.3096 1883.7526 371.7181 -1063.0122 1964.1388 -1409.4265 376.6169 -609.6806 1288.1636 369.5759 -1505.2854 -498.9880 -300.4819 -1985.2323 1128.2878 -2213.5903 678.7348 123.9413 -760.9777 80.2310 1085.3647 869.7349 -1179.7029 1518.8949 162.9477 1876.6147 -1297.5353 -615.6426 3646.9490 -443.6685 588.6818 -544.7758 307.3577 -1179.4908 -589.8161 193.8283 1072.9301 -212.1804 145.1768 1195.8182 570.7634 -858.1225 1909.6519 -2152.5579 -248.9435 -360.0878 261.5584 -1007.1663 -2700.2415 192.9277 1008.7324 -2143.6743 -1532.5043 -1283.9979 523.0095 -982.1425 633.2053 111.0330 -1640.6151 1087.2168 2843.0269 -393.3639 1293.3589 -629.1224 -1358.8724 1780.0017 -91.5383 -1040.0981 1182.5111 -397.4974 420.9092 631.5455 -1961.3910 82.0365 -252.0145 -1756.4020 -872.7819 891.1685 -807.8672 4112.4307 -304.6908 2412.9102 -241.9223 -395.1797 -2645.0916 -577.3981 654.9250 -158.5841 -1320.5525 -243.5632 2762.7478 1472.2562 386.9784 -95.9560 -643.4186 2012.6837 -275.4448 -181.0414 1075.2751 845.8054 -449.8871 -1639.2349 -1618.1569 -665.7259 -517.7077 -1064.5427 -2088.7869 -539.6110 -970.6615 -1299.8557 61.8835 -437.0355 -663.1326 2085.1282 838.1625 -109.3166 678.6036 -3252.6118 314.2903 618.0544 1831.8694 -133.1573 877.0757 476.8383 1037.4241 -1703.0471 867.4545 1290.5441 3395.1938 422.9630 346.4128 -3405.8037 -822.2776 -998.1562 1770.9689 772.1844 -657.5703 -1716.2899 -524.1058 -1665.5402 1827.1464 2601.5383 -73.7497 1842.2201 2037.2134 1430.3998 -1910.1439 1600.7357 1082.8712 -715.4988 -11.6101 700.4047 -2500.0598 124.3547 -285.9200 1020.8798 269.1066 875.4077 1291.6399 672.1107 -1679.0231 -2004.0242 557.5396 -2319.8230 694.5812 -2050.6514 -595.6966 281.4707 473.4098 699.0750 827.8124 -2948.8311 186.9127 -796.1263 -353.6537 -1765.2328 -648.8149 -152.4088 1333.7075 2573.5454 1977.5382 1029.5177 -1100.1683 -383.1534 1187.9331 2340.3486 60.8224 -437.4584 -241.3836 207.6037
-63.5822 -136.5210 178.5544 421.0951 3.3879 -256.8197 -551.7762 -118.0063 -358.9348 -510.4768 556.5305 326.5301 586.3626 473.9971 61.5064 664.4092 128.2270 -25.7356 244.9543 -119.3147 -401.7080 -641.2375 -285.1065 376.1747 -398.7282 47.9687 -220.0101 -556.1445 407.5757 -436.3961 331.0562 -184.3706 121.5643 221.2184 -100.7341 261.3620 16.0061 39.8939 -123.3737 -119.6670 -228.5462 716.6688 1061.5911 112.3544 -619.6504 -329.8588 -456.1607 -219.4054 598.4808 -168.1481 6.4588 770.1959 -357.7518 689.0312 318.3978 108.9932 388.0310 -405.9245 488.9192 -518.4021 -790.5638 96.5087 211.4042 -480.2231 -388.3571 -562.4774 -338.1770 -289.8893 299.0418 -232.1039 -257.6353 -555.3003 405.6139 -74.0661 -125.3957 -644.8427 -17.1848 -82.3761 513.3239 212.2410 -150.7317 -95.6470 -643.7502 -75.6729 622.5096 236.5018 1.4241 923.2667 190.1340 -153.7568 369.2704 -552.2513 -593.2659 -242.0016 539.4761 -655.5188 -107.6790 -78.4431 -8.7207 -285.5190 -728.0806 288.3461 356.8722 -437.2577 693.8569 -445.5038 408.5726 -75.3272 772.5422 7.6772 -129.4679 594.3969 117.3249 -335.4578 619.8066 -444.7207 118.8133 -192.3727 406.4638 116.6194 -474.9996 -157.4782 -94.8482 -626.4130 356.0378 -698.5003 214.1973 39.1035 -240.0915 25.3226 342.4999 274.4323 -372.2441 479.2470 51.4059 592.1807 -409.4652 -194.2799 1150.8069 -140.0083 185.7256 -171.9378 97.0039 -372.1399 -186.1700 61.1547 338.5321 -66.9726 45.7956 377.3514 180.0715 -270.7758 602.6084 -679.2042 -78.5508 -113.6121 82.5344 -317.8357 -852.0284 60.8336 318.3006 -676.4470 -483.6063 -405.1524 165.0118 -309.8563 199.8163 35.0613 -517.7186 343.0758 897.1083 -124.1664 408.1323 -198.5111 -428.8109 561.7153 -28.9265 -328.1574 373.1292 -125.3953 132.8204 199.2819 -618.9366 25.8796 -79.5028 -554.2403 -275.4014 281.2398 -254.9416 1297.6890 -96.1674 761.3969 -76.3500 -124.6880 -834.6619 -182.2119 206.6666 -50.0198 -416.6957 -76.8656 871.7795 464.5122 122.0906 -30.2707 -203.0634 635.0785 -86.9013 -57.1190 339.2671 266.8672 -141.9534 -517.2230 -510.5885 -210.0930 -163.3411 -335.9389 -659.1044 -170.2481 -306.2858 -410.1644 19.5156 -137.9238 -209.3045 657.9735 264.4912 -34.4986 214.1183 -1026.3656 99.1810 195.0091 578.0601 -42.0228 276.7597 150.4994 327.3920 -537.4393 273.7596 407.2685 1071.3156 133.4455 109.3114 -1074.7322 -259.4798 -314.9715 558.8359 243.6577 -207.5233 -541.5684 -165.3843 -525.5861 576.5187 820.9378 -23.2520 581.3588 642.8741 451.3918 -602.7413 505.1354 341.7066 -225.7480 -3.6307 220.9760 -788.8785 39.2599 -90.2325 322.1201 84.8843 276.1971 407.5611 212.1028 -529.8265 -632.4270 175.8820 -732.0349 219.1753 -647.0709 -187.9840 88.8232 149.3922 220.5800 261.2044 -930.5387 59.0082 -251.1864 -111.5869 -557.0034 -204.7475 -48.1136 420.8710 812.0826 623.9841 324.8931 -347.1574 -120.8769 374.8514 738.5153 19.1640 -138.0433 -76.1677 65.4572
-179.7472 -386.0270 504.9374 1191.0352 9.6254 -726.2712 -1560.7211 -333.7538 -1015.2777 -1443.8562 1574.0548 923.5203 1658.3420 1340.6580 173.9111 1879.1552 362.6689 -72.7042 692.7807 -337.4549 -1136.1862 -1813.7010 -806.4296 1063.8667 -1127.7024 135.7415 -622.2434 -1572.8785 1152.7070 -1234.3141 936.4181 -521.3256 343.9539 625.7946 -284.9751 739.3950 45.3673 112.8170 -348.9704 -338.3813 -646.3056 2027.1124 3002.6150 317.7764 -1753.5698 -932.6160 -1290.1824 -620.4883 1692.6942 -475.5739 18.1905 2178.3452 -1011.8052 1948.9257 900.5898 308.3198 1097.3989 -1148.0753 1382.8142 -1466.1670 -2236.0278 272.9190 597.8965 -1358.2750 -1098.4058 -1590.9814 -956.5015 -819.8142 845.8061 -656.4215 -728.7669 -1570.6849 1147.2521 -209.4193 -354.7338 -1823.8668 -48.5565 -232.8827 1451.9659 600.2690 -426.2808 -270.4964 -1820.7761 -214.0583 1760.7000 668.9274 4.0185 2611.3955 537.7240 -434.9501 1044.4232 -1561.9113 -1677.9038 -684.5573 1525.7717 -1854.0848 -304.5659 -221.7547 -24.5865 -807.5904 -2059.2366 815.5845 1009.2928 -1236.8344 1962.4348 -1260.0278 1155.5812 -213.0398 2185.0366 21.7261 -366.2587 1681.2446 331.7667 -948.7677 1753.0023 -1257.9233 336.1144 -544.1723 1149.6622 329.8262 -1343.4873 -445.3502 -268.2018 -1771.8430 1006.9616 -1975.6036 605.7533 110.6145 -679.1866 71.7044 968.6752 776.2249 -1052.8822 1355.6193 145.4517 1674.9036 -1158.0413 -549.4709 3254.9055 -395.9386 525.3234 -486.1740 274.3079 -1052.6671 -526.3987 172.9803 957.5730 -189.3622 129.6061 1067.2993 509.4289 -765.9024 1704.3888 -1921.1394 -222.1553 -321.3551 233.4244 -898.9016 -2409.9863 172.1823 900.2563 -1913.1907 -1367.7590 -1145.9592 466.8053 -876.5216 565.1249 99.0692 -1464.2115 970.3076 2537.3884 -351.0671 1154.3198 -561.4584 -1212.7758 1588.6161 -81.7022 -928.2295 1055.3044 -354.7978 375.6506 563.6385 -1750.5171 73.2645 -224.9165 -1567.5901 -778.9589 795.3906 -721.0569 3670.3462 -271.9251 2153.5334 -215.9286 -352.6738 -2360.7522 -515.3367 584.5587 -141.5161 -1178.5837 -217.3649 2465.7383 1313.9537 345.3793 -85.6469 -574.2397 1796.3296 -245.8053 -161.5471 959.6382 754.8854 -401.4862 -1462.9868 -1444.2434 -594.1392 -462.0453 -950.1245 -1864.2479 -481.6031 -866.3258 -1160.1191 55.2139 -390.0911 -591.8086 1860.9359 748.0547 -97.5327 605.6617 -2902.9768 280.4666 551.5861 1634.9186 -118.8250 782.8054 425.6250 925.9320 -1519.9587 774.1954 1151.8621 3030.2476 377.4691 309.1603 -3039.6980 -733.8547 -890.8509 1580.6184 689.2654 -586.8801 -1531.8042 -467.7879 -1486.4960 1630.7111 2321.8223 -65.8014 1644.2018 1818.2560 1276.6610 -1704.7917 1428.6312 966.4110 -638.5433 -10.3010 625.0594 -2231.3035 111.0349 -255.1570 911.1486 240.1715 781.2649 1152.7694 599.8634 -1498.5460 -1788.6038 497.6235 -2070.4229 619.9102 -1830.1932 -531.6873 251.2564 422.4998 623.9145 738.8293 -2631.8623 166.8444 -710.5442 -315.6019 -1575.4601 -579.0864 -136.0057 1190.3291 2296.9082 1764.9364 918.8326 -981.8770 -341.9965 1060.2427 2088.7800 54.2513 -390.4354 -215.4625 185.2980
-226.1481 -485.6846 635.2671 1498.4828 12.0172 -913.6901 -1963.5465 -419.8638 -1277.3923 -1816.5203 1980.4319 1161.9496 2086.4675 1686.7605 218.8512 2364.2957 456.3281 -91.4926 871.6229 -424.5757 -1429.5315 -2281.8379 -1014.5837 1338.5018 -1418.7699 170.8003 -782.8807 -1978.8861 1450.2844 -1552.8961 1178.1473 -655.9271 432.6981 787.2780 -358.5275 930.2193 57.0602 141.9261 -439.0319 -425.7705 -813.1766 2550.3035 3777.7168 399.7828 -2206.2197 -1173.7156 -1622.9470 -780.6631 2129.6633 -598.2945 22.9123 2740.6082 -1273.0101 2451.9861 1133.0938 387.9070 1380.7041 -1444.4135 1739.7908 -1844.6366 -2813.2412 343.4128 752.2830 -1708.8870 -1382.0023 -2001.6779 -1203.4738 -1031.4729 1064.1173 -825.9285 -916.9064 -1976.1029 1443.3743 -263.4373 -446.2416 -2294.7925 -61.0623 -292.9769 1826.6879 755.1902 -536.3577 -340.3498 -2290.7439 -269.3494 2215.2422 841.6102 5.0732 3285.6272 676.4892 -547.2440 1314.0730 -1965.0759 -2111.0913 -861.3033 1919.6273 -2332.6873 -383.2001 -279.0372 -30.9704 -1016.1012 -2590.7700 1026.1074 1269.8323 -1556.0605 2468.9448 -1585.2330 1453.8890 -268.0015 2749.0959 27.2911 -460.7405 2115.2437 417.4179 -1193.6594 2205.5430 -1582.6550 422.9128 -684.6182 1446.4781 415.0467 -1690.3295 -560.3151 -337.4539 -2229.1880 1266.9907 -2485.5662 762.1239 139.1265 -854.4266 90.1268 1218.7728 976.5944 -1324.6339 1705.5939 182.9895 2107.2407 -1456.9652 -691.3470 4095.1267 -498.1178 661.0035 -611.6733 345.1799 -1324.4343 -662.2823 217.6464 1204.7328 -238.2973 163.0021 1342.8077 640.9208 -963.5568 2144.3284 -2417.0955 -279.5340 -404.3449 293.6648 -1130.9225 -3032.0286 216.5804 1132.6176 -2407.1353 -1720.8265 -1441.7738 587.2419 -1102.8552 711.0416 124.5939 -1842.1754 1220.8140 3192.4355 -441.8000 1452.3397 -706.4300 -1525.8818 1998.6964 -102.7786 -1167.8145 1327.7747 -446.3144 472.6276 709.1525 -2202.4353 92.1166 -283.0332 -1972.1265 -979.9880 1000.7675 -907.1024 4617.8184 -342.1546 2709.4597 -271.6554 -443.7858 -2970.1650 -648.3831 735.4111 -178.0181 -1482.7837 -273.4939 3102.2358 1653.1888 434.5320 -107.7143 -722.4355 2260.0168 -309.2768 -203.2446 1207.4351 949.7565 -505.1453 -1840.6429 -1816.9746 -747.5469 -581.3270 -1195.3267 -2345.4673 -605.8740 -1089.9393 -1459.6110 69.5167 -490.7395 -744.6557 2341.3811 941.1586 -122.7687 761.9986 -3652.3542 352.9397 693.9839 2056.9707 -149.5311 984.9013 535.5115 1164.9229 -1912.3932 974.0459 1449.1810 3812.4443 474.9121 388.9443 -3824.3857 -923.3548 -1120.8341 1988.5908 867.0914 -738.3696 -1927.2535 -588.4748 -1870.1866 2051.6323 2921.2454 -82.7894 2068.6499 2287.6108 1606.2581 -2144.8660 1797.4000 1215.8691 -803.4000 -13.0277 786.4696 -2807.2927 139.7103 -321.0390 1146.3706 302.1579 982.9485 1450.3522 754.7519 -1885.3224 -2250.3281 626.0748 -2604.9080 779.9608 -2302.6128 -668.9087 316.0611 531.5454 784.9863 929.5097 -3311.2620 209.9397 -893.9414 -397.1486 -1982.1185 -728.5701 -171.1557 1497.6663 2889.8220 2220.4878 1155.9888 -1235.3209 -430.2765 1333.9323 2627.9573 68.2666 -491.2394 -271.0722 233.0683
-379.2695 -814.5803 1065.4445 2513.0249 20.2690 -1532.4871 -3293.1606 -704.1360 -2142.3406 -3046.5242 3321.3970 1948.7203 3499.2070 2828.8894 367.0255 3965.1682 765.3384 -153.3590 1461.8169 -712.0604 -2397.5427 -3826.9170 -1701.6139 2244.8611 -2379.4714 286.3869 -1312.9937 -3318.8845 2432.2617 -2604.4355 1975.9056 -1100.0461 725.6620 1320.4351 -601.3329 1560.1259 95.6750 238.0384 -736.3047 -714.1306 -1363.7700 4277.2129 6335.6167 670.4778 -3700.0632 -1968.4557 -2722.4312 -1308.9583 3571.6460 -1003.4661 38.4018 4596.3521 -2134.9724 4112.2173 1900.2886 650.5015 2315.4932 -2422.4355 2917.8621 -3093.7649 -4718.1211 575.8595 1261.6187 -2866.0305 -2317.7439 -3356.9810 -2018.2891 -1729.9279 1784.6898 -1385.0818 -1537.7092 -3314.1147 2420.6460 -441.9312 -748.5459 -3848.5264 -102.4099 -491.4129 3063.6143 1266.5908 -899.5347 -570.7144 -3841.9180 -451.6889 3715.2390 1411.4833 8.5185 5510.2612 1134.5731 -917.7116 2203.6868 -3295.6360 -3540.4927 -1444.4800 3219.4026 -3912.1616 -642.6994 -467.9063 -51.9462 -1704.0540 -4345.0371 1720.9518 2129.6704 -2609.6956 4140.7432 -2658.7158 2438.3142 -449.4135 4610.6230 45.8447 -772.7571 3547.5212 700.1164 -2001.8800 3698.9333 -2654.3433 709.2256 -1148.2494 2425.8855 696.0515 -2834.7966 -939.6927 -565.9214 -3738.6780 2124.8406 -4168.5747 1278.1893 233.3614 -1433.0017 151.1592 2044.0583 1637.9169 -2221.5562 2860.4546 306.9520 3534.1265 -2443.6069 -1159.4661 6867.9473 -835.4915 1108.5295 -1025.9061 578.8163 -2221.2231 -1110.7458 365.0185 2020.5050 -399.6490 273.4396 2252.0383 1074.8616 -1616.0618 3596.3582 -4053.7043 -468.7281 -678.0668 492.5314 -1896.6892 -5085.0659 363.2400 1899.5365 -4037.0190 -2886.0530 -2418.0488 984.8716 -1849.5314 1192.4089 208.9413 -3089.6384 2047.4762 5354.0713 -740.8657 2435.6084 -1184.7218 -2559.0156 3352.0757 -172.3596 -1958.6720 2226.8374 -748.5332 792.6043 1189.2753 -3693.7168 154.4689 -474.6630 -3307.6069 -1643.5918 1678.3173 -1521.4177 7744.6113 -573.8342 4544.0962 -455.5908 -744.1908 -4981.2559 -1087.3958 1233.3759 -298.6282 -2486.8640 -458.6112 5202.8613 2772.5566 728.7777 -180.6882 -1211.6583 3790.3030 -518.6990 -340.8971 2024.9333 1592.8539 -847.1985 -3087.0127 -3047.2930 -1253.6765 -974.9560 -2004.7584 -3933.5840 -1016.1983 -1827.9340 -2447.9602 116.4716 -823.0411 -1248.7905 3926.7449 1578.4393 -205.8805 1278.0417 -6125.3726 591.7899 1163.8879 3449.7097 -250.7814 1651.7963 898.0324 1953.6847 -3207.1973 1633.6061 2430.4692 6393.9287 796.4858 652.3408 -6413.8989 -1548.4922 -1879.7950 3335.1501 1454.2885 -1238.3478 -3232.1482 -986.9237 -3136.5383 3440.8484 4899.2632 -138.8664 3469.3469 3836.5581 2693.7917 -3597.2417 3014.5027 2039.2200 -1347.3325 -21.7985 1318.9948 -4708.1387 234.2601 -538.4694 1922.5946 506.7433 1648.5447 2432.4087 1265.7094 -3161.9858 -3774.0337 1050.0476 -4368.7432 1308.1121 -3861.7368 -1121.7805 530.0972 891.5505 1316.4956 1558.9097 -5553.3296 352.0071 -1499.2822 -666.0051 -3324.2581 -1221.8605 -287.0062 2511.6614 4846.5845 3724.0850 1938.7384 -2071.8044 -721.6250 2237.1899 4407.3926 114.4823 -823.8748 -454.6035 390.9170
303.5850 651.9847 -852.7504 -2011.3862 -16.2156 1226.5923 2635.7842 563.6136 1714.6599 2438.3594 -2658.3672 -1559.7482 -2800.7278 -2264.1646 -293.7996 -3173.6174 -612.5643 122.7950 -1169.9861 569.9835 1918.9576 3062.9749 1361.9288 -1796.7439 1904.5125 -229.2091 1050.9222 2656.3315 -1946.7915 2084.4995 -1581.4315 880.5083 -580.7883 -1056.8225 481.2693 -1248.6725 -76.5706 -190.4950 589.2877 571.6099 1091.5261 -3423.3489 -5070.9199 -536.6465 2961.4624 1575.4832 2178.9543 1047.9133 -2858.3711 803.1731 -30.7276 -3678.8250 1708.8418 -3291.3557 -1521.0052 -520.7059 -1853.3262 1938.8468 -2335.3457 2476.0671 3776.2783 -460.9893 -1009.8115 2293.8667 1855.0559 2686.8813 1615.3845 1384.5966 -1428.4506 1108.5994 1230.7882 2652.5566 -1937.4626 353.7094 599.0723 3080.3181 81.9633 393.3117 -2452.0571 -1013.7172 720.0429 456.8276 3074.9668 361.4664 -2973.6160 -1129.7662 -6.8327 -4410.3286 -908.0985 734.5351 -1763.8247 2637.7400 2833.7959 1156.0941 -2576.7986 3131.1970 514.3805 374.4987 41.5876 1363.8878 3477.6560 -1377.3572 -1704.5557 2088.7871 -3314.1387 2127.9146 -1951.5663 359.7380 -3690.2212 -36.7134 618.4500 -2839.3611 -560.3206 1602.2621 -2960.5415 2124.4705 -567.6504 918.9488 -1941.6681 -557.0597 2268.9990 752.1521 452.9817 2992.3152 -1700.6511 3336.4507 -1023.0017 -186.7751 1146.9044 -120.9828 -1636.0153 -1310.9087 1778.0526 -2289.4478 -245.6223 -2828.6072 1955.8188 928.0403 -5497.0239 668.7169 -887.2557 821.0942 -463.3332 1777.8293 889.0110 -292.1162 -1617.1567 319.9366 -218.8677 -1802.4901 -860.2380 1293.4156 -2878.4634 3244.4839 375.2449 542.6720 -394.1859 1518.0563 4070.0015 -290.7298 -1520.3317 3231.2209 2309.9172 1935.3185 -788.2545 1480.2938 -954.3931 -167.2721 2472.8655 -1638.7162 -4285.2563 592.9965 -1949.4651 948.2608 2048.2410 -2682.9075 137.9910 1567.6343 -1782.2516 599.1194 -634.4022 -951.8815 2956.3950 -123.6051 379.8670 2647.3191 1315.4752 -1343.3513 1217.6891 -6198.6899 459.3186 -3637.0112 364.6213 595.6747 3986.8882 870.3580 -987.1932 238.9801 1990.5024 367.0538 -4164.2407 -2219.1228 -583.2764 144.5835 969.7598 -3033.6873 415.1929 272.8644 -1620.7493 -1274.8625 678.0266 2470.7747 2438.9888 1003.4496 780.3328 1604.5842 3148.3743 813.3322 1463.0365 1959.2874 -93.2328 658.7379 999.5361 -3142.8767 -1263.3450 164.7783 -1022.8860 4902.6411 -473.7060 -931.5257 -2761.1172 200.7402 -1322.0431 -718.7935 -1563.7015 2567.0237 -1307.5345 -1945.2847 -5117.5278 -637.4991 -522.1356 5133.5698 1239.4396 1504.5594 -2669.3333 -1163.9249 991.1143 2586.9160 789.9095 2510.3889 -2753.9951 -3921.2822 111.1515 -2776.8110 -3070.6965 -2156.0547 2879.0903 -2412.7310 -1632.1932 1078.3857 17.4576 -1055.6997 3768.2517 -187.5310 430.9643 -1538.8308 -405.5867 -1319.4320 -1946.8405 -1013.0845 2530.7600 3020.6670 -840.4262 3496.6609 -1046.9946 3090.8474 897.8661 -424.2417 -713.5882 -1053.6996 -1247.7427 4444.7993 -281.7983 1199.9822 533.0632 2660.7141 977.9849 229.7084 -2010.3341 -3879.0327 -2980.6572 -1551.7153 1658.1943 577.5242 -1790.5751 -3527.5701 -91.5448 659.3835 363.8296 -312.8556
-152.3547 -327.2238 428.0005 1009.4686 8.1442 -615.6376 -1322.8942 -282.8519 -860.6046 -1223.8322 1334.1886 782.8295 1405.6376 1136.4064 147.4530 1592.8431 307.4537 -61.5429 587.2340 -286.0906 -963.1283 -1537.2816 -683.5411 901.7048 -955.8568 115.0462 -527.4420 -1333.2170 977.0854 -1046.2267 793.7055 -441.9199 291.5403 530.4481 -241.5543 626.7240 38.4397 95.6100 -295.7896 -286.8562 -547.8525 1718.2079 2545.0559 269.3616 -1486.3556 -790.6855 -1093.6559 -525.9333 1434.7491 -402.7520 15.4362 1846.3965 -857.6594 1651.9076 763.3798 261.2950 930.1340 -973.1064 1172.1301 -1242.7910 -1895.2692 231.3054 506.7983 -1151.3153 -931.0317 -1348.5464 -810.8110 -694.8676 716.9429 -556.3483 -617.6899 -1331.3066 972.3914 -177.5115 -300.6842 -1546.0126 -41.0858 -197.3661 1230.6810 508.7865 -361.3519 -229.2574 -1543.3396 -181.4283 1492.4828 567.0119 3.4063 2213.5103 455.7673 -368.6481 885.2570 -1323.8589 -1422.2701 -580.2562 1293.2922 -1571.5690 -258.1943 -187.9548 -20.8824 -684.5060 -1745.3969 691.3170 855.4810 -1048.3712 1663.3258 -1068.0337 979.5006 -180.5230 1852.1302 18.4232 -310.4355 1425.0770 281.2090 -804.1595 1485.8597 -1066.2979 284.9121 -461.2176 974.5135 279.6122 -1138.7578 -377.4489 -227.3334 -1501.8656 853.5627 -1674.5309 513.4470 93.7286 -575.6333 60.7314 821.1411 657.9688 -892.4290 1149.0833 123.2818 1419.7041 -981.5920 -465.7457 2758.8818 -335.5805 445.3102 -412.1306 232.5244 -892.2740 -446.1499 146.6451 811.6867 -160.5345 109.8304 904.6591 431.8018 -649.1688 1444.6945 -1628.4210 -188.3210 -272.4273 197.8559 -761.8972 -2042.7313 145.9187 763.1064 -1621.6957 -1159.3441 -971.3795 395.6605 -742.9481 479.0373 83.9226 -1241.1078 822.4995 2150.7488 -297.6072 978.4328 -475.8946 -1027.9822 1346.5269 -69.2572 -786.7848 894.5291 -300.6920 318.4115 477.7430 -1483.7915 62.1026 -190.6488 -1328.6735 -660.2159 674.2015 -611.1415 3111.0874 -230.5549 1825.3616 -183.0432 -298.9367 -2001.0375 -436.7636 495.4856 -119.9954 -998.9878 -184.2200 2089.9951 1113.7657 292.7491 -72.5882 -486.7395 1522.5834 -208.3531 -136.9811 813.4277 639.8892 -340.3308 -1240.0516 -1224.0864 -503.5890 -391.6319 -805.3026 -1580.1786 -408.2176 -734.3088 -983.3162 46.7565 -330.6275 -501.5702 1577.4152 634.0637 -82.6530 513.3929 -2460.6045 237.7569 467.5122 1385.7888 -100.7545 663.5375 360.7225 784.8337 -1288.3328 656.2413 976.3163 2568.5049 319.9594 262.0193 -2576.5247 -622.0454 -755.1036 1339.7802 584.1581 -497.4579 -1298.3654 -396.4405 -1259.9650 1382.2080 1968.0840 -55.7875 1393.6945 1541.1914 1082.1130 -1445.0272 1210.9235 819.1400 -541.2266 -8.7628 529.8531 -1891.2852 94.0680 -216.3075 772.3829 203.5441 662.2612 977.1455 508.4591 -1270.1461 -1516.0406 421.8533 -1754.9874 525.4796 -1551.3058 -450.6305 212.8961 358.1694 528.8775 626.2430 -2230.7971 141.4334 -602.2906 -267.5496 -1335.3892 -490.8534 -115.3002 1008.9136 1946.9135 1495.9677 778.8000 -832.2236 -289.8999 898.7056 1770.4969 45.9905 -330.9468 -182.6238 157.0455
-54.6782 -117.4902 153.6681 362.4366 2.9145 -220.9843 -474.9617 -101.5428 -308.9723 -439.3459 479.0026 281.0208 504.6885 407.9428 52.9580 571.7938 110.3664 -22.1216 210.7832 -102.7432 -345.7152 -551.8643 -245.4152 323.7567 -343.1548 41.3211 -189.3701 -478.5873 350.7419 -375.6065 284.9276 -158.6177 104.6238 190.4453 -86.7588 225.0108 13.8343 34.3358 -106.1646 -102.9505 -196.6506 616.8390 913.6954 96.6974 -533.5865 -283.8821 -392.6167 -188.8311 515.0598 -144.7222 5.8167 662.8448 -307.9074 593.0596 274.0223 93.8354 333.9539 -349.3304 420.7545 -446.1239 -680.4355 83.0892 181.9749 -413.2834 -334.2657 -484.1244 -291.0692 -249.4688 257.3776 -199.7522 -221.7829 -477.9802 349.1282 -63.7080 -107.9390 -555.0157 -14.8026 -70.8886 441.7827 182.6914 -129.7383 -82.2514 -554.0804 -65.1208 535.7801 203.5856 1.2499 794.6298 163.6264 -132.3424 317.8097 -475.2701 -510.5866 -208.3250 464.3045 -564.1681 -92.6827 -67.4604 -7.4765 -245.7617 -626.6267 248.1682 307.1443 -376.3740 597.1724 -383.4081 351.6206 -64.8373 664.9047 6.6437 -111.3936 511.5952 100.9145 -288.7131 533.4621 -382.7984 102.2858 -165.5952 349.8770 100.3310 -408.7918 -135.5156 -81.5913 -539.1759 306.4182 -601.1667 184.3097 33.6427 -206.6511 21.8052 294.7790 236.1920 -320.3741 412.5178 44.2539 509.6402 -352.3972 -167.1995 990.4238 -120.5018 159.8882 -147.9270 83.5088 -320.3796 -160.1665 52.6511 291.3751 -57.6069 39.4803 324.7695 155.0169 -233.0601 518.6583 -584.6158 -67.6250 -97.7965 71.0066 -273.5182 -733.3619 52.3720 273.9146 -582.1487 -416.2199 -348.7249 142.0446 -266.7182 171.9631 30.1716 -445.5879 295.2657 772.1210 -106.8489 351.2300 -170.8409 -369.0699 483.3990 -24.8304 -282.4631 321.1044 -107.9300 114.3332 171.5319 -532.6833 22.2733 -68.4421 -477.0030 -237.0024 242.0742 -219.4345 1116.8817 -82.7384 655.3033 -65.6879 -107.2931 -718.3573 -156.7992 177.8511 -43.0696 -358.6660 -66.1379 750.3445 399.8068 105.1083 -26.0761 -174.7549 546.6298 -74.7755 -49.2027 291.9848 229.6855 -122.1896 -445.1997 -439.4362 -180.8098 -140.6232 -289.1137 -567.2843 -146.5264 -263.6296 -352.9789 16.7354 -118.6974 -180.0705 566.2853 227.6360 -29.6863 184.3245 -883.3766 85.3064 167.8624 497.5304 -36.1758 238.1804 129.5425 281.7328 -462.5380 235.5830 350.4953 922.0929 114.8692 94.1091 -924.9870 -223.3231 -271.0745 480.9881 209.7460 -178.5823 -466.1342 -142.3406 -452.3666 496.2168 706.5490 -20.0581 500.3583 553.2834 388.4822 -518.7580 434.7469 294.0582 -194.3014 -3.1276 190.2050 -678.9847 33.7972 -77.6422 277.2552 73.0687 237.7556 350.7772 182.5309 -456.0138 -544.2560 151.4479 -630.0338 188.6429 -556.9250 -161.7710 76.4808 128.6248 189.8384 224.8069 -800.8920 50.7179 -216.1898 -96.0085 -479.3822 -176.1954 -41.3855 362.2028 698.9230 537.0952 279.5924 -298.7884 -104.0642 322.5868 635.6354 16.5068 -118.8185 -65.5804 56.3594
286.6732 615.5974 -805.2039 -1899.2196 -15.3358 1158.1447 2488.7832 532.1625 1619.0060 2302.4294 -2510.1401 -1472.7169 -2644.4829 -2137.8494 -277.3516 -2996.6201 -578.4245 115.9282 -1104.7162 538.1185 1811.8906 2892.1189 1285.9283 -1696.4556 1798.3070 -216.4045 992.3173 2508.2036 -1838.1528 1968.2484 -1493.2377 831.3941 -548.4171 -997.8699 454.4236 -1179.0587 -72.2836 -179.8264 556.4459 539.7313 1030.6299 -3232.4604 -4788.0864 -506.7100 2796.3186 1487.6495 2057.3862 989.4709 -2699.2178 758.3699 -29.0300 -3473.3865 1613.5470 -3107.7554 -1436.1340 -491.6268 -1749.9231 1830.7028 -2205.0327 2338.0159 3565.6375 -435.2354 -953.4438 2165.9990 1751.6372 2536.9939 1525.3247 1307.3339 -1348.7990 1046.7600 1162.0900 2504.5876 -1829.3882 333.9445 565.6584 2908.4470 77.3827 371.3626 -2315.3193 -957.2047 679.8158 431.3530 2903.4702 341.3459 -2807.7441 -1066.6865 -6.4919 -4164.3359 -857.4899 693.5252 -1665.4199 2490.5986 2675.6907 1091.5957 -2433.0229 2956.5762 485.6674 353.6276 39.2915 1287.8518 3283.6653 -1300.5773 -1609.4504 1972.2549 -3129.3191 2009.2635 -1842.6816 339.5927 -3484.4390 -34.6500 583.9575 -2680.9478 -529.1064 1512.8647 -2795.4866 2005.9417 -536.0015 867.6929 -1833.3342 -525.9782 2142.3704 710.1740 427.7077 2825.4817 -1605.8298 3150.4141 -965.9735 -176.3606 1082.9941 -114.2684 -1544.7968 -1237.7833 1678.9504 -2161.7366 -231.8737 -2670.8550 1846.6792 876.2521 -5190.4375 631.4371 -837.7961 775.2911 -437.4539 1678.6429 839.4087 -275.7990 -1526.9639 302.0027 -206.5812 -1701.9141 -812.2853 1221.3215 -2717.9277 3063.5408 354.3049 512.4500 -372.2252 1433.4083 3843.0217 -274.5168 -1435.6066 3050.9229 2181.0513 1827.4402 -744.3261 1397.8354 -901.2080 -157.9636 2334.8955 -1547.3246 -4046.2046 559.9125 -1840.7380 895.3526 1933.9763 -2533.2847 130.2832 1480.2076 -1682.9058 565.7082 -599.0399 -898.8366 2791.5000 -116.7364 358.6331 2499.6760 1242.1464 -1268.3557 1149.8331 -5852.9639 433.6776 -3434.1147 344.2989 562.4501 3764.5413 821.7589 -932.0748 225.7063 1879.4661 346.6308 -3932.0146 -2095.3284 -550.7756 136.5042 915.7391 -2864.5249 392.0400 257.6708 -1530.3618 -1203.8165 640.2549 2332.9556 2303.0098 947.4802 736.8257 1515.0291 2972.8125 767.9838 1381.4570 1850.0382 -88.0494 621.9722 943.7704 -2967.5662 -1192.8536 155.5746 -965.7975 4629.1855 -447.2681 -879.5936 -2607.1025 189.5033 -1248.2944 -678.7021 -1476.4774 2423.8088 -1234.5475 -1836.7698 -4832.2041 -602.0131 -492.9838 4847.1919 1170.3018 1420.5792 -2520.5010 -1099.0253 935.8857 2442.6526 745.8542 2370.4497 -2600.3706 -3702.5625 104.9073 -2621.8833 -2899.4460 -2035.7913 2718.5046 -2278.1558 -1541.1631 1018.2769 16.4498 -996.7891 3558.0847 -177.0440 406.9507 -1453.0002 -383.0042 -1245.8643 -1838.2367 -956.5718 2389.5789 2852.1965 -793.5453 3301.6592 -988.5563 2918.4824 847.7873 -400.6031 -673.7452 -995.0018 -1178.1379 4196.8125 -266.1105 1133.0485 503.2793 2512.2900 923.4463 216.9207 -1898.1525 -3662.7019 -2814.4492 -1465.1960 1565.7343 545.3419 -1690.7556 -3330.8354 -86.5054 622.5532 343.6117 -295.4475
-101.1181 -217.2415 284.1820 670.1891 5.4026 -408.7385 -878.2512 -187.7736 -571.3655 -812.4949 885.8298 519.7273 933.2220 754.4833 97.8733 1057.5195 204.0963 -40.8595 389.8684 -189.9169 -639.3817 -1020.6139 -453.8286 598.7293 -634.6242 76.3930 -350.1515 -885.1482 648.6758 -694.6028 526.9530 -293.3856 193.5526 352.1786 -160.3894 416.0971 25.5514 63.4727 -196.3852 -190.5250 -363.7061 1140.7467 1689.7177 178.8274 -986.7972 -524.9974 -726.0659 -349.1547 952.4933 -267.6377 10.2593 1225.8076 -569.1130 1096.7280 506.7927 173.4389 617.5741 -646.0528 778.1721 -825.1336 -1258.3394 153.6140 336.4851 -764.4092 -618.1327 -895.3334 -538.2946 -461.3772 475.9988 -369.3904 -410.1294 -883.8782 645.5912 -117.8942 -199.6476 -1026.3997 -27.2970 -131.0362 817.0604 337.8141 -239.9167 -152.1861 -1024.6177 -120.5320 990.8344 376.4104 2.2696 1469.5780 302.5874 -244.7710 587.6967 -878.9633 -944.2463 -385.1977 858.6389 -1043.3561 -171.4404 -124.7736 -13.8385 -454.4569 -1158.8129 458.9668 567.9588 -695.9976 1104.3658 -709.1014 650.2839 -119.8696 1229.6481 12.2383 -206.0576 946.1143 186.7243 -533.8825 986.5074 -707.8780 189.1352 -306.2408 647.0011 185.5865 -756.0613 -250.6432 -150.9038 -997.0883 566.6758 -1111.7402 340.9333 62.2589 -382.1974 40.3128 545.1591 436.8508 -592.4912 762.8911 81.8152 942.5615 -651.7319 -309.2185 1831.6837 -222.7907 295.6166 -273.5859 154.3713 -592.4332 -296.2141 97.3200 538.9365 -106.6213 72.9183 600.6430 286.6610 -430.9886 959.1552 -1081.1313 -125.0288 -180.8561 131.3096 -505.8456 -1356.1765 96.8664 506.6234 -1076.6755 -769.7091 -644.8675 262.6644 -493.2450 318.0146 55.7573 -823.9951 546.0648 1427.9137 -197.5896 649.5811 -315.9574 -682.4612 893.9769 -45.9803 -522.3470 593.8500 -199.5858 211.3883 317.2012 -985.0958 41.1841 -126.5796 -882.1495 -438.3783 447.5899 -405.7819 2065.5330 -153.0522 1211.8970 -121.5315 -198.4720 -1328.4980 -289.9880 328.9498 -79.6330 -663.2499 -122.2894 1387.5740 739.4246 194.3769 -48.1465 -323.1577 1010.8797 -138.3294 -90.8954 540.0431 424.8298 -225.9348 -823.2898 -812.7052 -334.3259 -259.9772 -534.6779 -1049.0732 -271.0282 -487.4964 -652.8725 31.0207 -219.4968 -333.0539 1047.2472 420.9269 -54.9073 340.8319 -1633.5862 157.8530 310.4127 920.0540 -66.8897 440.5340 239.5274 521.0793 -855.3167 435.6915 648.2281 1705.2413 212.4210 174.0338 -1710.5685 -413.0175 -501.3367 889.5111 387.8317 -330.2950 -862.0195 -263.2436 -836.5280 917.6700 1306.6475 -37.0077 925.2734 1023.1368 718.4355 -959.3778 803.9794 543.8593 -359.3407 -5.8304 351.7260 -1255.6508 62.4840 -143.6542 512.7654 135.1368 439.6863 648.7482 337.5649 -843.2805 -1006.5589 280.0327 -1165.1429 348.8840 -1029.9352 -299.1547 141.3684 237.7749 351.1010 415.7688 -1481.0646 93.8467 -399.8584 -177.6344 -886.5850 -325.8823 -76.5713 669.8441 1292.5851 993.1932 517.0136 -552.5614 -192.4629 596.6422 1175.4473 30.5186 -219.7097 -121.2050 104.2599
9.5612 20.4698 -26.8026 -63.1730 -0.5387 38.5008 82.8184 17.7169 53.8230 76.6012 -83.5273 -49.0345 -87.9614 -71.0715 -9.1877 -99.6495 -19.2332 3.8686 -36.7572 17.8796 60.2364 96.1728 42.7899 -56.4434 59.8160 -7.1643 32.9929 83.4579 -61.1847 65.4489 -49.6538 27.7006 -18.2111 -33.1809 15.0988 -39.2374 -2.3762 -5.9666 18.5224 17.9517 34.2748 -107.4960 -159.2224 -16.8450 93.0063 49.4775 68.3853 32.9277 -89.7646 25.2263 -0.9971 -115.5719 53.6937 -103.0386 -47.7830 -16.3757 -58.2351 60.9310 -73.3524 77.8310 118.5695 -14.4589 -31.7154 72.0827 58.2593 84.3883 50.7379 43.4946 -44.8647 34.7728 38.6621 83.3443 -60.8434 11.0490 18.8155 96.7819 2.5709 12.3516 -76.9693 -31.8395 22.6315 14.4064 96.5940 11.3648 -93.3818 -35.4533 -0.2342 -138.5369 -28.5229 23.0641 -55.3883 82.8448 89.0261 36.2708 -80.9106 98.3471 16.1140 11.8077 1.3000 42.8536 109.1926 -43.2611 -53.5174 65.6196 -104.1278 66.8149 -61.2631 11.3009 -115.9112 -1.1118 19.4432 -89.1551 -17.5969 50.3304 -92.9858 66.7296 -17.8890 28.8368 -61.0182 -17.4556 71.2754 23.6294 14.2562 93.9890 -53.4849 104.8067 -32.1384 -5.8357 36.0199 -3.8011 -51.3997 -41.1698 55.8540 -71.8492 -7.7295 -88.8504 61.4164 29.1197 -172.6545 21.0100 -27.8825 25.7845 -14.5572 55.8773 27.9710 -9.1594 -50.7877 10.0550 -6.8188 -56.5766 -26.9950 40.6234 -90.3959 101.9049 11.7820 17.0190 -12.4115 47.6744 127.8189 -9.1483 -47.7588 101.5288 72.5476 60.7813 -24.7693 46.5335 -29.9612 -5.2319 77.6545 -51.4880 -134.5899 18.6649 -61.2345 29.8293 64.3097 -84.2335 4.3644 49.2358 -55.9682 18.8292 -19.9647 -29.8767 92.8435 -3.8945 11.8771 83.1283 41.3049 -42.1807 38.2626 -194.6772 14.4538 -114.2234 11.4733 18.7361 125.2606 27.3264 -30.9826 7.4921 62.5616 11.4969 -130.8749 -69.6808 -18.3157 4.5382 30.4671 -95.3029 13.0345 8.5954 -50.9372 -40.0459 21.3151 77.6109 76.6241 31.5376 24.5273 50.3661 98.9141 25.5195 45.9681 61.5386 -2.9219 20.6679 31.4105 -98.6975 -39.6559 5.1742 -32.0503 154.0095 -14.9021 -29.2703 -86.7539 6.3312 -41.5532 -22.5867 -49.1046 80.6558 -41.0749 -61.0737 -160.7545 -20.0531 -16.4331 161.2491 38.9490 47.2728 -83.8263 -36.5484 31.1035 81.2561 24.7809 78.8934 -86.5144 -123.1942 3.5163 -87.2078 -96.3985 -67.7136 90.3926 -75.8092 -51.2852 33.8777 0.5009 -33.1380 118.3306 -5.9427 13.5588 -48.3452 -12.7758 -41.4597 -61.1430 -31.8021 79.4966 94.8956 -26.4053 109.8177 -32.8763 97.0976 28.1838 -13.3275 -22.4258 -33.1260 -39.1672 139.6355 -8.8630 37.7076 16.7448 83.5960 30.7406 7.2521 -63.1061 -121.8248 -93.6572 -48.7454 52.1215 18.1297 -56.2759 -110.7713 -2.8614 20.7155 11.4248 -9.8194
92.7187 199.1685 -260.5354 -614.4585 -4.9127 374.7119 805.2691 172.1714 523.8345 744.9277 -812.1358 -476.4852 -855.6083 -691.7216 -89.7317 -969.5075 -187.1475 37.5282 -357.4173 174.1350 586.2329 935.7764 416.0524 -548.9158 581.8243 -70.0200 321.0574 811.4865 -594.6741 636.8372 -483.1293 268.9340 -177.4382 -322.8506 147.0212 -381.4325 -23.3675 -58.1487 180.0102 174.6307 333.4160 -1045.8448 -1549.1677 -163.9745 904.6846 481.3217 665.6484 320.1386 -873.3147 245.4095 -9.4006 -1123.8597 522.0608 -1005.4976 -464.3343 -159.0691 -566.1759 592.2803 -713.4381 756.4078 1153.7178 -140.8170 -308.5273 700.7897 566.7072 820.8651 493.5041 422.9851 -436.3822 338.6839 375.9794 810.3645 -591.8799 108.0493 183.0010 940.9991 25.0258 120.1730 -749.1097 -309.6688 219.9689 139.5222 939.3991 110.4349 -908.4286 -345.1646 -2.1124 -1347.3556 -277.4514 224.4064 -538.8778 805.8469 865.7314 353.1546 -787.1987 956.5555 157.1361 114.4398 12.6930 416.6889 1062.4286 -420.8091 -520.7592 638.1108 -1012.4798 650.1082 -596.1511 109.8923 -1127.3450 -11.2061 188.9624 -867.4542 -171.1452 489.4615 -904.4222 649.0110 -173.4056 280.7656 -593.1693 -170.1464 693.1771 229.7382 138.4162 914.1333 -519.5134 1019.2623 -312.5227 -57.0810 350.4161 -36.9704 -499.7703 -400.4531 543.2479 -699.4481 -75.0089 -864.1411 597.5162 283.5077 -1679.3586 204.2907 -271.0612 250.8335 -141.5489 543.1324 271.5851 -89.2737 -494.0776 97.7421 -66.8367 -550.6704 -262.7801 395.1252 -879.3772 991.2040 114.6620 165.7889 -120.3776 463.7625 1243.4054 -88.8202 -464.4496 987.1074 705.6656 591.2203 -240.8298 452.2638 -291.5863 -51.0843 755.4819 -500.6545 -1309.1610 181.1340 -595.5488 289.6957 625.7262 -819.6218 42.1467 478.9138 -544.4556 183.0107 -193.8255 -290.8402 903.1535 -37.8090 116.0677 808.7928 401.9432 -410.3587 371.9771 -1893.6864 140.2968 -1111.0959 111.3903 181.9720 1217.9689 265.8790 -301.6012 72.9865 608.0671 112.1214 -1272.1243 -677.9378 -178.2395 44.1591 296.2358 -926.7825 126.8668 83.3118 -495.1862 -389.5172 207.1013 754.8045 745.1431 306.5215 238.3821 490.2361 961.7827 248.4829 446.9695 598.5451 -28.4932 201.2580 305.3692 -960.1451 -385.9290 50.3289 -312.4798 1497.7059 -144.7422 -284.5673 -843.4901 61.3204 -403.8925 -219.6077 -477.7023 784.2281 -399.3951 -594.2636 -1563.4321 -194.7217 -159.5002 1568.2793 378.6513 459.6251 -815.4753 -355.6038 302.7549 790.3021 241.3232 766.9149 -841.3429 -1197.8994 33.9353 -848.3487 -938.1058 -658.6455 879.5751 -737.0710 -498.6097 329.4354 5.3532 -322.5459 1151.1793 -57.2823 131.6548 -470.1146 -123.8804 -403.0855 -594.7241 -309.5417 773.1219 922.8200 -256.7645 1068.2245 -319.8358 944.2640 274.2905 -129.6249 -218.0019 -321.8788 -381.1865 1357.8464 -86.0995 366.5609 162.8267 812.8571 298.7545 70.1891 -614.1409 -1185.0477 -910.5760 -473.9904 506.5575 176.4278 -547.0194 -1077.6461 -27.9522 201.4169 111.1810 -95.5804
-223.8580 -480.7948 628.8422 1483.3112 11.9206 -904.5522 -1943.7611 -415.5963 -1264.4657 -1798.2352 1960.4858 1150.2357 2065.3489 1669.7828 216.6360 2340.4775 451.7313 -90.5570 862.8340 -420.3037 -1415.1360 -2258.8081 -1004.3734 1324.9874 -1404.5549 169.0589 -774.9868 -1958.9762 1435.6008 -1537.2361 1166.2396 -649.2900 428.3080 779.3737 -354.8929 920.8875 56.4111 140.4243 -434.5994 -421.5842 -804.9901 2524.6038 3739.6599 395.7602 -2184.0120 -1161.8722 -1606.8553 -772.8091 2108.1038 -592.2768 22.6184 2712.9866 -1260.1517 2427.2852 1121.6877 384.2848 1366.7866 -1429.8319 1722.1919 -1826.0249 -2784.8840 339.9299 744.7000 -1691.6650 -1368.1008 -1981.4622 -1191.2920 -1021.1469 1053.4446 -817.5831 -907.6579 -1956.1487 1428.7765 -260.8426 -441.8067 -2271.5874 -60.4185 -290.1046 1808.2958 747.6412 -530.9432 -336.8837 -2267.6575 -266.5658 2192.9343 833.1222 5.1018 3252.4141 669.6627 -541.6450 1300.7358 -1945.2393 -2089.7952 -852.5695 1900.2166 -2309.1084 -379.3431 -276.1231 -30.7147 -1005.8475 -2564.6013 1015.8007 1257.0160 -1540.3676 2444.0950 -1569.3129 1439.1836 -265.2208 2721.4016 27.0469 -456.0809 2093.9155 413.2608 -1181.5979 2183.2881 -1566.7347 418.6434 -677.6897 1431.8734 410.8318 -1673.2501 -554.7241 -334.0655 -2206.7903 1254.1617 -2460.4932 754.4946 137.7691 -845.8198 89.2814 1206.5007 966.7743 -1311.2798 1688.3323 181.1458 2085.9905 -1442.3218 -684.3701 4053.8672 -493.1069 654.3124 -605.5005 341.6957 -1311.0558 -655.6234 215.4135 1192.6035 -235.8808 161.3549 1329.2310 634.3791 -953.8212 2122.7817 -2392.6394 -276.6954 -400.2197 290.7179 -1119.5568 -3001.5249 214.4265 1121.2582 -2382.9326 -1703.4667 -1427.2363 581.3365 -1091.7321 703.8253 123.3774 -1823.6400 1208.5106 3160.1543 -437.3051 1437.6879 -699.3218 -1510.4178 1978.5792 -101.7290 -1156.0549 1314.3732 -441.8391 467.8141 701.9587 -2180.2368 91.1199 -280.1687 -1952.2787 -970.1515 990.6550 -898.0469 4571.3120 -338.6902 2682.1038 -268.9022 -439.3148 -2940.1296 -641.8141 727.9888 -176.2570 -1467.9255 -270.6931 3070.9370 1636.5281 430.1613 -106.6439 -715.1565 2237.2400 -306.1994 -201.1935 1195.2386 940.2342 -500.0300 -1822.0951 -1798.6337 -740.0460 -575.4493 -1183.3030 -2321.8628 -599.7972 -1078.9374 -1444.9309 68.7872 -485.7733 -737.1280 2317.7563 931.6786 -121.5111 754.3533 -3615.5171 349.3920 686.9811 2036.1821 -148.0117 974.9451 530.0815 1153.1986 -1892.9989 964.2308 1434.5674 3774.0164 470.1803 385.0918 -3785.7737 -914.0632 -1109.5278 1968.5544 858.3551 -730.9952 -1907.7941 -582.5379 -1851.3469 2030.9376 2891.7368 -81.9564 2047.7574 2264.5378 1590.0087 -2123.2129 1779.2346 1203.6440 -795.3489 -12.8880 778.4911 -2778.9514 138.2593 -317.8540 1134.8561 299.1447 973.1085 1435.6968 747.0861 -1866.3839 -2227.6045 619.7863 -2578.6240 772.1594 -2279.3613 -662.1062 312.8441 526.2203 777.1240 920.2050 -3277.7893 207.8154 -884.9494 -393.0883 -1962.1532 -721.2537 -169.4495 1482.4872 2860.6677 2198.1157 1144.3347 -1222.8551 -425.9323 1320.5208 2601.4697 67.5762 -486.2876 -268.3427 230.7582
110.1838 236.6072 -309.5634 -730.1192 -5.8483 445.1801 956.7474 204.5719 622.3832 885.0813 -964.9890 -566.2097 -1016.5871 -821.9095 -106.6335 -1151.9833 -222.3175 44.5611 -424.6803 206.8817 696.5264 1111.7905 494.3633 -652.1831 691.3162 -83.2082 381.4685 964.1981 -706.6161 756.6077 -574.0106 319.6088 -210.7844 -383.6015 174.6358 -453.2503 -27.7997 -69.1283 213.9459 207.4964 396.2008 -1242.5934 -1840.6766 -194.7686 1074.9535 571.8743 790.9367 380.3632 -1037.6489 291.4649 -11.1357 -1335.3396 620.2420 -1194.7037 -552.0826 -188.9644 -672.3967 703.8093 -847.7023 898.8203 1370.7001 -167.3411 -366.5670 832.6575 673.3455 975.3018 586.3366 502.5898 -518.5311 402.4116 446.7430 962.8031 -703.2455 128.3876 217.4492 1118.1133 29.7212 142.7464 -890.0247 -367.9785 261.3389 165.8432 1116.1335 131.2170 -1079.3798 -410.0539 -2.4800 -1600.8489 -329.6432 266.5652 -640.2360 957.4704 1028.6129 419.6524 -935.3326 1136.5341 186.7684 135.9366 15.0901 495.0571 1262.2875 -499.9929 -618.6840 758.1826 -1202.9337 772.4049 -708.3442 130.5753 -1339.4816 -13.2631 224.4692 -1030.6531 -203.3797 581.6140 -1074.6105 771.1161 -206.0478 333.5232 -704.7964 -202.2322 823.5621 273.0479 164.4185 1086.1388 -617.3655 1211.0675 -371.3273 -67.7826 416.3363 -43.9020 -593.8604 -475.8572 645.4297 -831.0163 -89.1405 -1026.7075 709.9182 336.8528 -1995.3556 242.7085 -322.0992 298.0325 -168.1684 645.3157 322.6964 -106.0197 -587.0300 116.1254 -79.4175 -654.2699 -312.2325 469.4822 -1044.8230 1177.7035 136.2315 197.0364 -143.1027 551.0318 1477.3370 -105.5733 -551.9250 1172.8645 838.4492 702.5016 -286.0980 537.3798 -346.4698 -60.6996 897.5978 -594.8420 -1555.4713 215.2490 -707.6554 344.2267 743.4507 -973.8597 50.0908 568.9965 -646.9284 217.4580 -230.3247 -345.5280 1073.1002 -44.8790 137.8540 960.9037 477.4835 -487.6109 442.0331 -2249.9907 166.7258 -1320.1256 132.4049 216.2732 1447.1580 315.8751 -358.3185 86.7526 722.4628 133.2594 -1511.5182 -805.5024 -211.7248 52.4807 352.0235 -1101.1765 150.6870 99.0583 -588.3207 -462.7607 246.1218 896.8080 885.2554 364.2649 283.2373 582.4157 1142.7838 295.2216 531.0947 711.1855 -33.8602 239.1003 362.8141 -1140.8176 -458.5455 59.8005 -371.2774 1779.5795 -171.9782 -338.1359 -1002.2566 72.8360 -479.9105 -260.8966 -567.6103 931.7504 -474.6035 -706.0682 -1857.5588 -231.4039 -189.5516 1863.4279 449.9066 546.1191 -968.9130 -422.4466 359.8088 939.0228 286.7268 911.2397 -999.6322 -1423.3416 40.3475 -1007.9061 -1114.6055 -782.5949 1045.0753 -875.7615 -592.3918 391.4646 6.3410 -383.1789 1367.7983 -68.0378 156.4278 -558.5914 -147.1829 -478.9846 -706.6621 -367.7547 918.6434 1096.4177 -305.0152 1269.1643 -380.0425 1121.9628 325.8923 -153.9527 -258.9895 -382.5085 -452.9144 1613.3429 -102.2979 435.5469 193.5216 965.8060 355.0131 83.4095 -729.7208 -1408.0231 -1081.9178 -563.2446 601.9228 209.6527 -649.9336 -1280.4738 -33.2171 239.3306 132.1006 -113.5730
-351.8157 -755.6462 988.4002 2331.2112 18.7753 -1421.6017 -3054.8835 -653.1747 -1987.3312 -2826.1294 3081.1272 1807.7662 3246.0928 2624.2026 340.4560 3678.2810 709.9980 -142.3133 1356.0273 -660.6174 -2224.0701 -3550.0325 -1578.4938 2082.4670 -2207.3054 265.6950 -1218.0327 -3078.7117 2256.2834 -2415.9709 1832.9625 -1020.4935 673.1923 1224.8302 -557.7968 1447.2321 88.7324 220.8055 -682.9956 -662.5132 -1265.0898 3967.7041 5877.2905 621.9974 -3432.4172 -1826.0585 -2525.4187 -1214.5615 3313.2236 -930.8494 35.6070 4263.8330 -1980.4971 3814.7424 1762.8365 603.4315 2148.0364 -2246.9067 2706.6653 -2869.8997 -4376.8232 534.2463 1170.3374 -2658.6731 -2150.0239 -3114.1826 -1872.3175 -1604.7605 1655.5957 -1284.9087 -1426.4515 -3074.3840 2245.5457 -409.9036 -694.3156 -3570.1177 -94.9940 -455.8448 2841.9451 1174.9338 -834.5256 -529.4587 -3563.9700 -418.9904 3446.5095 1309.4086 7.9390 5111.6929 1052.4781 -851.3088 2044.2944 -3057.1909 -3284.4165 -1339.9280 2986.4832 -3629.1597 -596.2029 -434.0249 -48.1982 -1580.8224 -4030.6987 1596.4838 1975.5914 -2420.9070 3841.1902 -2466.4082 2261.8494 -416.9202 4277.0435 42.5530 -716.8084 3290.8811 649.3930 -1857.0122 3431.3306 -2462.3167 657.9731 -1065.1328 2250.4111 645.6326 -2629.7180 -871.6953 -524.9860 -3468.1511 1971.1045 -3867.0527 1185.7003 216.5057 -1329.3246 140.2104 1896.1737 1519.4039 -2060.8564 2653.5442 284.6926 3278.4539 -2266.8489 -1075.5192 6371.0811 -775.1008 1028.3395 -951.6650 536.9883 -2060.5210 -1030.4017 338.6100 1874.3340 -370.7243 253.6159 2089.1162 997.0456 -1499.1338 3336.1853 -3760.3582 -434.9004 -628.9871 456.8896 -1759.4954 -4717.2217 336.9644 1762.1331 -3744.9663 -2677.1829 -2243.0488 913.6477 -1715.7582 1106.2069 193.8883 -2866.0735 1899.3325 4966.6655 -687.3062 2259.4734 -1099.0258 -2373.9434 3109.5696 -159.9852 -1816.9080 2065.7332 -694.3611 735.3176 1103.2219 -3426.4802 143.2988 -440.2946 -3068.2671 -1524.6836 1556.9438 -1411.2861 7184.3403 -532.2920 4215.3232 -422.6038 -690.3815 -4620.9170 -1008.6897 1144.1844 -277.0358 -2306.9751 -425.4033 4826.4614 2571.9880 676.0989 -167.5910 -1123.9984 3516.0693 -481.1854 -316.2238 1878.4818 1477.6365 -785.8820 -2863.6472 -2826.8350 -1163.0236 -904.4135 -1859.7416 -3649.0034 -942.6768 -1695.7343 -2270.8530 108.0735 -763.4605 -1158.4210 3642.6460 1464.1899 -191.0431 1185.4935 -5682.2622 549.0198 1079.6730 3200.1599 -232.6450 1532.2711 833.0693 1812.3799 -2975.2056 1515.4071 2254.6028 5931.3203 738.9222 605.1893 -5949.8657 -1436.4841 -1743.7949 3093.8193 1348.9955 -1148.7338 -2998.2837 -915.4913 -2909.6353 3191.8843 4544.8306 -128.7775 3218.3389 3558.9736 2498.9395 -3336.9761 2796.3806 1891.7234 -1249.8448 -20.2330 1223.5590 -4367.5039 217.3006 -499.5240 1783.5620 470.0854 1529.3293 2256.4480 1174.1528 -2933.2166 -3501.0383 974.1072 -4052.7302 1213.4657 -3582.3875 -1040.6421 491.7069 827.0583 1221.2744 1446.1765 -5151.5537 326.5948 -1390.7875 -617.8401 -3083.7778 -1133.4916 -266.2413 2329.9778 4495.9556 3454.6848 1798.4741 -1921.9248 -669.3972 2075.3445 4088.5723 106.1553 -764.2177 -421.7318 362.6739
-198.9131 -427.2772 558.8094 1318.0485 10.6311 -803.7369 -1727.2216 -369.2766 -1123.5813 -1597.8599 1742.0708 1022.0557 1835.3092 1483.6844 192.5263 2079.6572 401.3817 -80.4605 766.6820 -373.4597 -1257.5315 -2007.1415 -892.4958 1177.4113 -1247.9979 150.2518 -688.6570 -1740.6727 1275.6945 -1365.9780 1036.3083 -576.9789 380.5606 692.4990 -315.3988 818.2354 50.1627 124.8099 -386.1935 -374.5744 -715.2804 2243.2793 3323.0005 351.6497 -1940.6051 -1032.4198 -1427.8391 -686.6522 1873.2478 -526.3152 20.1605 2410.7268 -1119.7468 2156.7798 996.6672 341.1936 1214.4564 -1270.5387 1530.6213 -1622.5867 -2474.5857 302.0699 661.7295 -1503.1788 -1215.6439 -1760.6794 -1058.5482 -907.2957 936.0400 -726.4779 -806.4451 -1738.2697 1269.6089 -231.7717 -392.5588 -2018.5150 -53.7560 -257.6843 1606.8246 664.2611 -471.7788 -299.3516 -2015.0337 -236.8906 1948.5968 740.2902 4.5174 2890.0930 595.0931 -481.2953 1155.8225 -1728.5227 -1857.0059 -757.5746 1688.5631 -2051.8726 -337.1045 -245.4462 -27.2300 -893.7558 -2278.8848 902.5928 1116.9337 -1368.7690 2171.7595 -1394.4331 1278.8186 -235.7101 2418.2275 24.0527 -405.2455 1860.6324 367.2128 -1049.9294 1940.0563 -1392.1283 371.9755 -602.2178 1272.3070 365.0533 -1486.8119 -492.8585 -296.8561 -1960.8575 1114.4210 -2186.3882 670.3754 122.4257 -751.5612 79.2593 1072.0947 858.9980 -1165.2018 1500.3164 160.9103 1853.5321 -1281.6517 -608.0851 3602.1060 -438.1949 581.4557 -538.0339 303.6047 -1165.0004 -582.5613 191.4499 1059.7069 -209.5863 143.3831 1181.1656 563.6843 -847.5752 1886.2074 -2126.0774 -245.8552 -355.6483 258.3210 -994.7723 -2667.0310 190.5416 996.2816 -2117.3777 -1513.6510 -1268.2228 516.5794 -970.0480 625.4417 109.6060 -1620.4557 1073.8292 2808.1189 -388.6140 1277.5283 -621.4135 -1342.2156 1758.1188 -90.4489 -1027.1726 1167.9271 -392.5334 415.7154 623.7614 -1937.3127 81.0214 -248.8961 -1734.7609 -862.0555 880.2531 -797.9178 4061.9531 -300.9604 2383.3167 -238.9452 -390.3432 -2612.5703 -570.3594 646.8591 -156.6408 -1304.3188 -240.5721 2728.7822 1454.1870 382.2663 -94.7388 -635.5076 1987.9662 -272.0883 -178.7849 1062.1023 835.4540 -444.3261 -1619.0835 -1598.2478 -657.5740 -511.3398 -1051.4685 -2063.0920 -532.9418 -958.7249 -1283.9353 61.1084 -431.6530 -654.9531 2059.4922 827.8480 -107.9584 670.2638 -3212.6489 310.3928 610.3938 1809.3368 -131.5583 866.3089 470.9750 1024.6660 -1682.1659 856.8038 1274.7677 3353.5359 417.7804 342.1382 -3363.9314 -812.2435 -985.8887 1749.2252 762.7284 -649.5302 -1695.2129 -517.6132 -1645.0815 1804.6700 2569.5562 -72.8208 1819.6238 2012.2357 1412.8677 -1886.6650 1581.0420 1069.5587 -706.6667 -11.4670 691.7794 -2469.3298 122.8833 -282.4273 1008.4264 265.7426 864.6392 1275.7645 663.8947 -1658.3763 -1979.4470 550.7075 -2291.3660 686.0516 -2025.4336 -588.3677 278.0055 467.6266 690.4877 817.6329 -2912.5957 184.6868 -786.3153 -349.3291 -1743.5216 -640.8715 -150.5344 1317.3862 2541.9238 1953.1923 1016.8237 -1086.6318 -378.4294 1173.3961 2311.6414 59.9906 -432.0422 -238.4765 204.9990
110.8207 238.0681 -311.3117 -734.4129 -5.9282 447.7888 962.3640 205.7304 626.0406 890.2892 -970.6364 -569.4538 -1022.5530 -826.7006 -107.2688 -1158.6819 -223.6728 44.7985 -427.1818 208.1382 700.6814 1118.3242 497.2891 -655.9614 695.3682 -83.7097 383.7218 969.8456 -710.7610 761.1143 -577.4037 321.4705 -212.0679 -385.8715 175.7583 -455.9110 -27.9361 -69.5625 215.1797 208.6968 398.4967 -1249.8879 -1851.4816 -195.9368 1081.2306 575.2039 795.5623 382.5922 -1043.7302 293.2708 -11.2103 -1343.1931 623.9085 -1201.6975 -555.3438 -190.1089 -676.6676 707.8804 -852.6721 904.3741 1378.7638 -168.2720 -368.6831 837.5161 677.3317 981.0292 589.7977 505.5808 -521.5289 404.7828 449.3704 968.4749 -707.3844 129.1501 218.7184 1124.6606 29.9163 143.5867 -895.3226 -370.1396 262.8866 166.7563 1122.7321 131.9796 -1085.6843 -412.4695 -2.5106 -1610.2484 -331.5613 268.1567 -644.0036 963.0837 1034.6436 422.0884 -940.7993 1143.1816 187.7665 136.7117 15.1647 497.9700 1269.7207 -502.8794 -622.3278 762.6151 -1210.0692 776.9463 -712.5585 131.3057 -1347.3793 -13.3968 225.7893 -1036.6801 -204.5795 584.9852 -1080.9578 775.6789 -207.2793 335.5224 -708.9139 -203.4146 828.4074 274.5918 165.3297 1092.5757 -620.8849 1218.1895 -373.4786 -68.2281 418.7977 -44.1748 -597.3464 -478.5710 649.2449 -835.9246 -89.6170 -1032.7505 714.0780 338.8156 -2006.9811 244.1082 -323.9640 299.7373 -169.1658 649.1140 324.5881 -106.6978 -590.4444 116.7424 -79.9670 -658.1224 -314.1238 472.2145 -1050.9401 1184.6328 136.9976 198.1758 -143.9039 554.2734 1485.9958 -106.1886 -555.1164 1179.7227 843.4186 706.6479 -287.8220 540.4788 -348.4740 -61.0448 902.8837 -598.3170 -1564.6078 216.5128 -711.7579 346.2396 747.7988 -979.5731 50.3815 572.3157 -650.7255 218.7157 -231.6046 -347.5421 1079.4185 -45.1502 138.7050 966.5891 480.3172 -490.4774 444.5419 -2263.2085 167.6698 -1327.9053 133.1376 217.4550 1455.6233 317.8043 -360.4699 87.2657 726.7733 134.0503 -1520.3982 -810.2612 -213.0011 52.8151 354.0418 -1107.6171 151.5431 99.6658 -591.7371 -465.4737 247.5342 902.0978 890.5468 366.3205 284.9042 585.8710 1149.5085 296.9328 534.1918 715.3513 -34.0199 240.5389 364.9085 -1147.4796 -461.2424 60.2128 -373.4744 1790.0134 -172.9427 -340.1722 -1008.1041 73.3074 -482.6582 -262.4265 -570.9174 937.2363 -477.3878 -710.2491 -1868.4890 -232.7585 -190.6383 1874.2998 452.5087 549.3059 -974.6428 -424.9771 361.8936 944.5277 288.3794 916.6050 -1005.5066 -1431.6803 40.5724 -1013.8953 -1121.2487 -787.1982 1051.2128 -880.9118 -595.8862 393.7661 6.4015 -385.4240 1375.8660 -68.4851 157.3471 -561.8647 -148.0985 -481.7470 -710.7950 -369.8807 924.0081 1102.8450 -306.8405 1276.6604 -382.2654 1128.5271 327.8717 -154.9140 -260.5438 -384.7269 -455.5569 1622.8632 -102.8482 438.1670 194.6330 971.4274 357.0850 83.8964 -733.9664 -1416.2948 -1088.2968 -566.5533 605.4564 210.8949 -653.7567 -1287.9795 -33.4869 240.7267 132.8341 -114.2243
-173.4288 -372.4615 487.2048 1149.1223 9.2657 -700.7856 -1505.8405 -322.0214 -979.6476 -1393.0745 1518.7339 891.0656 1600.0787 1293.5054 167.8149 1813.1509 349.9644 -70.1699 668.4235 -325.6086 -1096.3329 -1749.8878 -778.0967 1026.4507 -1088.0889 130.9554 -600.3687 -1517.6041 1112.1521 -1190.9318 903.5133 -503.0378 331.8601 603.7924 -275.0281 713.4191 43.7704 108.8136 -336.5896 -326.5253 -623.5898 1955.7751 2897.1255 306.6021 -1691.9086 -900.0950 -1244.8470 -598.6661 1633.1691 -458.8784 17.5615 2101.7739 -976.2538 1880.4265 868.8913 297.4468 1058.7990 -1107.7050 1334.2058 -1414.6561 -2157.1418 263.3366 576.8794 -1310.5266 -1059.8293 -1535.0603 -922.9057 -791.0325 816.0823 -633.3792 -703.1776 -1515.4188 1106.9039 -202.0578 -342.2910 -1759.8093 -46.8232 -224.6925 1400.9021 579.1302 -411.3462 -260.9241 -1756.7961 -206.5415 1698.8533 645.4277 3.8847 2519.6641 518.7540 -419.6818 1007.6558 -1506.9875 -1618.9664 -660.4959 1472.1168 -1788.9391 -293.9361 -213.9338 -23.7938 -779.2116 -1986.8483 786.9358 973.8144 -1193.3835 1893.4597 -1215.7266 1114.9751 -205.5181 2108.3093 20.9839 -353.3338 1622.1809 320.1173 -915.3709 1691.4457 -1213.7627 324.3086 -525.0993 1109.3065 318.2314 -1296.2588 -429.7036 -258.7512 -1709.5787 971.6315 -1906.2209 584.4694 106.7144 -655.3011 69.0954 934.7073 748.9821 -1015.8633 1308.0077 140.3604 1616.0186 -1117.3927 -530.1514 3140.4932 -382.0870 506.8931 -469.0833 264.6683 -1015.7012 -507.8864 166.8732 923.9121 -182.7626 125.0465 1029.7743 491.4651 -738.9206 1644.5380 -1853.5890 -214.3469 -310.0318 225.2148 -867.2585 -2325.2678 166.0976 868.5844 -1845.9928 -1319.6914 -1105.6758 450.3822 -845.6906 545.2556 95.5674 -1412.7604 936.2377 2448.2073 -338.7788 1113.7378 -541.7657 -1170.1718 1532.7839 -78.8290 -895.6437 1018.2528 -342.2386 362.4352 543.8011 -1688.9907 70.6131 -217.0255 -1512.4772 -751.5640 767.4091 -695.6823 3541.4531 -262.3472 2077.9102 -208.3166 -340.3066 -2277.8069 -497.2179 564.0147 -136.5367 -1137.1917 -209.7115 2379.0938 1267.7815 333.2535 -82.5764 -554.0778 1733.1683 -237.1895 -155.8923 925.9509 728.3584 -387.3824 -1411.5895 -1393.4282 -573.2634 -445.8270 -916.7028 -1798.6700 -464.6765 -835.8729 -1119.3756 53.2507 -376.3249 -571.0278 1795.5853 721.7401 -94.1242 584.3388 -2800.9238 270.6048 532.2249 1577.4237 -114.6663 755.3049 410.6257 893.3624 -1466.5786 746.9739 1111.3810 2923.7529 364.1928 298.3377 -2932.8391 -708.0841 -859.6028 1525.0140 664.9934 -566.2647 -1477.9543 -451.3176 -1434.2738 1573.3845 2240.3191 -63.5058 1586.4075 1754.3204 1231.8149 -1644.8859 1378.4246 932.4963 -616.1021 -10.0236 603.1249 -2152.8533 107.1563 -246.2337 879.1486 231.7430 753.8187 1112.2595 578.7304 -1445.9103 -1725.7700 480.1607 -1997.7140 598.1419 -1765.8258 -512.9411 242.3333 407.6897 602.0435 712.8443 -2539.3503 160.9450 -685.5665 -304.5530 -1520.0619 -558.6990 -131.2186 1148.5493 2216.1670 1702.9105 886.5236 -947.3674 -329.9340 1022.9804 2015.3517 52.3191 -376.6667 -207.8805 178.7824
-99.1207 -212.9280 278.5783 657.0570 5.2911 -400.6834 -860.9800 -184.0404 -560.0866 -796.4537 868.3425 509.4563 914.8738 739.5486 95.9673 1036.6301 200.1139 -40.1372 382.1558 -186.2190 -626.8281 -1000.5560 -444.8628 586.9045 -622.0912 74.8844 -343.2596 -867.6786 635.9160 -680.9236 516.5739 -287.6189 189.7514 345.2079 -157.2075 407.8606 25.0112 62.2614 -192.4888 -186.6872 -356.5348 1118.2264 1656.4402 175.3049 -967.3353 -514.6915 -711.7260 -342.3142 933.8060 -262.3819 10.0270 1201.6968 -558.1816 1075.1833 496.8265 170.0889 605.3834 -633.3167 762.8398 -808.7872 -1233.5304 150.8897 329.8441 -749.2755 -605.9162 -877.6513 -527.6794 -452.2674 466.5685 -362.1908 -402.0509 -866.4763 632.8821 -115.5548 -195.7035 -1006.1498 -26.8116 -128.4722 800.9552 331.1125 -235.1624 -149.2259 -1004.4717 -118.0642 971.3353 369.0201 2.1715 1440.6425 296.5986 -239.9011 576.1287 -861.6301 -925.6293 -377.6984 841.6910 -1022.7767 -168.0235 -122.3262 -13.5627 -445.5259 -1136.0090 449.9159 556.7797 -682.2869 1082.5602 -695.0869 637.4534 -117.5119 1205.4359 12.0668 -202.0200 927.4467 182.9821 -523.3642 967.0632 -693.8834 185.4312 -300.2393 634.2177 181.9755 -741.1704 -245.6850 -147.9503 -977.4393 555.5295 -1089.8597 334.1559 61.0243 -374.6418 39.5246 534.4561 428.1890 -580.8441 747.8761 80.2100 923.9607 -638.9363 -303.1420 1795.5551 -218.4637 289.7744 -268.2144 151.3486 -580.6542 -290.3953 95.4009 528.2375 -104.4876 71.5258 588.7791 281.0344 -422.4903 940.2811 -1059.7814 -122.5615 -177.3001 128.7095 -495.9030 -1329.4618 94.9424 496.6378 -1055.4215 -754.5145 -632.1633 257.4945 -483.5464 311.7580 54.6683 -807.7512 535.2763 1399.7996 -193.6925 636.7624 -309.7174 -669.0377 876.3880 -45.0826 -512.0529 582.1616 -195.6730 207.2163 310.9199 -965.6907 40.3755 -124.0908 -864.7641 -429.7566 438.7693 -397.7288 2024.7819 -149.9955 1188.0156 -119.0802 -194.5221 -1302.3280 -284.3374 322.4445 -78.0650 -650.1816 -119.8937 1360.2397 724.8200 190.5290 -47.2494 -316.7502 990.9677 -135.5822 -89.1161 529.4146 416.4226 -221.4687 -807.0488 -796.6268 -327.7969 -254.8893 -524.1620 -1028.4004 -265.7205 -477.9390 -639.9877 30.4577 -215.1922 -326.4552 1026.5780 412.6824 -53.8724 334.1011 -1601.4247 154.6613 304.3093 901.8773 -65.5570 431.7931 234.7699 510.7591 -838.5550 427.1114 635.4376 1671.6471 208.2272 170.5581 -1676.8804 -404.8543 -491.4405 871.8747 380.1734 -323.7487 -845.0088 -258.0542 -819.9724 899.5577 1280.8461 -36.2554 907.0306 1003.0276 704.2495 -940.4188 788.1199 533.1531 -352.2049 -5.7130 344.8509 -1230.8896 61.2384 -140.7799 502.6907 132.4492 431.0067 635.9269 330.8922 -826.6411 -986.6833 274.5274 -1142.2118 341.9868 -1009.6045 -293.2703 138.5853 233.0991 344.2229 407.5382 -1451.8777 92.0457 -391.9491 -174.0660 -869.0692 -319.4326 -75.0551 656.6562 1267.0796 973.6562 506.8379 -541.6600 -188.6233 584.8874 1152.3116 29.9034 -215.3631 -118.8800 102.1927
-408.8429 -878.1338 1148.5973 2709.1526 21.7995 -1652.0483 -3550.1279 -759.0853 -2309.4971 -3284.2488 3580.5947 2100.8281 3772.3052 3049.6416 395.7036 4274.6226 825.0557 -165.3595 1575.8989 -767.6840 -2584.6885 -4125.5786 -1834.4290 2420.0269 -2565.1626 308.7900 -1415.4255 -3577.8704 2622.0525 -2807.6631 2130.0535 -1185.9017 782.2572 1423.4380 -648.1862 1681.8771 103.1321 256.5429 -793.7300 -769.8835 -1470.1686 4610.9326 6830.0786 722.8124 -3988.8110 -2122.0732 -2934.8352 -1411.4232 3850.3550 -1081.7892 41.4084 4955.0117 -2301.6196 4433.2090 2048.6277 701.2887 2496.2773 -2611.5190 3145.4751 -3335.0867 -5086.3633 620.8545 1360.4315 -3089.6807 -2498.6072 -3618.9927 -2175.8218 -1864.8790 1923.9917 -1493.1865 -1657.7328 -3572.8191 2609.5913 -476.4482 -806.8947 -4148.8862 -110.4323 -529.7748 3302.6636 1365.3868 -969.7443 -615.2925 -4141.7026 -486.9498 4005.1865 1521.6440 9.2507 5940.3130 1223.1385 -989.2316 2375.7385 -3552.8086 -3816.8000 -1557.1858 3470.6733 -4217.4590 -692.8381 -504.4208 -56.0038 -1837.0458 -4684.1353 1855.1873 2295.8269 -2813.3811 4463.8657 -2866.1978 2628.5427 -484.4702 4970.4146 49.5042 -833.0193 3824.3567 754.7303 -2158.1130 3987.5554 -2861.4470 764.5779 -1237.7739 2615.2085 750.3256 -3056.0930 -1013.0565 -610.1294 -4030.4106 2290.6213 -4493.8867 1377.8925 251.5675 -1544.8141 162.9946 2203.6311 1765.6705 -2394.9434 3083.7148 330.7867 3809.8635 -2634.3311 -1249.9224 7403.9058 -900.6252 1195.0359 -1105.9326 624.0201 -2394.5654 -1197.4061 393.4850 2178.1963 -430.8466 294.7868 2427.8022 1158.6904 -1742.0809 3877.0166 -4370.0269 -505.3752 -730.9832 530.8875 -2044.7194 -5481.9233 391.5925 2047.8356 -4352.1177 -3111.2068 -2606.7458 1061.7628 -1993.8744 1285.4709 225.2650 -3330.7690 2207.2134 5771.8511 -798.6589 2625.7488 -1277.2131 -2758.7307 3613.6150 -185.8564 -2111.4282 2400.5308 -806.9655 854.4877 1282.1129 -3981.9705 166.5525 -511.6830 -3565.6975 -1771.8802 1809.3588 -1640.0942 8349.0371 -618.6108 4898.6562 -491.1447 -802.3251 -5369.9717 -1172.2714 1329.6449 -321.8846 -2680.9712 -494.3617 5608.8379 2988.9331 785.6332 -194.7944 -1306.2012 4086.1292 -559.1465 -367.4511 2182.9907 1717.1958 -913.2743 -3327.9045 -3285.1035 -1351.5328 -1051.0322 -2161.2366 -4240.5684 -1095.5012 -1970.6356 -2638.9751 125.5732 -887.2714 -1346.2203 4233.1577 1701.6066 -221.9455 1377.7184 -6603.4233 638.0630 1254.7529 3718.9282 -270.3571 1780.6903 968.1534 2106.1577 -3457.4829 1761.1080 2620.1265 6892.8955 858.6971 703.2626 -6914.4277 -1669.3542 -2026.4280 3595.3594 1567.6993 -1334.9609 -3484.3816 -1063.9307 -3381.2646 3709.3394 5281.5630 -149.6651 3740.1445 4135.9531 2903.9949 -3877.9148 3249.7288 2198.3276 -1452.4836 -23.5344 1421.8933 -5075.5083 252.5085 -580.4958 2072.7476 546.2374 1777.2242 2622.2512 1364.4982 -3408.7100 -4068.5586 1132.0237 -4709.6836 1410.1880 -4163.1504 -1209.3610 571.4921 961.1672 1419.2766 1680.5475 -5986.7109 379.5133 -1616.2542 -718.0164 -3583.7224 -1317.2527 -309.4204 2707.6682 5224.7832 4014.6641 2089.9827 -2233.4524 -777.9044 2411.8254 4751.3438 123.3155 -888.1447 -490.0645 421.3875
101.4442 217.8870 -284.9988 -672.2936 -5.4296 409.9488 880.9720 188.3282 573.1309 814.9719 -888.5530 -521.3082 -936.0383 -756.8005 -98.1861 -1060.7654 -204.7812 41.0343 -391.0602 190.4912 641.4108 1023.7962 455.2156 -600.5469 636.5344 -76.6516 351.2635 887.9403 -650.6658 696.6967 -528.5914 294.2903 -194.1537 -353.2095 160.8925 -417.4153 -25.5631 -63.6887 196.9414 191.0057 364.8601 -1144.2218 -1694.8646 -179.3689 989.8553 526.6050 728.2785 350.2653 -955.5007 268.4361 -10.3139 -1229.5757 571.1445 -1100.0933 -508.3719 -174.0177 -619.4955 648.0513 -780.5543 827.6458 1262.1731 -154.0167 -337.4676 767.0228 620.0164 898.0952 539.9526 462.7683 -477.4371 370.5343 411.3478 886.6160 -647.5745 118.2135 200.2065 1029.5721 27.4303 131.4814 -819.6141 -338.8824 240.6067 152.6978 1027.7554 120.8348 -993.8657 -377.6063 -2.3356 -1474.1140 -303.4719 245.4961 -589.5908 881.6281 947.1567 386.4349 -861.2487 1046.5649 171.9367 125.1275 13.9172 455.8629 1162.3872 -460.3444 -569.7147 698.1617 -1107.7026 711.2173 -652.3144 120.2613 -1233.4152 -12.2292 206.7279 -949.0176 -187.2972 535.5045 -989.5094 710.0822 -189.7189 307.1559 -648.9877 -186.1773 758.3710 251.3760 151.3909 1000.1353 -568.3987 1115.1514 -341.9745 -62.4286 383.3442 -40.4565 -546.7981 -438.1617 594.3512 -765.2320 -82.0554 -945.4525 653.6965 310.1663 -1837.2899 223.5003 -296.5934 274.4766 -154.8474 594.2144 297.1306 -97.6584 -540.4843 106.8924 -73.1472 -602.4547 -287.5741 432.2803 -962.0836 1084.4875 125.4035 181.4310 -131.7499 507.4006 1360.3702 -97.1311 -508.1794 1079.9471 772.0829 646.8763 -263.4952 494.7661 -319.0091 -55.9241 826.5151 -547.7117 -1432.3047 198.1776 -651.5707 316.9039 684.5806 -896.7574 46.1075 524.0013 -595.7494 200.2568 -212.0246 -318.1521 988.1452 -41.2971 126.9993 884.8577 439.7077 -448.9977 407.0015 -2071.8132 153.4930 -1215.6101 121.8587 199.0900 1332.5902 290.9218 -329.9402 79.8860 665.2764 122.6693 -1391.8644 -741.7048 -194.9991 48.3013 324.1393 -1013.9766 138.7481 91.1384 -541.7234 -426.1436 226.6192 825.8581 815.1985 335.3770 260.8216 536.2874 1052.3170 271.8509 489.0028 654.8837 -31.1681 220.1829 334.0412 -1050.4758 -422.2421 55.0930 -341.9229 1638.6713 -158.2874 -311.3750 -922.8627 67.0847 -441.8474 -240.2282 -522.6522 857.9642 -437.0459 -650.1964 -1710.5133 -213.0897 -174.4668 1715.8223 414.2617 502.8498 -892.2136 -389.0037 331.2775 864.6490 263.9936 839.0590 -920.4863 -1310.6254 37.1020 -928.0809 -1026.3336 -720.6077 962.2963 -806.4456 -545.5455 360.4753 5.8089 -352.8361 1259.5023 -62.6517 144.0245 -514.3146 -135.5706 -441.0219 -650.7269 -338.6075 845.8187 1009.5909 -280.9355 1168.7108 -349.9409 1033.0648 300.1397 -141.8431 -238.5031 -352.1886 -417.0363 1485.5913 -94.1639 401.0658 178.1581 889.2318 326.9122 76.8126 -671.9043 -1296.5343 -996.2771 -518.6629 554.2315 193.0545 -598.5034 -1179.0616 -30.6231 220.4219 121.5974 -104.6097
86.5090 185.7906 -243.0259 -573.1665 -4.6251 349.5313 751.1382 160.6129 488.6846 694.9062 -757.5766 -444.5193 -798.1293 -645.2377 -83.7146 -904.3949 -174.6009 35.0048 -333.4442 162.4069 546.8260 872.9103 388.1293 -512.0012 542.7318 -65.3785 299.4502 757.0397 -554.8218 594.0286 -450.6632 250.9351 -165.4692 -301.1406 137.1414 -355.8576 -21.8064 -54.2731 167.9371 162.8799 311.0810 -975.6248 -1445.1409 -152.9118 844.0167 449.0000 620.9404 298.6755 -814.6559 228.8956 -8.8050 -1048.3165 487.0199 -937.9557 -433.4596 -148.3937 -528.1813 552.5697 -665.4542 705.6146 1076.0946 -131.3220 -287.7745 653.7465 528.9352 765.7499 460.2978 394.5904 -407.0631 315.9323 350.7530 755.9214 -552.1475 100.7820 170.7337 877.8593 23.3842 112.0846 -698.7758 -288.8976 205.1717 130.1843 876.3019 103.0127 -847.4459 -321.9746 -1.9873 -1256.8627 -258.8099 209.3046 -502.6328 751.6806 807.5988 329.4295 -734.3211 892.3054 146.6079 106.7292 11.8722 388.6590 991.0613 -392.5399 -485.7733 595.2704 -944.4922 606.4076 -556.1165 102.5263 -1051.6385 -10.4652 176.2404 -809.1606 -159.6981 456.6463 -843.6705 605.4567 -161.7784 261.8702 -553.2911 -158.7501 646.5853 214.3601 129.0958 852.7316 -484.6537 950.8386 -291.5527 -53.2068 326.8302 -34.4305 -466.2245 -373.5734 506.7152 -652.4192 -69.9645 -806.0712 557.3594 264.4685 -1566.5404 190.5713 -252.8651 234.0634 -132.0697 506.6808 253.3487 -83.2539 -460.8245 91.1715 -62.3308 -513.6631 -245.1359 368.5558 -820.3211 924.5522 106.9652 154.6774 -112.3393 432.6227 1159.8735 -82.8286 -433.2902 920.8440 658.3121 551.4896 -224.6656 421.8705 -271.9549 -47.7085 704.6884 -466.9724 -1221.1807 168.9634 -555.6105 270.2385 583.7148 -764.5845 39.3106 446.7223 -507.8869 170.7076 -180.8152 -271.2624 842.5243 -35.2411 108.2896 754.3974 374.9013 -382.8456 347.0521 -1766.4880 130.9482 -1036.4415 103.9013 169.7669 1136.1846 248.0502 -281.3226 68.0996 567.2585 104.5852 -1186.7233 -632.3673 -166.2365 41.1923 276.3635 -864.5134 118.3212 77.7199 -461.8822 -363.2848 193.2258 704.1273 695.1090 285.9421 222.4047 457.2762 897.2358 231.7803 416.9878 558.3756 -26.5799 187.7267 284.8581 -895.5966 -360.0033 46.9545 -291.5197 1397.1331 -135.0354 -265.4619 -786.8856 57.2078 -376.7366 -204.8223 -445.6289 731.4867 -372.6187 -554.3856 -1458.3939 -181.6960 -148.8346 1462.9568 353.2029 428.7646 -760.7501 -331.6799 282.4394 737.2110 225.0800 715.4346 -784.7949 -1117.4792 31.6917 -791.3184 -875.0596 -614.4432 820.5081 -687.5680 -465.1501 307.3583 4.9922 -300.8057 1073.8538 -53.4222 122.8142 -438.5139 -115.5709 -376.0303 -554.8765 -288.7469 721.1791 860.8135 -239.5458 996.5010 -298.3568 880.8384 255.8898 -120.9034 -203.3715 -300.2724 -355.5747 1266.6427 -80.3165 341.9339 151.9012 758.2674 278.6981 65.4791 -572.8919 -1105.4473 -849.4343 -442.1792 472.5305 164.5855 -510.3225 -1005.3002 -26.0669 187.9665 103.7009 -89.1477
509.8016 1094.8336 -1431.9050 -3377.5073 -27.2318 2059.6453 4425.9121 946.3627 2879.2539 4094.5493 -4463.9497 -2619.0928 -4702.8882 -3801.9761 -493.2511 -5329.1562 -1028.6040 206.0932 -1964.6365 957.0303 3222.2759 5143.3286 2286.9438 -3017.0493 3198.0764 -384.9024 1764.6416 4460.5742 -3268.9329 3500.2534 -2655.5496 1478.5266 -975.2358 -1774.6166 808.0811 -2096.8381 -128.5956 -319.8721 989.6111 959.8730 1832.8660 -5748.4966 -8515.0400 -901.1454 4972.9131 2645.5889 3658.8569 1759.6096 -4800.2495 1348.5980 -51.5851 -6177.4844 2869.4197 -5526.7729 -2554.0449 -874.2528 -3112.0686 3255.7178 -3921.4863 4157.8374 6341.0762 -773.9912 -1695.6207 3851.9160 3115.0012 4512.0557 2712.6040 2325.0181 -2398.6226 1861.5233 2066.6943 4454.1299 -3253.2971 593.9709 1005.9155 5172.3789 137.6525 660.4584 -4117.4653 -1702.2531 1209.0120 767.0805 5163.4717 607.0459 -4993.2983 -1897.0339 -11.4872 -7405.7676 -1524.8542 1233.3341 -2961.7510 4429.2617 4758.4404 1941.3313 -4326.8364 5257.8926 863.7900 628.8281 69.8555 2290.2261 5839.6118 -2312.9133 -2862.2222 3507.3640 -5565.0889 3573.2812 -3277.0017 603.9993 -6196.6274 -61.5819 1038.5258 -4767.8013 -940.9170 2690.4639 -4971.2949 3567.3640 -953.2122 1543.1002 -3260.3320 -935.4115 3809.9880 1262.9813 760.5879 5024.7095 -2855.7747 5602.5024 -1717.8850 -313.6230 1925.9008 -203.1755 -2747.2217 -2201.3354 2985.7771 -3844.4531 -412.4464 -4749.7534 3284.1650 1558.2715 -9230.5352 1122.8518 -1489.8932 1378.8114 -778.0195 2985.3257 1492.8209 -490.5559 -2715.5610 537.1559 -367.4720 -3026.7073 -1444.5216 2171.9053 -4833.4839 5448.1040 630.0400 911.3182 -661.9371 2549.1931 6834.2930 -488.2324 -2553.0708 5425.7715 3878.7400 3249.7966 -1323.6561 2485.7278 -1602.6600 -280.8018 4152.3638 -2751.7310 -7195.6938 995.6981 -3273.5225 1592.2614 3439.3416 -4505.1328 231.6929 2632.3533 -2992.7903 1006.0586 -1065.2815 -1598.3932 4964.3594 -207.6509 637.8423 4445.3223 2208.9556 -2255.6943 2044.7823 -10408.7217 771.2744 -6107.1523 612.3099 1000.2698 6694.6699 1461.4136 -1657.6836 401.3368 3342.3850 616.3801 -6992.5122 -3726.3135 -979.4838 242.7974 1628.4623 -5094.1885 697.1868 458.1595 -2721.5366 -2140.8289 1138.5546 4148.8916 4095.5229 1685.0114 1310.3500 2694.3374 5286.7485 1365.7689 2456.6584 3290.0393 -156.5328 1106.1069 1678.3638 -5277.4932 -2121.3567 276.7014 -1717.6184 8232.4990 -795.4299 -1564.1982 -4636.3862 337.0886 -2219.9473 -1206.9186 -2625.7927 4310.4385 -2195.6108 -3266.4536 -8593.3672 -1070.5322 -876.7468 8620.1973 2081.1802 2526.4285 -4482.3047 -1954.5022 1664.3711 4343.8896 1326.3743 4215.4946 -4624.4502 -6584.5586 186.5556 -4662.6992 -5156.2808 -3620.4216 4834.6309 -4051.3809 -2740.6912 1810.7942 29.3016 -1772.6539 6327.6094 -314.8052 723.7150 -2584.0027 -681.0648 -2215.6284 -3269.1331 -1701.1454 4249.6562 5072.2085 -1411.2124 5871.5493 -1758.1021 5190.1626 1507.7129 -712.3931 -1198.1729 -1769.3854 -2095.2148 7463.5405 -473.1506 2015.0175 895.1273 4467.8193 1642.2042 385.7288 -3375.6641 -6513.6646 -5005.0918 -2605.6594 2784.4387 969.8295 -3006.7593 -5923.4868 -153.8186 1107.2155 610.9701 -525.4053
-248.8957 -534.5588 699.1995 1649.1709 13.2849 -1005.7032 -2161.1521 -462.0884 -1405.9324 -1999.3285 2179.7222 1278.8794 2296.3909 1856.4651 240.8159 2602.1655 502.1846 -100.6986 959.3528 -467.2837 -1573.4139 -2511.4031 -1116.7168 1473.1788 -1561.5704 187.9948 -861.6033 -2178.0535 1596.1908 -1709.0916 1296.7102 -721.9352 476.1978 866.5305 -394.5926 1023.8431 62.7740 156.1806 -483.2497 -468.6636 -894.9619 2806.9097 4157.8579 440.0472 -2428.2551 -1291.8273 -1786.5562 -859.1942 2343.8252 -658.5385 25.2272 3016.3909 -1401.0627 2698.6982 1247.0822 426.8859 1519.5833 -1589.7878 1914.8428 -2030.2421 -3096.3247 377.9237 827.9402 -1880.8580 -1521.0236 -2203.0688 -1324.2146 -1135.3308 1171.2297 -909.0502 -1009.1501 -2174.9299 1588.6014 -290.0355 -491.2291 -2525.6128 -67.2125 -322.4933 2010.5211 831.2241 -590.3243 -374.5549 -2521.2617 -296.3921 2438.1697 926.2792 5.6260 3616.1277 744.5485 -602.2712 1446.2122 -2162.8179 -2323.5200 -947.9243 2112.7407 -2567.3955 -421.8059 -307.0370 -34.1421 -1118.3174 -2851.4333 1129.3973 1397.6017 -1712.6340 2717.4446 -1744.8124 1600.1350 -294.9004 3025.7424 30.0849 -507.1209 2328.0708 459.4643 -1313.6893 2427.4124 -1741.9437 465.4404 -753.5123 1591.9456 456.7430 -1860.3427 -616.7006 -371.3996 -2453.5239 1394.4514 -2735.7026 838.8220 153.1992 -940.4178 99.1547 1341.4303 1074.8766 -1457.9124 1877.1865 201.3639 2319.2329 -1603.6227 -760.8521 4507.1748 -548.3157 727.4780 -673.2482 379.8742 -1457.6572 -728.9620 239.4759 1325.9650 -262.2919 179.4092 1477.9153 705.3438 -1060.5090 2360.1428 -2660.1975 -307.6210 -444.9741 323.2217 -1244.7133 -3337.1084 238.4056 1246.6467 -2649.3857 -1893.9723 -1586.8346 646.3392 -1213.7606 782.5209 137.1223 -2027.5273 1343.6451 3513.5854 -486.1976 1598.4642 -777.5368 -1679.4343 2199.8313 -113.1332 -1285.4075 1461.3727 -491.2525 520.1491 780.4636 -2424.0303 101.3606 -311.4456 -2170.6394 -1078.6287 1101.4094 -998.4705 5082.5015 -376.5499 2982.0623 -298.9996 -488.4570 -3268.9897 -713.5823 809.4441 -195.9629 -1632.0563 -300.9787 3414.4307 1819.5115 478.2675 -118.5271 -795.2020 2487.4148 -340.4058 -223.7142 1328.9124 1045.3094 -555.9979 -2025.9166 -1999.8141 -822.7530 -639.8422 -1315.6360 -2581.4929 -666.9207 -1199.6207 -1606.4775 76.4697 -540.1180 -819.5493 2576.9487 1035.8392 -135.1248 838.7128 -4019.8381 388.4086 763.7977 2263.9082 -164.5900 1084.0032 589.3482 1282.1306 -2104.7671 1072.1260 1595.0238 4196.0684 522.7093 428.1407 -4209.1372 -1016.2413 -1233.6057 2188.6807 954.3622 -812.6674 -2121.1204 -647.6898 -2058.4119 2258.0940 3215.1895 -91.1317 2276.7517 2517.7637 1767.8195 -2360.7051 1978.2659 1338.3042 -884.2628 -14.2991 865.5850 -3089.7219 153.7345 -353.3958 1261.7312 332.5698 1081.8947 1596.3158 830.6469 -2075.1213 -2476.7603 689.0695 -2867.0217 858.4819 -2534.3301 -736.1071 347.8486 585.0790 863.9768 1023.0778 -3644.3838 231.0659 -983.9084 -437.0990 -2181.5447 -801.8794 -188.3395 1648.3043 3180.6191 2443.9692 1272.2911 -1359.6287 -473.5097 1468.1895 2892.3931 75.1018 -540.6019 -298.3401 256.5608
-215.1600 -462.0237 604.2623 1425.2588 11.4637 -869.1469 -1867.7379 -399.3325 -1215.0092 -1727.8962 1883.8427 1105.2794 1984.6115 1604.3790 208.1672 2248.8562 434.0747 -86.9804 829.0771 -403.8817 -1359.7847 -2170.4417 -965.1358 1273.2283 -1349.5673 162.4297 -744.6616 -1882.2985 1379.4799 -1477.0692 1120.5735 -623.8947 411.5366 748.8890 -340.9921 884.7991 54.2532 134.9938 -417.6457 -405.0759 -773.4846 2425.8235 3593.3770 380.2437 -2098.5679 -1116.4144 -1544.0394 -742.5761 2025.7006 -569.1436 21.7512 2606.9492 -1210.8676 2332.2727 1077.8170 368.9290 1313.2601 -1373.9738 1654.8605 -1754.6250 -2675.8933 326.6677 715.5653 -1625.4882 -1314.6016 -1903.9812 -1144.7152 -980.8134 1012.3063 -785.5823 -872.1573 -1879.6416 1372.8964 -250.6278 -424.5014 -2182.7747 -58.0421 -278.6933 1737.5411 718.3806 -510.1902 -323.7593 -2178.9819 -256.1959 2107.1589 800.5158 4.8723 3125.2842 643.5142 -520.4285 1249.8654 -1869.1240 -2008.0536 -819.2263 1825.9089 -2218.8762 -364.4999 -265.3868 -29.4835 -966.4985 -2464.2820 976.0812 1207.8892 -1480.1429 2348.4690 -1507.9092 1382.9517 -254.8670 2614.9626 25.9833 -438.2303 2012.0031 397.0715 -1135.3545 2097.9250 -1505.4590 402.2491 -651.1931 1375.8693 394.7899 -1607.8136 -532.9777 -320.9475 -2120.4314 1205.1241 -2364.2854 724.9289 132.3649 -812.6879 85.7456 1159.2935 928.9681 -1259.9048 1622.3414 174.0839 2004.4060 -1385.9014 -657.5838 3895.2571 -473.8253 628.7388 -581.8230 328.3186 -1259.8158 -630.0102 206.9945 1145.9590 -226.6829 155.0372 1277.2781 609.5811 -916.5964 2039.7295 -2299.0557 -265.8576 -384.5589 279.3738 -1075.7429 -2884.0488 206.0816 1077.4097 -2289.6931 -1636.8265 -1371.4246 558.5447 -1049.0179 676.3123 118.5286 -1752.3130 1161.1997 3036.5728 -420.1988 1381.4485 -671.9489 -1451.4105 1901.1433 -97.7906 -1110.8350 1262.9729 -424.5829 449.5189 674.5369 -2094.9380 87.5899 -269.1544 -1875.9022 -932.2042 951.9481 -862.9254 4392.4497 -325.5133 2577.2236 -258.4011 -422.1079 -2825.1638 -616.7011 699.5054 -169.3476 -1410.4745 -260.1590 2950.9141 1572.4940 413.3554 -102.4830 -687.1866 2149.7515 -294.1855 -193.3978 1148.4456 903.4374 -480.4951 -1750.8590 -1728.2499 -711.0648 -552.9845 -1137.0092 -2230.9907 -576.3735 -1036.7672 -1388.4019 66.0836 -466.7472 -708.2488 2227.0950 895.2112 -116.7907 724.8713 -3474.0857 335.6709 660.1218 1956.5708 -142.2458 936.8516 509.3301 1108.0587 -1818.9961 926.5251 1378.4331 3626.3906 451.8013 370.0285 -3637.7273 -878.2900 -1066.1324 1891.5925 824.7568 -702.3582 -1833.1600 -559.7643 -1779.0092 1951.5212 2778.6880 -78.7876 1967.6327 2175.9341 1527.8329 -2040.2118 1709.6941 1156.6162 -764.1827 -12.3776 748.0881 -2670.2573 132.8484 -305.4030 1090.4587 287.4588 935.0223 1379.5885 717.8923 -1793.3962 -2140.4792 595.5254 -2477.7678 741.8931 -2190.2456 -636.1891 300.6038 505.6501 746.6533 884.1828 -3149.6299 199.6886 -850.3725 -377.7388 -1885.4012 -693.0538 -162.7477 1424.5442 2748.8291 2112.2080 1099.6597 -1175.0677 -409.2567 1268.8416 2499.7288 64.9156 -467.2563 -257.8584 221.7055
-124.1281 -266.5778 348.7421 822.5093 6.6012 -501.5816 -1077.8528 -230.4395 -701.1916 -997.1685 1087.0872 637.8354 1145.2899 925.8680 120.1281 1297.7611 250.5417 -50.1951 478.4291 -233.0774 -784.7194 -1252.5812 -556.8988 734.7369 -778.7878 93.7513 -429.7504 -1086.2765 796.0643 -852.3755 646.7458 -360.0714 237.4905 432.1282 -196.8185 510.6104 31.2921 77.8656 -240.9681 -233.7676 -446.3812 1399.9161 2073.6340 219.4458 -1211.0173 -644.3118 -891.0455 -428.5821 1169.0020 -328.3751 12.5826 1504.3986 -698.7560 1345.9103 621.9645 212.9288 757.8932 -792.9283 954.9576 -1012.5581 -1544.2562 188.4564 412.9370 -938.0502 -758.5734 -1098.7478 -660.5923 -566.1571 584.4824 -453.3377 -503.2634 -1084.7388 792.2995 -144.5571 -244.9129 -1259.6064 -33.5270 -160.8010 1002.6959 414.5594 -294.4258 -186.8118 -1257.4714 -147.8076 1215.9958 461.9920 2.8076 1803.5479 371.3653 -300.3111 721.2892 -1078.6151 -1158.8352 -472.7314 1053.7289 -1280.4755 -210.3676 -153.1432 -17.0059 -557.8058 -1422.0895 563.3257 697.0365 -854.1928 1355.2384 -870.1859 797.9626 -147.1223 1509.0400 14.9621 -252.9098 1161.1194 229.1135 -655.2094 1210.6353 -868.6996 232.1639 -375.7799 793.9620 227.7586 -927.7954 -307.5513 -185.2486 -1223.6316 695.4508 -1364.3529 418.3480 76.3920 -469.0129 49.4878 668.9968 536.0739 -727.1328 936.2785 100.4295 1156.7114 -799.7966 -379.4967 2247.9131 -273.5079 362.8337 -335.7747 189.4577 -727.0164 -363.5090 119.4873 661.3135 -130.7877 89.4823 737.0749 351.7499 -528.9672 1177.0577 -1326.7542 -153.5173 -221.9402 161.1871 -620.7902 -1664.3395 118.8597 621.7481 -1321.2971 -944.5489 -791.3834 322.3696 -605.3606 390.3085 68.4207 -1011.2060 670.1021 1752.3800 -242.5656 797.2393 -387.7417 -837.6109 1097.1301 -56.4639 -641.0207 728.8555 -245.0183 259.4688 389.2686 -1208.9778 50.5735 -155.2868 -1082.5681 -537.9554 549.2997 -497.9336 2534.7771 -187.8151 1487.2246 -149.0906 -243.6065 -1630.4016 -355.8765 403.6666 -97.7443 -813.9534 -150.0925 1702.8909 907.4591 238.5534 -59.0775 -396.5668 1240.5519 -169.8117 -111.5145 662.7874 521.3650 -277.2418 -1010.3748 -997.4043 -410.3375 -319.1202 -656.1580 -1287.4939 -332.5896 -598.3432 -801.1988 38.1444 -269.3408 -408.7176 1285.2069 516.5993 -67.4025 418.2826 -2004.8636 193.7364 380.9033 1129.0901 -82.0586 540.6458 293.9157 639.4250 -1049.7373 534.6250 795.4529 2092.6926 260.7037 213.4801 -2099.2532 -506.8528 -615.2059 1091.5217 475.9319 -405.3121 -1057.8934 -323.0143 -1026.6389 1126.1670 1603.5021 -45.4132 1135.4929 1255.6570 881.6682 -1177.3337 986.6442 667.4556 -440.9749 -7.1289 431.7184 -1540.9839 76.6950 -176.2530 629.2863 165.8253 539.5517 796.0812 414.2873 -1034.8485 -1235.2157 343.6879 -1429.9082 428.0966 -1263.9674 -367.2079 173.4927 291.8056 430.8811 510.2536 -1817.6089 115.3069 -490.6292 -217.9590 -1088.0237 -399.9074 -93.9507 822.0439 1586.2665 1218.9282 634.5064 -678.1364 -236.1748 732.2324 1442.5558 37.4393 -269.5752 -148.8188 127.9622
161.5862 347.1528 -454.0046 -1070.9814 -8.6325 653.0663 1403.4103 300.0732 912.9483 1298.2656 -1415.4719 -830.4067 -1491.1958 -1205.5505 -156.4220 -1689.7988 -326.1238 65.3566 -622.9473 303.4606 1021.7148 1630.8782 725.1331 -956.6791 1013.9933 -122.0388 559.5361 1414.3462 -1036.4602 1109.8828 -842.0232 468.7831 -309.2519 -562.7027 256.2666 -664.8602 -40.7647 -101.4367 313.7546 304.3328 581.1641 -1822.7333 -2700.0315 -285.7504 1576.8024 838.8755 1160.1578 557.9127 -1522.0967 427.6929 -16.3248 -1958.7361 909.7864 -1752.5056 -809.8082 -277.2265 -986.8091 1032.3104 -1243.4233 1318.3816 2010.7090 -245.4396 -537.6185 1221.3324 987.7257 1430.6134 860.1519 737.2185 -760.5498 590.6150 655.3110 1412.3693 -1031.5730 188.3415 318.9911 1640.0569 43.6674 209.4300 -1305.5951 -539.7136 383.3268 243.2240 1637.2386 192.4502 -1583.3000 -601.5182 -3.6345 -2348.2117 -483.4812 391.1494 -939.1590 1404.4781 1508.7766 615.6164 -1371.9644 1667.1996 273.8826 199.3575 22.1080 726.2354 1851.6725 -733.3856 -907.5490 1112.1130 -1764.6237 1133.0463 -1039.0972 191.5319 -1964.8577 -19.5331 329.2683 -1511.7848 -298.3167 853.0671 -1576.3309 1131.1404 -302.2671 489.3442 -1033.8042 -296.5997 1208.0706 400.4388 241.1434 1593.2710 -905.4788 1776.4551 -544.7158 -99.5048 610.7139 -64.4488 -871.0577 -697.9641 946.7686 -1219.0490 -130.7773 -1506.0748 1041.3542 494.0923 -2926.8208 356.0524 -472.3974 437.1635 -246.6813 946.5579 473.3569 -155.5729 -861.0549 170.2853 -116.5144 -959.7119 -458.0313 688.6807 -1532.6144 1727.5143 199.7681 288.9404 -209.8607 808.3112 2167.0342 -154.8475 -809.4821 1720.3530 1229.8737 1030.4595 -419.6927 788.2224 -508.2026 -89.0576 1316.6289 -872.5163 -2281.6450 315.6964 -1037.9824 504.9312 1090.5328 -1428.5374 73.4533 834.6996 -948.9937 318.9487 -337.7756 -506.8460 1574.0762 -65.8467 202.2730 1409.5614 700.4625 -715.2301 648.3523 -3300.4316 244.5213 -1936.4767 194.1821 317.1363 2122.7966 463.4057 -525.5964 127.2253 1059.7963 195.4747 -2217.2031 -1181.5325 -310.5732 76.9914 516.3599 -1615.2839 221.0489 145.2774 -862.9811 -678.8249 361.0108 1315.5582 1298.5699 534.2971 415.4818 854.3774 1676.3325 433.0547 778.9697 1043.2120 -49.6494 350.7672 532.1417 -1673.3987 -672.6606 87.7427 -544.6029 2610.3853 -252.1799 -495.9921 -1470.1232 106.8822 -703.9178 -382.6740 -832.5814 1366.8037 -696.1696 -1035.7529 -2724.8420 -339.4122 -278.0003 2733.2739 659.9226 801.0438 -1421.2697 -619.7615 527.7244 1377.3734 420.5836 1336.6528 -1466.3435 -2087.8145 59.1335 -1478.4640 -1635.0461 -1147.9498 1533.0090 -1284.6302 -869.0040 574.1563 9.3251 -562.0671 2006.3719 -99.8586 229.4831 -819.3417 -215.9580 -702.5228 -1036.5321 -539.3899 1347.5295 1608.3032 -447.4593 1861.7816 -557.4501 1645.6793 478.0716 -225.9168 -379.9604 -560.9928 -664.3543 2366.5854 -150.0106 638.9472 283.7925 1416.6241 520.6931 122.3087 -1070.3684 -2065.3918 -1587.0499 -826.2132 882.9119 307.4841 -953.3837 -1878.2578 -48.7946 351.0831 193.7579 -166.6289
-108.2694 -232.5232 304.1795 717.3709 5.7789 -437.4261 -940.0469 -200.9685 -611.5620 -869.5724 948.0681 556.2640 998.8734 807.4862 104.7898 1131.8888 218.4843 -43.8123 417.2852 -203.3428 -684.4759 -1092.4041 -485.7225 640.8192 -679.2369 81.7266 -374.8012 -947.3740 694.2640 -743.4469 564.0272 -314.0359 207.1827 376.9053 -171.6261 445.3536 27.3534 67.9174 -210.1276 -203.8465 -389.2766 1220.9857 1808.5217 191.3930 -1056.1949 -561.9113 -777.1410 -373.7554 1019.5603 -286.4489 10.9015 1312.0345 -609.4637 1173.8787 542.4729 185.7152 660.9796 -691.4689 832.9089 -883.0932 -1346.8477 164.3935 360.0963 -818.0527 -661.6055 -958.2787 -576.1417 -493.8044 509.4255 -395.4021 -438.6519 -946.0070 690.9756 -126.1811 -213.6467 -1098.5895 -29.2379 -140.2724 874.4769 361.5446 -256.8121 -162.9018 -1096.7140 -128.9236 1060.5729 402.9388 2.4538 1572.9335 323.8995 -261.9328 629.0708 -940.7568 -1010.6477 -412.3226 918.9728 -1116.7076 -183.4498 -133.5564 -14.8210 -486.4257 -1240.3298 491.2516 607.8748 -744.9659 1181.9619 -758.9298 696.0247 -128.2875 1316.0756 13.0925 -220.5848 1012.6410 199.7966 -571.4473 1055.8260 -757.6844 202.4178 -327.7498 692.4633 198.6362 -809.2453 -268.2759 -161.5051 -1067.1914 606.5318 -1189.9572 364.8232 66.6059 -409.0466 43.1708 583.4831 467.5292 -634.1715 816.5491 87.6115 1008.8518 -697.5590 -331.0093 1960.4891 -238.4874 316.4066 -292.8376 165.2601 -634.0389 -317.0457 104.1693 576.7885 -114.0927 78.0890 642.8435 306.8062 -461.3201 1026.6024 -1157.1194 -133.8329 -193.5262 140.5709 -541.4301 -1451.5376 103.6767 542.2629 -1152.3899 -823.8855 -690.2164 281.0952 -527.9384 340.3782 59.6499 -881.9335 584.4161 1528.3505 -211.4547 695.2543 -338.1221 -730.5262 956.8475 -49.2128 -559.1019 635.6287 -213.6570 226.2448 339.5238 -1054.3756 44.1091 -135.4738 -944.1732 -469.1648 479.0735 -434.2572 2210.7690 -163.7733 1297.1431 -130.0137 -212.4477 -1421.8590 -310.4413 352.0702 -85.2318 -709.8953 -130.9051 1485.1464 791.4501 208.0308 -51.5537 -345.8476 1082.0190 -148.0378 -97.3320 578.0139 454.6940 -241.8294 -881.1879 -869.8822 -357.8534 -278.3177 -572.2448 -1122.8793 -290.0823 -521.7857 -698.8272 33.2534 -234.9581 -356.4428 1120.8707 450.5430 -58.8187 364.8069 -1748.5226 168.9047 332.2679 984.7250 -71.5524 471.4920 256.3665 557.6589 -915.5571 466.3061 693.7505 1825.1830 227.3466 186.1879 -1830.8234 -441.9661 -536.5951 952.0145 415.1031 -353.4829 -922.5593 -281.6963 -895.3248 982.2045 1398.4977 -39.5880 990.3381 1095.1754 768.9307 -1026.8473 860.4788 582.1071 -384.6316 -6.2549 376.5426 -1343.9185 66.8878 -153.7464 548.7944 144.6313 470.5949 694.3491 361.2961 -902.6013 -1077.2804 299.7684 -1247.0458 373.3996 -1102.3547 -320.2208 151.3433 254.5043 375.8280 445.0224 -1585.1876 100.5080 -427.9830 -190.0903 -948.8932 -348.8066 -81.8802 716.9430 1383.4662 1063.0298 553.3538 -591.3832 -205.9700 638.6071 1258.0702 32.6880 -235.1751 -129.7440 111.5456
-106.2978 -228.3160 298.6081 704.3716 5.6748 -429.4683 -922.9586 -197.3398 -600.4662 -853.8672 930.9230 546.1692 980.7723 792.8564 102.8945 1111.3907 214.5134 -42.9692 409.7156 -199.5838 -671.9831 -1072.6058 -476.9051 629.1733 -666.8808 80.2676 -367.9910 -930.1584 681.6866 -729.9710 553.7772 -308.3350 203.4203 370.0667 -168.5275 437.2683 26.7894 66.7716 -206.3375 -200.1627 -382.2525 1198.7885 1775.7303 187.9107 -1037.0564 -551.6961 -762.9973 -366.9374 1001.0380 -281.2332 10.7481 1288.2200 -598.3643 1152.5665 532.6328 182.3251 648.9768 -678.9799 817.7555 -867.0639 -1322.4062 161.4309 353.5955 -803.2798 -649.6332 -940.8712 -565.7043 -484.7906 500.2093 -388.1901 -430.9683 -928.5931 678.4456 -123.8485 -209.7737 -1078.6584 -28.7492 -137.7207 858.6520 354.9918 -252.1272 -160.0057 -1076.7770 -126.6031 1041.2783 395.5775 2.4021 1544.4447 317.9884 -257.1922 617.6325 -923.6489 -992.2770 -404.8735 902.3087 -1096.4835 -180.1426 -131.1227 -14.5641 -477.6003 -1217.7826 482.3312 596.8788 -731.4194 1160.5308 -745.1470 683.3431 -125.9554 1292.2219 12.8800 -216.5611 994.3109 196.1888 -561.0916 1036.6953 -743.9469 198.8071 -321.8283 679.9514 195.1144 -794.5214 -263.4120 -158.6046 -1047.8693 595.5197 -1168.3441 358.2257 65.3856 -401.6107 42.3594 572.8958 459.0681 -622.6324 801.7557 86.0220 990.5082 -684.8703 -324.9490 1924.8857 -234.1760 310.6953 -287.5280 162.2616 -622.5334 -311.3239 102.3399 566.3026 -111.9817 76.6602 631.1698 301.2483 -452.9401 1007.9689 -1136.1641 -131.3594 -190.0474 138.0259 -531.6213 -1425.2192 101.8064 532.3817 -1131.4639 -808.8749 -677.7096 276.0940 -518.3851 334.2328 58.5691 -865.9694 573.8376 1500.6033 -207.6346 682.6327 -332.0544 -717.2349 939.4762 -48.3522 -548.9306 624.1081 -209.7585 222.1630 333.2940 -1035.2292 43.3211 -133.0728 -927.0089 -460.6237 470.4334 -426.4068 2170.6057 -160.7979 1273.5934 -127.6723 -208.5964 -1396.1061 -304.7993 345.6818 -83.6930 -697.0014 -128.5454 1458.1917 777.1094 204.2586 -50.6483 -339.6129 1062.3610 -145.3733 -95.5284 567.5641 446.4786 -237.4394 -865.2227 -854.0755 -351.3859 -273.2733 -561.8577 -1102.4905 -284.7943 -512.3259 -686.1174 32.6515 -230.6238 -350.0200 1100.5707 442.4261 -57.7173 358.2072 -1716.8014 165.8507 326.2029 966.8795 -70.2860 462.9367 251.7084 547.6080 -898.8940 457.8848 681.2114 1792.0852 223.2974 182.8166 -1797.6237 -434.0021 -526.8553 934.7310 407.5787 -347.0817 -905.8782 -276.6019 -879.1061 964.4032 1373.1591 -38.9098 972.3712 1075.2671 754.9879 -1008.2261 844.8666 571.5212 -377.5934 -6.1010 369.6877 -1319.5696 65.6623 -150.8856 538.8893 142.0414 462.0584 681.7363 354.7563 -886.2119 -1057.7454 294.3195 -1224.4415 366.6224 -1082.3466 -314.4264 148.5922 249.8470 368.9853 436.9381 -1556.4723 98.6149 -420.2085 -186.7040 -931.7332 -342.4556 -80.4484 703.9626 1358.3453 1043.7571 543.3710 -580.6863 -202.2563 626.9805 1235.2783 32.0869 -230.9365 -127.3979 109.5746
-75.2225 -161.5166 211.2691 498.3595 4.0437 -303.9139 -653.0825 -139.6494 -424.8215 -604.2128 658.6758 386.4824 693.9609 560.9960 72.7903 786.3950 151.8130 -30.4016 289.9012 -141.2262 -475.4590 -758.8954 -337.4514 445.1776 -471.9017 56.8048 -260.3925 -658.1542 482.3692 -516.4917 391.8322 -218.1543 143.9352 261.8691 -119.1818 309.3784 18.9788 47.1980 -146.0274 -141.6172 -270.4465 848.2373 1256.4608 132.9792 -733.7946 -390.3335 -539.8698 -259.6424 708.3073 -198.9982 7.6384 911.5538 -423.4300 815.5152 376.8932 129.0266 459.1959 -480.3677 578.6523 -613.5207 -935.6795 114.2321 250.1619 -568.3867 -459.6147 -665.7489 -400.2527 -343.0674 353.9340 -274.6435 -304.9524 -657.2576 480.3349 -87.6523 -148.4201 -763.2418 -20.3140 -97.4663 607.5646 251.1418 -178.4198 -113.1862 -761.8845 -89.5789 736.8112 279.9327 1.7282 1092.7509 224.9641 -181.9967 437.0355 -653.5527 -702.1263 -286.4590 638.4485 -775.8617 -127.4352 -92.7580 -10.3149 -337.9654 -861.6747 341.2620 422.3347 -517.5384 821.1523 -527.2756 483.5791 -89.1024 914.3622 9.1131 -153.2296 703.5072 138.8497 -397.0044 733.5606 -526.4354 140.6275 -227.7234 481.1169 138.0142 -562.1917 -186.3308 -112.2389 -741.4683 421.3882 -826.6610 253.4619 46.2489 -284.1818 30.0233 405.3806 324.7774 -440.5667 567.2557 60.8977 700.8607 -484.5716 -229.9445 1362.0355 -165.6413 219.8501 -203.4402 114.8122 -440.5447 -220.2930 72.3504 400.6801 -79.2480 54.2010 446.5951 213.1521 -320.4561 713.2231 -803.8963 -92.9678 -134.4805 97.6808 -376.1301 -1008.4704 72.0276 376.7413 -800.6017 -572.3137 -479.5556 195.3381 -366.8137 236.4296 41.4268 -612.7317 406.0202 1061.7676 -146.9330 483.0257 -234.9380 -507.5415 664.7361 -34.1840 -388.4372 441.5914 -148.4722 157.1656 235.8362 -732.5299 30.5919 -94.1721 -655.9326 -325.9073 332.8766 -301.7438 1535.8855 -113.8149 901.1690 -90.3657 -147.5738 -987.8892 -215.5947 244.6097 -59.2280 -493.2235 -90.9411 1031.8146 549.8547 144.5036 -35.8511 -240.2516 751.6887 -102.9198 -67.6246 401.5514 315.8535 -168.0012 -612.1874 -604.3251 -248.6127 -193.3424 -397.5851 -780.0933 -201.5280 -362.5165 -485.4604 23.0679 -163.1934 -247.6780 778.7494 313.0251 -40.8435 253.4180 -1214.7567 117.3983 230.8055 684.1418 -49.7562 327.5862 178.1131 387.4643 -636.0485 324.0090 482.0395 1268.0205 157.9695 129.4106 -1271.9781 -307.1180 -372.8252 661.4044 288.3818 -245.5853 -640.9833 -195.7037 -622.0156 682.3406 971.6085 -27.5420 688.0411 760.8418 534.2096 -713.3492 597.8024 404.3828 -267.1754 -4.2944 261.5558 -933.6838 46.4655 -106.7812 381.3191 100.5019 326.9469 482.3528 250.9915 -627.0446 -748.4222 208.2144 -866.3624 259.4502 -765.7937 -222.4760 105.0887 176.7873 261.0721 309.1688 -1101.3237 69.8330 -297.3502 -132.0968 -659.2704 -242.3167 -56.8983 498.0936 961.1588 738.5543 384.5186 -410.8257 -143.1353 443.6995 874.0427 22.7360 -163.4260 -90.1672 77.5203
-61.5616 -132.1890 172.9021 407.7945 3.3081 -248.7280 -534.4259 -114.2786 -347.7061 -494.3369 538.9617 316.2554 567.8807 459.0513 59.6033 643.5370 124.2153 -24.9062 237.2165 -115.5782 -389.0855 -621.0059 -276.1089 364.2863 -386.1615 46.4836 -213.0719 -538.6134 394.6919 -422.6960 320.5760 -178.5536 117.7928 214.3327 -97.5850 253.1955 15.5085 38.5951 -119.4282 -115.8439 -221.3238 694.1091 1028.1384 108.7801 -600.4362 -319.4109 -441.8116 -212.4714 579.6257 -162.8992 6.2495 745.8860 -346.4922 667.3967 308.4119 105.5639 375.7616 -393.0399 473.4988 -502.0796 -765.6570 93.4528 204.7301 -465.1138 -376.0911 -544.7803 -327.5122 -280.7020 289.6549 -224.7659 -249.5472 -537.8093 392.8412 -71.4674 -121.4805 -624.5563 -16.6399 -79.7447 497.1728 205.5654 -146.0078 -92.5800 -623.4507 -73.3511 602.9290 229.0789 1.3852 894.1708 184.1307 -148.9509 357.5898 -534.8026 -574.5359 -234.4328 522.4485 -634.8889 -104.3022 -75.9217 -8.4158 -276.4952 -705.0915 279.2254 345.6144 -423.5177 671.9757 -431.4337 395.6998 -72.9577 748.2073 7.4893 -125.3753 575.7126 113.5955 -324.8701 600.2507 -430.7708 115.0386 -186.3492 393.7010 112.9300 -460.0103 -152.5130 -91.8006 -606.7142 344.8173 -676.5294 207.4034 37.8178 -232.5514 24.5520 331.7242 265.7895 -360.5206 464.2064 49.8507 573.5150 -396.5372 -188.1864 1114.5439 -135.5698 179.9145 -166.5024 93.9162 -360.4974 -180.2318 59.2252 327.9018 -64.8612 44.4111 365.4414 174.4543 -262.2437 583.6434 -657.8414 -76.0648 -110.0187 79.9191 -307.8094 -825.2134 58.9525 308.2420 -655.1343 -468.3859 -392.4087 159.8384 -300.0866 193.4985 33.9039 -501.3915 332.2656 868.8572 -120.2043 395.2058 -192.2172 -415.2923 543.9869 -27.9586 -317.8876 361.3589 -121.4352 128.6161 192.9812 -599.4147 25.0893 -77.0399 -536.7821 -266.7003 272.3775 -246.8985 1256.8763 -93.1060 737.4081 -73.9773 -120.7782 -808.3351 -176.4557 200.1806 -48.4453 -403.5932 -74.3947 844.3379 449.9420 118.2549 -29.3135 -196.6181 615.1343 -84.1591 -55.3143 328.5785 258.5018 -137.5051 -500.9773 -494.4861 -203.4107 -158.2306 -325.3371 -638.3365 -164.9072 -296.6581 -397.2410 18.8605 -133.5654 -202.6409 637.2509 256.1626 -33.4065 207.4030 -994.0498 96.0269 188.8980 559.8345 -40.6930 268.0484 145.7453 317.0222 -520.4857 265.1227 394.4162 1037.6414 129.2664 105.8858 -1040.8381 -251.2600 -305.0454 541.2296 236.0065 -200.9650 -524.5054 -160.1050 -508.9957 558.4061 795.1013 -22.5622 563.0027 622.6026 437.1187 -583.7787 489.2128 330.9509 -218.6641 -3.5788 214.0340 -764.0111 38.0670 -87.3779 312.0381 82.2382 267.5232 394.7150 205.3845 -513.1094 -612.4343 170.4061 -708.9773 212.3027 -626.6880 -182.0105 85.9828 144.7209 213.6799 252.9711 -901.1847 57.0961 -243.3030 -108.1087 -539.4351 -198.2758 -46.5232 407.6020 786.4869 604.3566 314.6225 -336.2103 -117.1090 363.0338 715.2157 18.5676 -133.7168 -73.7448 63.4294
102.1175 219.2453 -286.8681 -676.5227 -5.4666 412.5687 886.5573 189.5483 576.7177 820.1428 -894.1153 -524.6418 -941.9871 -761.5121 -98.8178 -1067.3984 -206.0782 41.3423 -393.5265 191.6776 645.4466 1030.1993 458.0511 -604.3065 640.5540 -77.1295 353.4854 893.4604 -654.8144 701.1522 -531.9241 296.1423 -195.3365 -355.3940 161.9441 -420.0129 -25.7999 -64.0905 198.2227 192.2285 367.1467 -1151.3435 -1705.6089 -180.4743 996.0966 530.0135 732.9055 352.4393 -961.5183 270.1428 -10.4072 -1237.3761 574.7272 -1106.9773 -511.5661 -175.1178 -623.3656 652.1784 -785.4869 832.9192 1270.1107 -155.0086 -339.6117 771.5561 623.9545 903.7540 543.3208 465.6494 -480.3933 372.8504 413.9498 892.1962 -651.5817 118.9781 201.7741 1036.0630 27.6217 132.3002 -824.7517 -340.9625 242.1877 153.6438 1034.2625 121.6217 -1000.1600 -380.0168 -2.3005 -1483.4092 -305.4111 247.0361 -593.2559 887.1695 953.1202 388.8660 -866.7065 1053.1848 172.9625 125.9685 13.9877 458.7866 1169.7317 -463.2537 -573.3255 702.5159 -1114.6393 715.7610 -656.4179 121.0251 -1241.2234 -12.3586 208.0578 -954.9366 -188.5217 538.9415 -995.7654 714.5542 -190.9404 309.1046 -653.0109 -187.4021 763.1149 252.9186 152.3546 1006.4185 -572.0164 1122.1748 -344.0771 -62.8047 385.7766 -40.6986 -550.2617 -440.8837 598.0485 -770.0781 -82.6495 -951.3992 657.8489 312.1039 -1848.8440 224.9164 -298.3993 276.1827 -155.8348 597.9932 299.0143 -98.2583 -543.8933 107.5493 -73.6271 -606.2910 -289.3620 435.0709 -968.1598 1091.2532 126.2055 182.5334 -132.5877 510.5785 1368.8807 -97.7681 -511.3448 1086.8042 776.8875 650.9138 -265.1555 497.8911 -320.9634 -56.2385 831.7297 -551.1835 -1441.3475 199.4984 -655.6839 318.8952 688.9011 -902.4116 46.4667 527.2451 -599.5027 201.5090 -213.3548 -320.1219 994.3436 -41.5307 127.7821 890.3922 442.4710 -451.8045 409.5214 -2084.8457 154.4515 -1223.3300 122.6193 200.3629 1341.0062 292.7509 -332.0553 80.3983 669.4996 123.4670 -1400.6554 -746.4330 -196.1930 48.6506 326.1677 -1020.3188 139.6339 91.7764 -545.1430 -428.8155 228.1401 831.0194 820.3776 337.5181 262.4286 539.7059 1058.8734 273.5536 492.0716 659.0237 -31.3643 221.6204 336.1357 -1057.0995 -424.9095 55.4636 -344.0117 1649.0016 -159.3110 -313.3339 -928.7068 67.4846 -444.6421 -241.7155 -525.9374 863.4132 -439.7265 -654.3348 -1721.2566 -214.4407 -175.6007 1726.6907 416.8599 506.0726 -897.8008 -391.4193 333.3598 870.0802 265.6741 844.3766 -926.2661 -1318.9110 37.3327 -933.9843 -1032.7896 -725.2135 968.3502 -811.5258 -548.9716 362.6740 5.8532 -355.0997 1267.4585 -63.0700 144.8993 -517.5994 -136.3784 -443.8140 -654.8062 -340.7013 851.1785 1015.9733 -282.6656 1176.1053 -352.1536 1039.5393 302.0490 -142.7229 -240.0083 -354.3551 -419.6477 1494.9950 -94.7752 403.5758 179.3515 894.8961 328.9195 77.2757 -676.2176 -1304.7363 -1002.5540 -521.9805 557.7554 194.3143 -602.2930 -1186.5289 -30.8023 221.8099 122.3557 -105.1651
-118.5362 -254.6369 333.0045 785.4734 6.3361 -478.9794 -1029.2875 -220.1062 -669.6334 -952.2133 1038.1698 609.1360 1093.7463 884.1934 114.6969 1239.4062 239.1980 -47.9147 456.8846 -222.5775 -749.4134 -1196.1753 -531.8263 701.6569 -743.7702 89.5131 -410.3857 -1037.3838 760.2363 -814.0129 617.6080 -343.8961 226.8263 412.7242 -187.9367 487.6287 29.9263 74.4081 -230.0796 -223.1935 -426.2617 1336.9124 1980.3832 209.5730 -1156.5486 -615.2439 -850.9637 -409.2159 1116.3474 -313.6454 12.0154 1436.6396 -667.3713 1285.3593 594.0162 203.3267 723.7748 -757.1876 912.0071 -966.9784 -1474.7449 179.9923 394.3615 -895.8724 -724.4623 -1049.2904 -630.8333 -540.7626 557.8281 -432.9226 -480.6170 -1035.8513 756.6381 -138.1101 -233.9579 -1202.6106 -31.9823 -153.5702 957.5655 395.8926 -281.2042 -178.3549 -1200.9091 -141.1844 1161.3059 441.1549 2.6386 1722.3060 354.6209 -286.8391 688.7867 -1030.1150 -1106.6591 -451.4757 1006.2740 -1222.8164 -200.9523 -146.2022 -16.2434 -532.5763 -1358.0676 537.9357 665.6624 -815.7175 1294.2711 -831.0287 762.1398 -140.4533 1441.1530 14.3262 -241.5256 1108.8401 218.8290 -625.7724 1156.1682 -829.6831 221.6922 -358.9068 758.2820 217.5679 -886.0245 -293.7914 -176.8672 -1168.6055 664.1534 -1302.9413 399.5283 72.9138 -447.9223 47.1869 638.8897 511.9852 -694.3911 894.1053 95.9462 1104.6237 -763.7625 -362.4338 2146.7300 -261.1665 346.4822 -320.6724 180.9168 -694.2967 -347.1819 114.0409 631.5594 -124.9225 85.4741 703.9020 335.9308 -505.1530 1124.1298 -1267.0145 -146.4957 -211.9555 153.9513 -592.8398 -1589.4650 113.5421 593.7634 -1261.8455 -902.0732 -755.8161 307.8727 -578.0914 372.7115 65.2866 -965.6842 639.9838 1673.5074 -231.5864 761.3571 -370.3307 -799.8578 1047.7183 -53.8825 -612.1816 696.0362 -233.9163 247.7699 371.6975 -1154.5137 48.2882 -148.3464 -1033.8170 -513.6774 524.6147 -475.5066 2420.7820 -179.3772 1420.3290 -142.3829 -232.6719 -1556.9374 -339.8695 385.5208 -93.3373 -777.3158 -143.3398 1626.1987 866.6064 227.7645 -56.4475 -378.7453 1184.7705 -162.1137 -106.5895 632.9408 497.8429 -264.7786 -964.8921 -952.5021 -391.8443 -304.7597 -626.6348 -1229.5859 -317.5778 -571.3760 -765.1573 36.4035 -257.2378 -390.3248 1227.3365 493.3426 -64.3333 399.4293 -1914.6202 185.0169 363.8066 1078.2428 -78.4028 516.3028 280.6761 610.6860 -1002.4310 510.6179 759.7051 1998.5586 248.9713 203.9424 -2004.7886 -483.9658 -587.5471 1042.4301 454.5339 -387.0609 -1010.2600 -308.4299 -980.3786 1075.5352 1531.3738 -43.4022 1084.3678 1199.1360 842.0447 -1124.3666 942.2155 637.3926 -421.1126 -6.8138 412.2570 -1471.6360 73.2446 -168.3125 600.9706 158.3952 515.2778 760.3279 395.6537 -988.3509 -1179.5862 328.2277 -1365.5282 408.8818 -1207.0454 -350.6806 165.6863 278.6521 411.5173 487.2856 -1735.7546 110.0047 -468.6215 -208.1940 -1039.1199 -381.9093 -89.6921 785.0620 1514.8766 1164.0580 605.9638 -647.5516 -225.5317 699.3167 1377.5735 35.7700 -257.5104 -142.0488 122.1887
-223.1469 -479.1667 626.7794 1478.3722 11.8921 -901.5233 -1937.3052 -414.1753 -1260.2893 -1792.1934 1953.9469 1146.3926 2058.4719 1664.1410 215.9139 2332.6016 450.2611 -90.2581 859.9250 -418.8888 -1410.4362 -2251.3010 -1001.0596 1320.6134 -1399.7870 168.5186 -772.3832 -1952.4406 1430.8591 -1532.0863 1162.3243 -647.1331 426.9040 776.7470 -353.7713 917.7742 56.2547 140.0306 -433.1214 -420.1265 -802.2913 2516.1104 3727.1782 394.4313 -2176.6853 -1158.0216 -1601.5155 -770.2173 2101.1150 -590.2961 22.6076 2703.9473 -1255.9768 2419.1323 1117.9113 382.7080 1362.2250 -1425.0486 1716.4779 -1819.9761 -2775.5977 338.7764 742.1948 -1686.0291 -1363.5125 -1974.8457 -1187.3494 -1017.7065 1049.9120 -814.8810 -904.6055 -1949.6576 1424.0684 -259.9618 -440.3232 -2264.0117 -59.8977 -289.0779 1802.2823 745.1117 -529.1412 -335.7633 -2260.1025 -265.7399 2185.5708 830.3421 5.0506 3241.6248 667.4348 -539.8104 1296.4044 -1938.7358 -2082.8237 -849.7582 1893.9590 -2301.4590 -378.0395 -275.2591 -30.5735 -1002.4904 -2556.0667 1012.3626 1252.8278 -1535.2358 2435.9409 -1564.0502 1434.4128 -264.3627 2712.3560 26.9688 -454.5636 2086.9224 411.8752 -1177.6593 2176.0557 -1561.4711 417.2427 -675.4653 1427.0958 409.4825 -1667.6840 -552.8135 -332.9364 -2199.4050 1249.9919 -2452.3198 751.9234 137.2822 -843.0093 88.9245 1202.4796 963.5217 -1306.9036 1682.7560 180.4915 2079.0227 -1437.5354 -682.1205 4040.3081 -491.4890 652.1542 -603.4861 340.5589 -1306.7013 -653.4497 214.7413 1188.5865 -235.1191 160.8288 1324.8318 632.3187 -950.6608 2115.6606 -2384.6643 -275.8084 -398.8683 289.7524 -1115.7993 -2991.4277 213.7012 1117.4764 -2374.9434 -1697.7899 -1422.4779 579.4167 -1088.1115 701.4680 122.9515 -1817.5481 1204.4338 3149.6816 -435.8553 1432.8651 -697.0036 -1505.4377 1971.9521 -101.4002 -1152.1852 1309.9988 -440.3272 466.2859 699.6444 -2172.9653 90.8446 -279.2117 -1945.7701 -966.9230 987.3353 -895.0270 4556.0049 -337.5576 2673.1992 -267.9842 -437.8044 -2930.3821 -639.6990 725.5472 -175.6725 -1463.0216 -269.8138 3060.7612 1631.0420 428.7535 -106.2632 -712.7611 2229.7605 -305.1210 -200.4935 1191.2776 937.0807 -498.3749 -1816.0162 -1792.6852 -737.5482 -573.5691 -1179.3542 -2314.0603 -597.7880 -1075.3492 -1440.1080 68.5556 -484.1433 -734.6429 2310.0049 928.5570 -121.1414 751.8134 -3603.4409 348.1782 684.7056 2029.4175 -147.5170 971.6846 528.2955 1149.2972 -1886.7545 960.9811 1429.7908 3761.4116 468.5987 383.7454 -3773.1548 -910.9764 -1105.8500 1961.9622 855.5152 -728.4928 -1901.4298 -580.5816 -1845.1740 2024.2009 2882.1235 -81.6506 2040.9006 2256.9570 1584.7334 -2116.1094 1773.3711 1199.6761 -792.6385 -12.8536 775.9356 -2769.7012 137.8079 -316.7721 1131.0480 298.1456 969.8340 1430.9285 744.6191 -1860.1166 -2220.2136 617.7352 -2570.0312 769.5097 -2271.8123 -659.9397 311.8334 524.4669 774.4996 917.0197 -3266.9014 207.1040 -881.9913 -391.7995 -1955.5820 -718.8376 -168.8912 1477.5815 2851.1604 2190.8367 1140.5391 -1218.8119 -424.4806 1316.1221 2592.7693 67.3446 -484.6161 -267.4393 229.9754
-147.3059 -316.3715 413.7571 975.9909 7.8116 -595.1451 -1278.9001 -273.4417 -831.9769 -1183.1185 1289.9434 756.8319 1358.9792 1098.6331 142.5240 1539.8826 297.2758 -59.5610 567.6646 -276.5570 -931.0715 -1486.1697 -660.7990 871.7926 -924.0746 111.2122 -509.8831 -1288.8578 944.5611 -1011.4483 767.3047 -427.2636 281.8490 512.7560 -233.5275 605.8454 37.1099 92.3786 -285.9591 -277.3167 -529.6262 1661.0413 2460.4622 260.4103 -1436.9622 -764.4240 -1057.2229 -508.4412 1387.0394 -389.7259 14.8904 1784.9604 -829.1050 1596.9681 738.0068 252.6456 899.2524 -940.7147 1133.0787 -1201.4116 -1832.2957 223.7042 489.9402 -1113.0659 -900.1337 -1303.6757 -783.7918 -671.8391 693.1050 -537.9315 -597.1592 -1287.0223 940.0505 -171.6277 -290.7009 -1494.5779 -39.7301 -190.5169 1189.7391 491.8677 -349.3302 -221.6446 -1491.9873 -175.3982 1442.8118 548.1401 3.3373 2139.9238 440.5904 -356.3867 855.8112 -1279.8489 -1374.9677 -560.9537 1250.2810 -1519.3127 -249.5862 -181.7641 -20.2076 -661.8179 -1687.4209 668.2939 827.0496 -1013.4954 1608.0854 -1032.4486 946.8840 -174.4897 1790.5493 17.7976 -300.0717 1377.6707 271.8945 -777.4398 1436.4984 -1030.8387 275.4385 -445.9197 942.0881 270.3200 -1100.8715 -364.8950 -219.7675 -1451.9073 825.1788 -1618.9060 496.3785 90.5905 -556.4668 58.6887 793.8313 636.0575 -862.7294 1110.8035 119.1842 1372.4486 -948.9849 -450.2850 2667.1599 -324.4651 430.5555 -398.3978 224.8035 -862.6298 -431.3991 141.7779 784.6619 -155.2216 106.1348 874.5546 417.4391 -627.5299 1396.6715 -1574.1906 -182.0848 -263.3545 191.2868 -736.5624 -1974.7894 141.0928 737.7449 -1567.7577 -1120.7678 -939.0745 382.4971 -718.3450 463.0992 81.1997 -1199.8906 795.1047 2079.2253 -287.7391 945.9016 -460.1080 -993.8071 1301.8160 -66.9440 -760.6115 864.7294 -290.7171 307.7907 461.8797 -1434.4724 59.9642 -184.3916 -1284.4718 -638.3322 651.8033 -590.8459 3007.6067 -222.8416 1764.6687 -176.9117 -289.0333 -1934.4590 -422.2750 478.9754 -115.9882 -965.8116 -178.1249 2020.5145 1076.7131 282.9920 -70.2040 -470.5568 1471.9907 -201.4280 -132.3553 786.4279 618.5956 -329.0046 -1198.8721 -1183.4541 -486.8930 -378.6067 -778.5284 -1527.6594 -394.6334 -709.8600 -950.6644 45.2660 -319.5446 -484.9998 1524.9431 613.0059 -79.9722 496.3116 -2378.8208 229.8737 451.9708 1339.7065 -97.3809 641.4525 348.7726 758.7278 -1245.5219 634.3958 943.8821 2483.1108 309.3422 253.3909 -2490.7642 -601.4024 -730.0663 1295.2467 564.8046 -480.9349 -1255.2384 -383.2490 -1218.0619 1336.2363 1902.6082 -53.9379 1347.3474 1489.9453 1046.0902 -1396.9655 1170.6091 791.9295 -523.2575 -8.4959 512.2456 -1828.3708 90.9529 -209.1339 746.6768 196.7823 640.2324 944.5682 491.5566 -1227.9847 -1465.6792 407.7821 -1696.5714 508.0193 -1499.7064 -435.6684 205.8678 346.2826 511.2769 605.3865 -2156.6611 136.7157 -582.2370 -258.6000 -1290.9685 -474.5452 -111.4822 975.4132 1882.1340 1446.2421 752.9381 -804.5856 -280.2094 868.8405 1711.6031 44.4979 -319.9497 -176.5886 151.8359
320.3087 687.9318 -899.8077 -2122.3574 -17.1011 1294.2780 2781.2581 594.6644 1809.3423 2572.9758 -2805.1216 -1645.8247 -2955.2751 -2389.1150 -309.9882 -3348.7458 -646.3952 129.5756 -1234.5604 601.4250 2024.8263 3232.0718 1437.1058 -1895.8887 2009.5959 -241.9146 1108.8853 2802.9512 -2054.1926 2199.5989 -1668.7533 929.0429 -612.8466 -1115.1484 507.8893 -1317.6046 -80.8014 -200.9977 621.8760 603.1176 1151.7543 -3612.3210 -5350.8257 -566.2600 3124.8943 1662.4720 2299.2183 1105.7415 -3016.4314 847.4996 -32.4535 -3881.8750 1803.1051 -3472.9941 -1604.9249 -549.4373 -1955.6167 2045.8557 -2464.2190 2612.7764 3984.7019 -486.3449 -1065.5273 2420.5205 1957.5052 2835.1997 1704.5698 1460.9757 -1507.2424 1169.7720 1298.6594 2799.0010 -2044.3715 373.2205 632.1040 3250.2947 86.5177 415.0171 -2587.0957 -1069.7352 759.7243 482.0058 3244.6775 381.4605 -3137.7134 -1192.0594 -7.2253 -4653.6963 -958.2028 775.0366 -1861.1776 2783.2998 2990.2004 1219.9470 -2719.0076 3304.0154 542.7673 395.1443 43.9257 1439.1927 3669.6301 -1453.4052 -1798.5844 2204.0781 -3497.0381 2245.3540 -2059.2903 379.6002 -3893.8955 -38.7572 652.6416 -2996.0930 -591.2518 1690.6755 -3123.9553 2241.6982 -598.9485 969.7090 -2048.7776 -587.8037 2394.1831 793.6246 477.9314 3157.4800 -1794.4677 3520.6011 -1079.4554 -197.0726 1210.2474 -127.6750 -1726.3029 -1383.2533 1876.2104 -2415.8357 -259.1799 -2984.7192 2063.7424 979.1853 -5800.3711 705.5828 -936.2258 866.4115 -488.8576 1875.9227 938.0608 -308.2734 -1706.4115 337.5154 -230.9700 -1902.0101 -907.7674 1364.8330 -3037.3481 3423.5505 395.9353 572.6873 -415.9291 1601.8462 4294.6694 -306.8183 -1604.3134 3409.4858 2437.3750 2042.1620 -831.7990 1562.0010 -1007.0315 -176.4840 2609.3347 -1729.0983 -4521.7832 625.6844 -2057.0178 1000.5678 2161.2563 -2830.9978 145.6303 1654.1664 -1880.6838 632.2286 -669.3837 -1004.4338 3119.5466 -130.4502 400.8093 2793.4541 1388.1503 -1417.4316 1284.9070 -6540.7231 484.6441 -3837.7056 384.7685 628.5196 4206.9624 918.4020 -1041.7192 252.2057 2100.3203 387.3309 -4394.0811 -2341.5979 -615.5321 152.5810 1023.3069 -3201.1160 438.0403 287.9003 -1710.1881 -1345.2544 715.4863 2607.1438 2573.6431 1058.7799 823.3679 1693.1703 3322.1465 858.2624 1543.7861 2067.4167 -98.3711 695.1297 1054.6335 -3316.3184 -1333.0471 173.8740 -1079.3341 5173.2080 -499.8255 -982.9594 -2913.5122 211.8063 -1395.0177 -758.4364 -1649.9705 2708.6282 -1379.6616 -2052.7019 -5399.9922 -672.6822 -550.9225 5416.8462 1307.8345 1587.5610 -2816.7090 -1228.1799 1045.8313 2729.7239 833.5173 2648.9719 -2905.9976 -4137.6743 117.2345 -2930.0891 -3240.1667 -2275.0640 3038.0068 -2545.9111 -1722.2523 1137.9053 18.4090 -1113.9653 3976.2781 -197.8494 454.7321 -1623.7710 -427.9228 -1392.2836 -2054.3188 -1068.9733 2670.4390 3187.3198 -886.8125 3689.6248 -1104.7740 3261.4575 947.4424 -447.6923 -752.9894 -1111.8140 -1316.6239 4690.0542 -297.3209 1266.1978 562.4922 2807.5410 1031.9197 242.3892 -2121.2991 -4093.1787 -3145.1514 -1637.3688 1749.7252 609.4011 -1889.4136 -3722.3015 -96.6502 695.7615 383.9135 -330.1321
66.6968 143.3793 -187.5325 -442.2526 -3.6060 269.7081 579.5563 123.9417 376.9866 536.1925 -584.5381 -342.9557 -615.8314 -497.8331 -64.6015 -697.8439 -134.6874 27.0160 -257.2643 125.3530 421.9154 673.5056 299.5054 -395.0876 418.7174 -50.4014 231.0626 584.0727 -428.0517 458.3506 -347.7947 193.5845 -127.7087 -232.3628 105.8937 -274.5558 -16.8196 -41.8812 129.6203 125.6812 239.9947 -752.7325 -1115.0299 -118.0245 651.1530 346.4804 479.0798 230.4304 -628.4897 176.6074 -6.7372 -808.8865 375.6957 -723.6967 -334.4198 -114.4507 -407.4949 426.3518 -513.5144 544.4952 830.3649 -101.3384 -222.0267 504.3954 407.8975 590.7906 355.2192 304.4490 -314.0653 243.7941 270.6232 583.2786 -426.0205 77.7648 131.7394 677.2714 18.0739 86.4762 -539.1907 -222.6512 158.3305 100.3903 676.1467 79.4563 -653.8412 -248.3635 -1.4863 -969.7423 -199.6740 161.5073 -387.8103 580.0261 623.1127 254.2690 -566.5704 688.5199 113.1122 82.3454 9.1618 299.9120 764.7381 -302.9270 -374.7805 459.3101 -728.8129 467.9253 -429.1164 79.0796 -811.3758 -8.0744 136.0094 -624.3269 -123.2236 352.3205 -650.9865 467.1664 -124.8080 202.0800 -426.9069 -122.4805 498.9090 165.3469 99.6110 657.9867 -373.9677 733.6075 -224.9928 -41.0683 252.2108 -26.6243 -359.7263 -288.2842 390.9799 -503.4209 -53.9975 -621.9709 430.0887 204.0259 -1208.6664 147.0627 -195.1183 180.5207 -101.8642 390.9583 195.4729 -64.2436 -355.5835 70.3120 -48.1399 -396.3363 -189.2022 284.3825 -632.9331 713.4372 82.4986 119.2961 -86.7102 333.8083 894.9344 -63.8992 -334.3115 710.4828 507.8980 425.5505 -173.3781 325.5102 -209.8509 -36.8142 543.7424 -360.3307 -942.2319 130.3868 -428.6544 208.5002 450.3553 -589.8944 30.3665 344.6768 -391.8903 131.7537 -139.5260 -209.3137 650.0746 -27.1473 83.5174 582.1182 289.2450 -295.3371 267.7382 -1363.0031 100.9703 -799.7635 80.1995 130.9563 876.6701 191.3647 -217.0282 52.5499 437.6549 80.7210 -915.6719 -487.9479 -128.2757 31.7544 213.2426 -667.0792 91.2732 59.9720 -356.3760 -280.3799 149.1418 543.2873 536.3050 220.6396 171.5416 352.8057 692.2489 178.8349 321.7425 430.7901 -20.4279 144.8844 219.7752 -691.0759 -277.7577 36.2549 -224.9311 1078.0154 -104.1262 -204.8808 -607.1137 44.1678 -290.6931 -158.0909 -343.8181 564.4415 -287.4714 -427.7632 -1125.2528 -140.1823 -114.8451 1128.8182 272.5137 330.8129 -586.9628 -255.9431 217.9287 568.8633 173.7108 551.9984 -605.5372 -862.2430 24.4276 -610.5700 -675.1467 -474.0815 633.1015 -530.5583 -358.9219 237.1520 3.8195 -232.1223 828.6354 -41.2332 94.7522 -338.3183 -89.1963 -290.1473 -428.1209 -222.7438 556.4794 664.2477 -184.7943 768.8845 -230.1995 679.6128 197.4407 -93.3605 -156.8870 -231.7252 -274.3716 977.3418 -61.9414 263.8703 117.2191 585.0095 215.0452 50.5285 -441.9905 -853.0044 -655.4138 -341.2136 364.6367 126.9562 -393.7125 -775.7097 -20.1274 144.9312 79.9875 -68.8178
132.4412 284.3582 -371.9503 -877.3111 -7.0751 534.9734 1149.6426 245.8116 747.9184 1063.5964 -1159.5455 -680.3173 -1221.6210 -987.5848 -128.1179 -1384.2606 -267.1912 53.5691 -510.3053 248.6531 837.0063 1335.9906 594.0309 -783.7007 830.7023 -100.0063 458.3994 1158.6742 -849.0779 909.1631 -689.8227 384.0909 -253.3460 -460.9576 209.9339 -544.6442 -33.3619 -83.0888 257.0139 249.3367 476.1097 -1493.1936 -2211.8586 -234.1069 1291.7599 687.1894 950.4288 457.0845 -1246.8785 350.3284 -13.4180 -1604.6173 745.3212 -1435.5990 -663.4175 -227.1063 -808.3420 845.6814 -1018.6132 1080.0068 1647.1514 -201.0497 -440.3993 1000.5428 809.1346 1171.9398 704.5519 603.9586 -623.0491 483.5649 536.8307 1156.9459 -845.0811 154.2894 261.2781 1343.5504 35.7840 171.5747 -1069.5232 -442.1960 314.3436 199.2505 1341.2084 157.6915 -1297.0378 -492.7973 -2.9744 -1923.6445 -396.0743 320.3463 -769.3179 1150.5192 1236.0125 504.2445 -1123.9312 1365.7543 224.4091 163.3410 18.1282 594.9028 1516.9071 -600.7803 -743.4909 911.0510 -1445.5854 928.1868 -851.2233 156.9102 -1609.5737 -15.9900 269.7338 -1238.4816 -244.3728 698.8824 -1291.3323 926.6500 -247.6159 400.8235 -846.8898 -242.9585 989.6389 328.0527 197.5438 1305.1554 -741.7850 1455.2762 -446.2560 -81.4947 500.2625 -52.7340 -713.5958 -571.8036 775.5765 -998.6069 -107.1514 -1233.7656 853.0682 404.7610 -2397.6438 291.7026 -386.9881 358.1633 -202.0863 775.4537 387.7721 -127.4295 -705.3807 139.5019 -95.4388 -786.2205 -375.2350 564.1752 -1255.5192 1415.1708 163.6590 236.7119 -171.9415 662.1409 1775.2556 -126.8411 -663.1393 1409.3463 1007.5156 844.0994 -343.8235 645.6962 -416.2877 -72.9794 1078.6014 -714.7725 -1869.1066 258.6426 -850.3397 413.6083 893.3770 -1170.2266 60.1526 683.7505 -777.4327 261.3224 -276.6879 -415.1622 1289.4974 -53.9143 165.7150 1154.6519 573.7762 -585.9291 531.1512 -2703.6975 200.3077 -1586.3990 159.0251 259.8110 1739.0018 379.6055 -430.5875 104.2322 868.1730 160.1289 -1816.3328 -967.9198 -254.4300 63.0903 422.9975 -1323.2421 181.0622 118.9848 -706.9156 -556.0656 295.7281 1077.7114 1063.8459 437.6661 340.3616 699.8889 1373.2343 354.7557 638.1478 854.6021 -40.6768 287.2953 435.9355 -1370.8577 -550.9880 71.8782 -446.1905 2138.4380 -206.5958 -406.3600 -1204.3563 87.5323 -576.6609 -313.4696 -682.0290 1119.6128 -570.3006 -848.4755 -2232.1318 -278.0717 -227.7726 2239.1262 540.5623 656.2391 -1164.3093 -507.6830 432.3302 1128.3969 344.5330 1094.9650 -1201.2207 -1710.3439 48.4686 -1211.1259 -1339.3699 -940.4300 1255.8248 -1052.3888 -711.9169 470.3977 7.5921 -460.4842 1643.6680 -81.7909 187.9872 -671.1545 -176.9170 -575.5361 -849.1649 -441.8956 1103.8763 1317.5302 -366.5770 1525.1240 -456.6733 1348.1824 391.6319 -185.0510 -311.2379 -459.5879 -544.2252 1938.7128 -122.9007 523.4146 232.5001 1160.5275 426.5956 100.1926 -876.8355 -1692.0192 -1300.1414 -676.8250 723.3065 251.9157 -780.9978 -1538.6737 -39.9714 287.5951 158.6875 -136.4621
164.5123 353.3638 -462.2235 -1090.1674 -8.8039 664.8682 1428.6460 305.4790 929.3453 1321.6404 -1440.8544 -845.4669 -1517.9978 -1227.1693 -159.2553 -1720.1401 -332.0234 66.5264 -634.1161 308.9291 1040.0823 1660.1438 738.1644 -973.8080 1032.2557 -124.2909 569.6185 1439.7689 -1055.1403 1129.8544 -857.1456 477.2327 -314.8346 -572.7860 260.8647 -676.8152 -41.5419 -103.2131 319.4354 309.7746 591.5983 -1855.4381 -2748.4553 -290.8702 1605.1199 853.9662 1181.0067 567.9492 -1549.4069 435.3384 -16.6323 -1993.9481 926.1759 -1783.9740 -824.4056 -282.1684 -1004.5078 1050.8638 -1265.7667 1342.1136 2046.8206 -249.8340 -547.3290 1243.3030 1005.4407 1456.2909 875.5203 750.4641 -774.2264 600.8403 667.0891 1437.7224 -1050.0902 191.7419 324.7509 1669.5105 44.4387 213.2300 -1329.0424 -549.4801 390.2567 247.8730 1666.6527 195.9438 -1611.6842 -612.3134 -3.6780 -2390.4150 -492.1788 398.1087 -955.9518 1429.6710 1535.9250 626.6409 -1396.6211 1697.1871 278.8023 202.9655 22.5695 739.2531 1884.9583 -746.5331 -923.8484 1132.1418 -1796.2974 1153.3662 -1057.7102 194.9712 -2000.1278 -19.9597 335.2277 -1538.9187 -303.7029 868.4016 -1604.6288 1151.4886 -307.6523 498.1115 -1052.3361 -301.8979 1229.7709 407.6601 245.5430 1621.8413 -921.7885 1808.3776 -554.5498 -101.2116 621.6556 -65.5925 -886.7643 -710.5274 963.7189 -1240.8878 -133.1268 -1533.1332 1060.1460 502.9462 -2979.3823 362.4223 -480.8949 445.0384 -251.0576 963.6375 481.8130 -158.3459 -876.5291 173.4074 -118.6190 -976.9683 -466.3431 701.0057 -1560.1979 1758.4944 203.3995 294.1141 -213.6749 822.7729 2205.9966 -157.5453 -824.0840 1751.3231 1251.9370 1049.0055 -427.2896 802.3815 -517.2797 -90.6710 1340.3030 -888.1974 -2322.5625 321.4094 -1056.5869 513.9567 1110.1108 -1454.1283 74.7837 849.6987 -965.9811 324.7215 -343.8336 -515.9227 1602.3807 -66.9412 205.9037 1434.8910 713.0195 -728.0462 660.0259 -3359.7617 248.8938 -1971.3032 197.6299 322.8527 2160.9385 471.6821 -535.0680 129.5763 1078.8417 198.9240 -2257.0737 -1202.7864 -316.1669 78.3610 525.6410 -1644.2974 225.0120 147.8793 -878.4758 -691.0306 367.5500 1339.1760 1321.9216 543.8939 422.9019 869.6838 1706.4143 440.8782 793.0031 1061.9120 -50.4781 357.0192 541.7036 -1703.4856 -684.7396 89.2955 -554.3763 2657.3416 -256.7201 -504.9076 -1496.5421 108.7916 -716.5536 -389.6314 -847.5384 1391.3580 -708.6454 -1054.3732 -2773.8047 -345.4906 -283.0551 2782.4399 671.8014 815.5084 -1446.8302 -630.8395 537.2039 1402.1008 428.1343 1360.6406 -1492.6331 -2125.3337 60.2381 -1505.0410 -1664.3217 -1168.5746 1560.4822 -1307.6724 -884.6254 584.5352 9.4649 -572.2110 2042.3933 -101.5784 233.5946 -834.0540 -219.7896 -715.1812 -1055.2253 -549.0421 1371.7115 1637.2429 -455.5182 1895.2190 -567.4683 1675.2234 486.6642 -229.9227 -386.8096 -571.1486 -676.2892 2409.1055 -152.7262 650.4149 288.9299 1442.1064 530.0825 124.5291 -1089.5905 -2102.4949 -1615.5675 -841.0302 898.7441 313.0329 -970.5471 -1912.0518 -49.6425 357.3545 197.2280 -169.6043
-176.9744 -380.0735 497.1642 1172.5226 9.3740 -714.9892 -1536.4867 -328.4874 -999.5689 -1421.4242 1549.6771 909.2443 1632.6508 1319.8910 171.2289 1850.0048 357.0571 -71.5585 682.0489 -332.1919 -1118.6320 -1785.5151 -793.9133 1047.3657 -1110.2277 133.6373 -612.5692 -1548.5054 1134.8412 -1215.1147 921.8968 -513.3098 338.6102 616.0485 -280.5367 727.9070 44.6411 111.0685 -343.5264 -333.2328 -636.2888 1995.5853 2956.0444 312.8369 -1726.3278 -918.4402 -1270.1692 -610.8611 1666.3898 -468.1559 17.9183 2144.4858 -996.1519 1918.6471 886.6348 303.5354 1080.4023 -1130.2507 1361.3220 -1443.4244 -2201.3708 268.7374 588.6380 -1337.2111 -1081.4165 -1566.2935 -941.6669 -807.1401 832.7172 -646.3188 -717.4548 -1546.2645 1129.4651 -206.1587 -349.2272 -1795.6306 -47.7849 -229.2478 1429.3446 590.9404 -419.6970 -266.2855 -1792.2235 -210.7311 1733.4027 658.5142 4.0053 2570.9390 529.3409 -428.1713 1028.2106 -1537.6577 -1651.9536 -673.9175 1502.0797 -1825.2887 -299.9177 -218.3194 -24.2867 -795.0734 -2027.2600 802.9420 993.6628 -1217.6162 1931.9507 -1240.4767 1137.6781 -209.6222 2151.1750 21.3458 -360.5356 1655.1454 326.6782 -934.0263 1725.8165 -1238.4073 330.9373 -535.7305 1131.8279 324.7195 -1322.5901 -438.4431 -264.0583 -1744.3419 991.3446 -1944.9705 596.3577 108.9076 -668.5789 70.4935 953.6621 764.1855 -1036.5300 1334.6000 143.1570 1648.9020 -1140.1305 -540.9597 3204.3948 -389.8097 517.2404 -478.6667 270.0658 -1036.3928 -518.2681 170.2857 942.7484 -186.4916 127.5542 1050.7112 501.4433 -753.9821 1677.9412 -1891.3014 -218.7217 -316.3883 229.8417 -884.9186 -2372.5217 169.5052 886.3018 -1883.5757 -1346.5387 -1128.1904 459.5405 -862.9576 556.3609 97.4948 -1441.5403 955.2489 2498.0278 -345.6992 1136.4395 -552.8072 -1193.9712 1563.9791 -80.4279 -913.8425 1038.9517 -349.2202 369.8242 554.8967 -1723.4020 72.0646 -221.4565 -1543.1644 -766.8326 783.0804 -709.8397 3613.4600 -267.7527 2120.1086 -212.5597 -347.2885 -2324.0994 -507.3718 575.3977 -139.3454 -1160.3314 -213.9437 2427.4724 1293.6396 340.0452 -84.2944 -565.3484 1768.4583 -241.9989 -159.0436 944.8108 743.1843 -395.2972 -1440.3038 -1421.8020 -584.8825 -454.9031 -935.3507 -1835.3378 -474.1201 -852.8852 -1142.1544 54.3575 -384.0027 -582.6451 1832.0851 736.4444 -96.0985 596.2666 -2857.9485 276.1582 543.0541 1609.5527 -117.0363 770.6513 418.9819 911.5482 -1496.4224 762.1961 1133.9800 2983.2629 371.6651 304.4143 -2992.5349 -722.4664 -877.0466 1556.0858 678.4407 -577.7704 -1507.9906 -460.4485 -1463.4128 1605.3800 2285.8323 -64.8195 1618.6814 1790.0426 1256.8475 -1678.3354 1406.4507 951.4578 -628.6530 -10.1633 615.4115 -2196.6533 109.3003 -251.2469 897.0822 236.4547 769.1643 1134.8789 590.5286 -1475.3040 -1760.8510 489.8957 -2038.3118 610.3452 -1801.8320 -523.3841 247.2986 415.9939 614.2844 727.3622 -2591.0496 164.2409 -699.5251 -310.7199 -1550.9856 -570.1283 -133.8831 1171.8566 2261.2642 1737.5658 904.5466 -966.6472 -336.6626 1043.8171 2056.3547 53.4093 -384.4173 -212.0873 182.3749
-214.4015 -460.5547 602.3627 1420.7860 11.4895 -866.4297 -1861.8282 -398.1083 -1211.2158 -1722.3752 1877.8082 1101.6956 1978.3068 1599.3313 207.4632 2241.7244 432.7401 -86.7080 826.4157 -402.5836 -1355.4476 -2163.6089 -961.9781 1269.0865 -1345.2788 161.8832 -742.2789 -1876.3591 1375.1290 -1472.4254 1117.1005 -621.9262 410.2898 746.5258 -339.9968 882.0506 54.0479 134.5451 -416.3036 -403.6990 -771.0019 2418.1167 3581.8730 379.0946 -2091.9075 -1112.9027 -1539.1421 -740.2234 2019.2579 -567.3132 21.7263 2598.6096 -1207.0288 2324.8491 1074.3690 367.7768 1309.0770 -1369.5764 1649.5912 -1749.0778 -2667.4507 325.5767 713.2419 -1620.3851 -1310.3640 -1897.9135 -1141.0251 -978.0622 1008.9784 -783.1024 -869.3387 -1873.6371 1368.5668 -249.8540 -423.1809 -2175.7717 -57.8904 -277.8239 1732.0541 716.0732 -508.5446 -322.6387 -2172.0649 -255.0480 2100.4397 797.9971 4.8247 3115.2964 641.4586 -518.7999 1245.9172 -1863.2053 -2001.6754 -816.6517 1820.1499 -2211.8193 -363.3421 -264.5546 -29.3795 -963.4230 -2456.5093 972.9530 1204.0234 -1475.3857 2340.9893 -1503.1239 1378.4916 -254.0738 2606.6477 25.9086 -436.9366 2005.5819 395.8106 -1131.7448 2091.2415 -1500.6528 400.9807 -649.1666 1371.4875 393.4772 -1602.6735 -531.2676 -319.9579 -2113.6440 1201.3094 -2356.7212 722.6265 131.9266 -810.1567 85.5139 1155.6249 926.0038 -1255.9451 1617.1653 173.5710 1998.0594 -1381.4875 -655.4966 3882.8235 -472.3667 626.7571 -580.0007 327.2403 -1255.7384 -628.0447 206.3863 1142.2917 -225.9082 154.5896 1273.2065 607.6282 -913.6605 2033.2859 -2291.7307 -265.0205 -383.3456 278.4716 -1072.3357 -2874.9824 205.3649 1073.9318 -2282.3389 -1631.5953 -1367.0663 556.8494 -1045.6816 674.1495 118.1632 -1746.7004 1157.5210 3026.9036 -418.8808 1377.0304 -669.8027 -1446.7520 1895.1263 -97.4510 -1107.3385 1258.9517 -423.2016 448.0825 672.4128 -2088.3269 87.3107 -268.3387 -1869.9584 -929.2226 948.8675 -860.1403 4378.4482 -324.4056 2569.0371 -257.5067 -420.7543 -2816.2327 -614.7518 697.2816 -168.8443 -1405.9302 -259.3289 2941.4783 1567.5085 412.0236 -102.1695 -685.0428 2142.8665 -293.2512 -192.7200 1144.8419 900.5145 -478.9894 -1745.2756 -1722.7745 -708.7747 -551.2564 -1133.4208 -2223.9470 -574.5027 -1033.4536 -1383.9778 65.8659 -465.2952 -706.0284 2220.0093 892.3799 -116.3907 722.5508 -3463.0811 334.6132 658.0265 1950.3708 -141.7646 933.7950 507.7171 1104.5109 -1813.2233 923.5550 1374.0925 3614.8472 450.3239 368.8263 -3626.1611 -875.4573 -1062.7372 1885.5248 822.1759 -700.1300 -1827.3307 -558.0305 -1773.2318 1945.2924 2769.8354 -78.5129 1961.4166 2169.0515 1522.9647 -2033.7048 1704.2125 1152.9066 -761.6934 -12.2659 745.6928 -2661.7788 132.4268 -304.4549 1086.9722 286.4715 932.0049 1375.1945 715.5814 -1787.6638 -2133.6904 593.6628 -2469.8970 739.5504 -2183.2869 -634.2123 299.6703 504.0305 744.3286 881.3251 -3139.6392 198.9950 -847.5841 -376.5049 -1879.4286 -690.8466 -162.3050 1419.9894 2740.0469 2105.4702 1096.0956 -1171.2926 -407.9375 1264.8270 2491.7600 64.7505 -465.7930 -257.0510 220.9878
-154.3926 -331.5890 433.7373 1022.9846 8.2959 -623.8667 -1340.5822 -286.6269 -872.1245 -1240.1565 1352.0387 793.2973 1424.4574 1151.5101 149.4312 1614.0602 311.5569 -62.4647 594.9907 -289.9016 -975.9869 -1557.8594 -692.6599 913.8605 -968.6081 116.6018 -534.5367 -1351.0383 990.1766 -1060.1547 804.3685 -447.7786 295.4110 537.5367 -244.7864 635.0830 38.9624 96.9194 -299.7201 -290.7501 -555.1660 1741.1115 2579.0891 272.9189 -1506.1908 -801.3384 -1108.2129 -532.9343 1453.9209 -408.5101 15.6744 1871.0480 -869.1194 1673.9675 773.5567 264.8300 942.5410 -986.1273 1187.7892 -1259.4062 -1920.6570 234.4391 513.5989 -1166.6954 -943.4951 -1366.5723 -821.5761 -704.2120 726.4859 -563.8696 -625.9742 -1349.1116 985.4078 -179.9233 -304.6888 -1566.6005 -41.7080 -200.0435 1247.1527 515.5905 -366.2031 -232.3481 -1563.9438 -183.8810 1512.6735 574.5456 3.4616 2243.0779 461.8629 -373.6273 897.0746 -1341.5880 -1441.2131 -587.9382 1310.5677 -1592.5452 -261.6025 -190.4853 -21.1312 -693.6716 -1768.7616 700.5536 866.9484 -1062.3485 1685.5885 -1082.2692 992.5452 -182.9348 1876.8335 18.6563 -314.5887 1444.1113 284.9688 -814.9800 1505.7831 -1080.4969 288.7385 -467.4200 987.5203 283.2901 -1154.0281 -382.5541 -230.4201 -1521.9084 864.9901 -1696.8801 520.3300 95.0252 -583.3708 61.5037 832.0632 666.7707 -904.3452 1164.4443 124.9445 1438.6547 -994.7382 -472.0353 2795.7844 -340.1047 451.2495 -417.5745 235.6341 -904.2541 -452.1438 148.5742 822.5016 -162.7097 111.3314 916.7742 437.4828 -657.8404 1464.0004 -1650.1765 -190.8173 -276.0189 200.4699 -772.1050 -2069.9941 147.8154 773.2226 -1643.3605 -1174.8458 -984.3599 400.9594 -752.8870 485.3902 85.0670 -1257.7188 833.4595 2179.5374 -301.5756 991.4950 -482.3116 -1041.6846 1364.4902 -70.1580 -797.2815 906.4900 -304.6858 322.6917 484.1279 -1503.6428 62.8820 -193.2098 -1346.4335 -669.0594 683.2246 -619.2806 3152.6438 -233.5813 1849.7811 -185.5055 -302.9693 -2027.7809 -442.6652 502.0604 -121.5256 -1012.3600 -186.6974 2117.9443 1128.6790 296.6973 -73.5231 -493.2432 1542.9778 -211.1559 -138.7331 824.3006 648.3973 -344.8563 -1256.6510 -1240.4883 -510.2922 -396.8941 -816.0834 -1601.2158 -413.6717 -744.1459 -996.4939 47.4013 -335.0323 -508.3701 1598.4646 642.5237 -83.8056 520.2247 -2493.5022 240.9403 473.7855 1404.2950 -102.0916 672.4198 365.6155 795.2939 -1305.5709 665.0352 989.4355 2602.7976 324.1872 265.5320 -2610.9729 -630.4081 -765.2048 1357.6595 591.9908 -504.0217 -1315.7426 -401.7984 -1276.7715 1400.7340 1994.3665 -56.5182 1412.3135 1561.7316 1096.5597 -1464.3735 1227.1877 830.1364 -548.4683 -8.8420 536.9366 -1916.5747 95.3775 -219.1712 782.6517 206.2739 671.0968 990.2012 515.2851 -1287.1215 -1536.3224 427.4308 -1778.4098 532.4940 -1572.0455 -456.7026 215.8069 362.9023 535.8939 634.6002 -2260.6440 143.2964 -610.2984 -271.1193 -1353.2550 -497.3700 -116.8297 1022.4813 1972.9399 1515.9951 789.2420 -843.3498 -293.7688 910.6964 1794.1591 46.5669 -335.3267 -185.0478 159.1034
-55.5664 -119.3765 156.1375 368.1587 2.9869 -224.5349 -482.5380 -103.1635 -313.9185 -446.3954 486.6677 285.5499 512.7126 414.4777 53.7641 580.9300 112.1503 -22.4807 214.1964 -104.3057 -351.2595 -560.7227 -249.3508 328.9123 -348.6339 41.9412 -192.3831 -486.2809 356.3851 -381.5862 289.5198 -161.1992 106.3095 193.4503 -88.1298 228.5967 14.0230 34.8199 -107.9143 -104.6115 -199.7891 626.6426 928.3174 98.2322 -542.0878 -288.3894 -398.8619 -191.8402 523.3022 -147.0435 5.6716 673.4446 -312.8476 602.4897 278.4109 95.3221 339.2855 -354.9268 427.5145 -453.2763 -691.2726 84.3401 184.8859 -419.9197 -339.5989 -491.8649 -295.7044 -253.4894 261.4969 -202.9692 -225.3091 -485.6177 354.6798 -64.7464 -109.7479 -563.8543 -14.9893 -72.0198 448.8550 185.5894 -131.8218 -83.5663 -562.9456 -66.1786 544.3682 207.1336 1.2813 807.3784 166.2213 -134.4722 322.8711 -482.8501 -518.7597 -211.6301 471.7271 -573.1885 -94.1837 -68.6015 -7.6037 -249.6738 -636.6223 252.1674 312.0395 -382.4040 606.7364 -389.5166 357.2465 -65.8265 675.5780 6.7337 -113.2084 519.7749 102.5841 -293.2902 541.9676 -388.9160 103.8898 -168.2675 355.4294 101.9720 -415.3389 -137.6741 -82.9477 -547.7443 311.2968 -610.7807 187.2605 34.2109 -209.9946 22.1053 299.5035 239.9385 -325.4812 419.1381 44.9573 517.8151 -358.0387 -169.9211 1006.2942 -122.4166 162.4577 -150.3101 84.8359 -325.4973 -162.7033 53.4714 296.0452 -58.5369 40.0670 330.0077 157.5287 -236.7561 526.9410 -593.9374 -68.7096 -99.3497 72.1278 -277.8251 -745.0567 53.2395 278.3675 -591.5261 -422.8383 -354.2941 144.3334 -270.9831 174.6761 30.6325 -452.6764 300.0005 784.4555 -108.5538 356.8581 -173.5762 -374.9612 491.1680 -25.2784 -286.9907 326.2757 -109.6876 116.0509 174.2602 -541.2081 22.6051 -69.5092 -484.6576 -240.8750 245.8828 -222.9142 1134.7682 -84.0569 665.8061 -66.7426 -109.0118 -729.8998 -159.2999 180.7287 -43.7499 -364.4120 -67.2108 762.3618 406.2591 106.7817 -26.4671 -177.5109 555.3400 -75.9973 -49.9463 296.6769 233.3558 -124.0979 -452.3215 -446.4934 -183.7270 -142.8152 -293.7547 -576.3486 -148.9309 -267.8553 -358.6617 17.0506 -120.6072 -183.0072 575.3524 231.2756 -30.1493 187.2249 -897.4879 86.6994 170.5228 505.4555 -36.7575 242.0004 131.6142 286.2723 -469.9273 239.3212 356.1095 936.8266 116.6422 95.6120 -939.7527 -226.9016 -275.3917 488.6250 213.0721 -181.4653 -473.5693 -144.6613 -459.5952 504.1469 717.8699 -20.3461 508.3228 562.0944 394.6850 -527.0356 441.7184 298.8058 -197.4278 -3.2285 193.2636 -689.8358 34.3262 -78.9473 281.6667 74.2240 241.5322 356.4013 185.4684 -463.2801 -552.9620 153.8679 -640.1073 191.6083 -565.8206 -164.3422 77.6443 130.6477 192.8894 228.4327 -813.7037 51.5597 -219.6479 -97.5570 -487.0630 -179.0106 -42.0359 368.0517 710.1304 545.6739 284.0449 -303.5522 -105.7066 327.7937 645.7796 16.7788 -120.6715 -66.6061 57.2535
144.5601 310.4678 -406.0974 -957.7953 -7.7347 584.0659 1255.2041 268.3688 816.5492 1161.2159 -1265.9318 -742.7360 -1333.7004 -1078.2393 -139.8994 -1511.3196 -291.6635 58.4884 -557.1859 271.3988 913.8249 1458.6362 648.5582 -855.5635 906.9555 -109.2167 500.4524 1264.9921 -927.0405 992.6309 -753.1265 419.2660 -276.5535 -503.2738 229.1604 -594.6223 -36.4747 -90.6736 280.6674 272.2123 519.7517 -1630.2144 -2414.8308 -255.5727 1410.2953 750.3038 1037.6016 499.0453 -1361.2628 382.4797 -14.6325 -1751.8890 813.7619 -1567.3641 -724.2994 -247.9521 -882.5744 923.3521 -1112.0925 1179.1382 1798.2950 -219.4891 -480.8575 1092.4164 883.3928 1279.5061 769.2571 659.3508 -680.2605 527.9139 586.1215 1263.1930 -922.6049 168.4485 285.2726 1466.8608 39.0251 187.3263 -1167.6689 -482.7791 342.8512 217.5536 1464.3455 172.1607 -1416.0468 -537.9781 -2.9902 -2100.2109 -432.4780 349.7674 -839.9042 1256.1155 1349.4596 550.5593 -1227.0089 1491.0651 244.9663 178.3303 19.8462 649.4984 1656.0715 -655.9418 -811.7108 994.7142 -1578.2379 1013.3658 -929.3721 171.2850 -1757.3254 -17.4659 294.5582 -1352.0951 -266.8226 763.0029 -1409.8074 1011.7070 -270.2935 437.6111 -924.6113 -265.2620 1080.4543 358.1783 215.6844 1424.9688 -809.8602 1588.8188 -487.1775 -88.9143 546.1814 -57.6411 -779.0435 -624.2787 846.7173 -1090.2220 -117.0072 -1346.9972 931.3308 441.8990 -2617.7568 318.4289 -422.5083 391.0123 -220.6120 846.6321 423.3499 -139.0974 -770.1020 152.3275 -104.1948 -858.2990 -409.6497 615.9335 -1370.7568 1545.0824 178.7209 258.4355 -187.7403 722.9068 1938.2081 -138.4721 -724.0484 1538.7167 1100.0352 921.6165 -375.3910 704.9560 -454.4733 -79.6400 1177.5670 -780.3957 -2040.6687 282.3519 -928.3593 451.5190 975.3954 -1277.6025 65.7026 746.5716 -848.7599 285.3225 -302.0984 -453.2829 1407.8601 -58.8293 180.8821 1260.6847 626.4418 -639.6621 579.9102 -2951.8550 218.7295 -1731.9124 173.6694 283.6906 1898.5759 414.4322 -470.1069 113.8088 947.8819 174.8085 -1983.0347 -1056.7241 -277.7726 68.8520 461.8209 -1444.6549 197.6827 129.9398 -771.8300 -607.1350 322.9372 1176.6058 1161.4525 477.8376 371.6151 764.0948 1499.3134 387.3323 696.7258 933.0115 -44.3641 313.7170 476.0186 -1496.6628 -601.5743 78.4468 -487.1143 2334.7100 -225.6329 -443.6107 -1314.8645 95.6066 -629.5503 -342.2943 -744.6516 1222.3955 -622.6224 -926.3732 -2437.0417 -303.6411 -248.6724 2444.6519 590.1763 716.4423 -1271.2102 -554.2767 471.9994 1231.9373 376.1755 1195.4843 -1311.4613 -1867.3491 52.9389 -1322.3131 -1462.2651 -1026.6976 1371.0502 -1148.9709 -777.2874 513.5578 8.3195 -502.7048 1794.4667 -89.2945 205.2404 -732.7842 -193.1400 -628.3630 -927.1268 -482.4062 1205.1864 1438.4432 -400.2177 1665.0854 -498.5611 1471.9141 427.5396 -202.0338 -339.8163 -501.8252 -594.2214 2116.6433 -134.1625 571.4412 253.8683 1266.9902 465.7247 109.4148 -957.3371 -1847.2383 -1419.4393 -738.8931 789.6174 275.0395 -852.6938 -1679.8448 -43.6229 314.0296 173.2576 -148.9559
-254.2317 -546.0861 714.1837 1684.5966 13.6083 -1027.2942 -2207.5483 -472.0049 -1436.1365 -2042.1984 2226.5081 1306.2817 2345.6711 1896.3218 246.0389 2658.0181 513.0066 -102.8541 979.9026 -477.2832 -1607.1880 -2565.3240 -1140.6591 1504.8214 -1595.1213 191.9602 -880.1520 -2224.8079 1630.4501 -1745.8126 1324.5314 -737.3900 486.4362 885.1158 -403.0944 1045.8440 64.1095 159.5183 -493.5746 -478.7416 -914.1446 2867.2334 4247.0454 449.4554 -2480.3193 -1319.5725 -1824.9180 -877.6633 2394.2053 -672.6924 25.7565 3081.1624 -1431.2366 2756.6321 1273.8436 436.0823 1552.1902 -1623.8762 1955.9520 -2073.8547 -3162.8313 386.0353 845.7703 -1921.2157 -1553.7257 -2250.3406 -1352.9647 -1159.6732 1196.3846 -928.4894 -1030.7947 -2221.5632 1622.6589 -296.2288 -501.7581 -2579.8381 -68.6142 -329.3936 2053.6809 849.0483 -603.0319 -382.5803 -2575.4255 -302.7623 2490.4631 946.1501 5.7338 3694.0725 760.5637 -615.2361 1477.2933 -2209.2366 -2373.3762 -968.2548 2158.0918 -2622.4426 -430.8693 -313.6469 -34.8241 -1142.3340 -2912.6384 1153.6486 1427.6472 -1749.4366 2775.7637 -1782.2687 1634.5123 -301.2670 3090.6853 30.7080 -517.9971 2378.0706 469.2444 -1341.8949 2479.5720 -1779.2695 475.4412 -769.7146 1626.1931 466.5216 -1900.3137 -629.9227 -379.3889 -2506.2417 1424.3401 -2794.3943 856.8179 156.4514 -960.6404 101.3187 1370.2108 1098.0153 -1489.2443 1917.5009 205.7371 2369.0483 -1638.0093 -777.2052 4603.9170 -560.0419 743.1381 -687.6714 388.0010 -1488.9987 -744.6066 244.7080 1354.5043 -267.9104 183.2916 1509.6012 720.4516 -1083.2909 2410.7900 -2717.3821 -314.1931 -454.5067 330.1936 -1271.4611 -3408.7883 243.5322 1273.3455 -2706.1963 -1934.6333 -1620.9258 660.2233 -1239.7764 799.4005 140.0972 -2071.1663 1372.5173 3589.0825 -496.6132 1632.7341 -794.2238 -1715.4041 2247.0249 -115.5574 -1313.0004 1492.7294 -501.7825 531.3281 797.2457 -2476.0647 103.5573 -318.1180 -2217.2878 -1101.8309 1125.0216 -1019.8674 5191.6084 -384.6848 3046.1318 -305.4203 -498.8833 -3339.1663 -728.9279 826.8239 -200.1673 -1667.0750 -307.4164 3487.6924 1858.5565 488.5237 -121.1038 -812.2336 2540.8215 -347.7456 -228.5553 1357.4167 1067.7522 -567.8736 -2069.3242 -2042.7657 -840.3731 -653.6108 -1343.8818 -2636.9023 -681.2009 -1225.3541 -1641.0057 78.0639 -551.7050 -837.1486 2632.2371 1058.0797 -137.9683 856.6699 -4106.0571 396.7459 780.1936 2312.4937 -168.1263 1107.2537 602.0040 1309.6423 -2149.9380 1095.0723 1629.2030 4286.1670 533.9533 437.2834 -4299.4844 -1038.0721 -1260.1250 2235.7209 974.8754 -830.1442 -2166.6528 -661.6053 -2102.5586 2306.5889 3284.1965 -93.1219 2325.6580 2571.8271 1805.7556 -2411.4006 2020.7322 1367.0260 -903.2236 -14.5969 884.1844 -3156.0759 157.0512 -360.9713 1288.8477 339.6635 1105.0977 1630.5594 848.4543 -2119.6250 -2529.9167 703.8858 -2928.5435 876.8831 -2588.6858 -751.9898 355.3125 597.6545 882.5598 1044.9983 -3722.6123 235.9802 -1005.0023 -446.4158 -2228.4260 -819.0968 -192.3903 1683.6848 3248.8547 2496.4192 1299.6124 -1388.8213 -483.7040 1499.6549 2954.4648 76.7351 -552.2445 -304.6943 262.0779
-165.6687 -355.7346 465.2842 1097.5083 8.8120 -669.3189 -1438.1962 -307.5223 -935.5962 -1330.5695 1450.5479 851.0807 1528.1696 1235.4205 160.2728 1731.7059 334.2429 -66.9981 638.4404 -310.9369 -1047.0050 -1671.3672 -743.1135 980.3878 -1039.1912 125.0647 -573.3771 -1449.4286 1062.2638 -1137.4705 862.9066 -480.4527 316.9458 576.6332 -262.6179 681.3305 41.7451 103.9263 -321.5325 -311.8438 -595.5892 1867.9723 2766.9346 292.7991 -1615.8954 -859.7004 -1188.9387 -571.7457 1559.8690 -438.2836 16.7799 2007.3594 -932.3573 1795.9419 829.9092 284.0898 1011.2922 -1057.9058 1274.3146 -1351.1476 -2060.5378 251.5058 550.9678 -1251.6967 -1012.2298 -1466.1080 -881.4319 -755.4584 779.4273 -604.8547 -671.5667 -1447.4222 1057.1564 -192.9857 -326.9113 -1680.7714 -44.7300 -214.5974 1337.9839 553.1314 -392.8077 -249.2621 -1677.8116 -197.2566 1622.5193 616.4521 3.7090 2406.4756 495.8030 -400.7854 962.4456 -1439.2809 -1546.2405 -630.8707 1406.0619 -1708.5680 -280.6467 -204.3712 -22.6756 -744.2279 -1897.5803 751.5794 930.0740 -1139.7628 1808.3584 -1161.0889 1064.8805 -196.2718 2013.5742 20.0394 -337.5057 1549.3087 305.7339 -874.2917 1615.4338 -1159.1896 309.7177 -501.4920 1059.4293 303.9653 -1238.0363 -410.3638 -247.2038 -1632.7676 927.9568 -1820.5461 558.2535 101.9486 -625.8270 66.0879 892.6586 715.3279 -970.2111 1249.2239 134.0211 1543.4146 -1067.1927 -506.3515 2999.4634 -364.8746 484.0605 -448.0536 252.7772 -970.0648 -485.0650 159.4110 882.4142 -174.5306 119.3798 983.5258 469.4694 -705.7626 1570.6069 -1770.3467 -204.7391 -296.1540 215.0950 -828.3455 -2220.7581 158.6504 829.5837 -1763.1003 -1260.3573 -1056.0380 430.1160 -807.7563 520.7520 91.3414 -1349.3173 894.1649 2338.2461 -323.5359 1063.7017 -517.4310 -1117.5863 1463.9196 -75.2843 -855.3783 972.5228 -326.9599 346.1426 519.4354 -1613.1815 67.4561 -207.2884 -1444.5367 -717.8373 732.9547 -664.4677 3382.2588 -250.6239 1984.5183 -198.9472 -325.0185 -2175.4680 -474.8819 538.6591 -130.4030 -1086.0927 -200.3151 2272.2151 1210.8583 318.2245 -78.9104 -529.1486 1655.2994 -226.5545 -148.8598 884.3926 695.6740 -370.0114 -1348.1687 -1330.8593 -547.5873 -425.7755 -875.5526 -1717.8883 -443.7982 -798.2509 -1069.0861 50.8747 -359.4862 -545.3868 1714.9360 689.3814 -89.9384 558.1437 -2675.1292 258.4745 508.2877 1506.5840 -109.5095 721.3854 392.1756 853.2180 -1400.6885 713.4420 1061.4412 2792.4363 347.8326 284.8861 -2801.1467 -676.3267 -820.9385 1456.5833 635.1288 -540.8230 -1411.5457 -431.0558 -1369.8146 1502.7175 2139.6262 -60.6534 1515.1740 1675.5360 1176.4600 -1570.9764 1316.5343 890.5811 -588.4181 -9.5163 576.0905 -2056.1262 102.2772 -235.1865 839.6465 221.3117 719.9326 1062.2651 552.7694 -1380.9121 -1648.2291 458.5523 -1907.9725 571.2931 -1686.5118 -489.9378 231.4882 389.3553 574.9061 680.8090 -2425.2727 153.7682 -654.7870 -290.8567 -1451.8120 -533.6041 -125.3633 1096.9115 2116.6143 1626.4115 846.7403 -904.8156 -315.1207 977.0533 1924.8511 50.0102 -359.8001 -198.5560 170.7353
-169.9505 -365.0149 477.4241 1126.0642 9.0777 -686.6902 -1475.6711 -315.5583 -959.9873 -1365.1064 1488.2896 873.2332 1567.9830 1267.6066 164.4896 1776.7461 342.9491 -68.7001 655.0076 -319.1187 -1074.2710 -1714.7909 -762.4800 1005.8928 -1066.2196 128.3123 -588.3334 -1487.1146 1089.8671 -1167.0393 885.3571 -492.9202 325.1949 591.7065 -269.4561 699.0534 42.8343 106.6650 -329.9161 -319.9480 -611.0646 1916.5630 2839.0078 300.3903 -1657.9673 -882.0120 -1219.8932 -586.6440 1600.4158 -449.6700 17.1846 2059.5747 -956.6841 1842.6987 851.5375 291.5158 1037.5859 -1085.4429 1307.4523 -1386.2299 -2114.1492 258.0859 565.3132 -1284.2594 -1038.5629 -1504.2422 -904.3898 -775.1630 799.7305 -620.6363 -689.0486 -1485.0237 1084.6893 -198.0240 -335.3630 -1724.5001 -45.8952 -220.1610 1372.7764 567.5601 -403.1028 -255.7456 -1721.5358 -202.3609 1664.7792 632.5163 3.7898 2469.0662 508.3982 -410.9344 987.4229 -1476.7153 -1586.4529 -647.2746 1442.5778 -1752.9854 -287.9792 -209.6456 -23.2717 -763.5800 -1946.9553 771.1273 954.3224 -1169.3612 1855.4292 -1191.3333 1092.5968 -201.3784 2065.9492 20.5573 -346.2236 1589.6252 313.6592 -897.0200 1657.5048 -1189.3922 317.8016 -514.5106 1087.0316 311.8723 -1270.2444 -421.0637 -253.5842 -1675.2679 952.1210 -1867.9397 572.7090 104.5421 -642.1581 67.7296 915.9200 733.9283 -995.4656 1281.7332 137.5297 1583.5848 -1094.9176 -519.5542 3077.5125 -374.3789 496.7527 -459.7053 259.4323 -995.3295 -497.7295 163.5398 905.3288 -179.0524 122.5370 1009.1187 481.6231 -724.1281 1611.5320 -1816.4303 -210.0636 -303.8423 220.7102 -849.9124 -2278.6294 162.8224 851.1770 -1808.9785 -1293.1855 -1083.5068 441.3409 -828.7711 534.3139 93.6481 -1384.4127 917.4094 2399.1025 -331.9703 1091.3900 -530.8708 -1146.6862 1502.0280 -77.2147 -877.6654 997.7955 -335.3767 355.1964 532.9228 -1655.1158 69.2355 -212.6957 -1482.0741 -736.4563 752.0522 -681.7507 3470.3296 -257.1537 2036.1445 -204.1432 -333.4864 -2232.0762 -487.2632 552.6823 -133.7891 -1114.3658 -205.5061 2331.3420 1242.3700 326.5345 -81.0222 -542.9393 1698.4244 -232.4201 -152.7790 907.3367 713.7110 -379.6244 -1383.2408 -1365.4608 -561.7432 -436.8714 -898.3270 -1762.6188 -455.3558 -819.0846 -1096.8662 52.1636 -368.7905 -559.5582 1759.5001 707.2712 -92.2316 572.6782 -2744.7573 265.2010 521.5287 1545.7970 -112.3724 740.1263 402.3854 875.4449 -1437.1166 732.0073 1089.0856 2865.0664 356.9246 292.3709 -2874.0156 -693.8632 -842.3016 1494.4231 651.6406 -554.9039 -1448.3060 -442.2091 -1405.4154 1541.8324 2195.3225 -62.2118 1554.5750 1719.1129 1207.0724 -1611.8594 1350.7792 913.7894 -603.7097 -9.7885 591.0356 -2109.6572 104.9761 -241.2627 861.5225 227.1111 738.7358 1089.9113 567.1768 -1416.8633 -1691.0962 470.5342 -1957.5886 586.1896 -1730.4003 -502.6460 237.4969 399.5118 589.9297 698.5480 -2488.4268 157.7185 -671.8253 -298.4530 -1489.5852 -547.5200 -128.5786 1125.4100 2171.6946 1668.7651 868.7554 -928.3203 -323.3526 1002.4423 1974.8962 51.2996 -369.1476 -203.7181 175.1731
273.2952 586.9629 -767.7167 -1810.7218 -14.6021 1104.2278 2372.8530 507.3915 1543.6571 2195.1213 -2393.2134 -1404.0707 -2521.3474 -2038.2247 -264.4196 -2857.0488 -551.4542 110.5230 -1053.2864 513.0992 1727.5149 2757.4058 1226.0684 -1617.4871 1714.5536 -206.3249 946.0445 2391.3076 -1752.5367 1876.5519 -1423.6705 792.6204 -522.8537 -951.4021 433.2507 -1124.1021 -68.9321 -171.4655 530.5073 514.5980 982.6406 -3081.8884 -4565.0962 -483.1405 2666.0713 1418.3628 1961.5811 943.3917 -2573.4446 723.0784 -27.6591 -3311.8191 1538.3855 -2963.0024 -1369.2435 -468.7409 -1668.3562 1745.4766 -2102.3455 2229.0854 3399.6284 -415.0081 -909.0596 2065.0723 1670.0503 2418.8501 1454.2273 1246.5278 -1285.9471 998.0165 1107.9475 2387.9280 -1744.2377 318.4194 539.2961 2773.0391 73.7874 354.0780 -2207.4185 -912.5548 648.1628 411.2546 2768.2456 325.4308 -2677.0051 -1017.0693 -6.2091 -3970.3940 -817.4804 661.2179 -1587.5266 2374.6301 2551.0942 1040.7501 -2319.7471 2818.8481 463.1102 337.1353 37.4551 1227.8524 3130.7239 -1239.9895 -1534.5261 1880.4296 -2983.5959 1915.6599 -1756.8844 323.7601 -3322.1328 -33.0722 556.7364 -2556.1003 -504.4289 1442.4109 -2665.2651 1912.5161 -511.0201 827.3274 -1747.9072 -501.4959 2042.6016 677.0896 407.7760 2693.8611 -1531.0311 3003.6465 -920.9355 -168.1775 1032.5275 -108.9137 -1472.8230 -1180.1681 1600.7489 -2061.0837 -221.0856 -2546.4219 1760.6998 835.4601 -4948.6226 602.0403 -798.8199 739.1730 -417.1060 1600.5050 800.3645 -262.9978 -1455.8556 287.9582 -197.0098 -1622.6809 -774.3528 1164.4045 -2591.3457 2920.7891 337.7939 488.5500 -354.8531 1366.6312 3663.9900 -261.7061 -1368.6718 2908.7954 2079.4890 1742.2666 -709.6817 1332.7036 -859.2305 -150.5847 2226.2366 -1475.2301 -3857.8022 533.8306 -1754.9924 853.6385 1843.9431 -2415.2871 124.1920 1411.2366 -1604.4706 539.3151 -571.1103 -856.9721 2661.4558 -111.3057 342.0009 2383.2654 1184.2823 -1209.3196 1096.2296 -5580.3467 413.5098 -3274.1770 328.2542 536.2565 3589.1787 783.4979 -888.6883 215.1297 1791.8971 330.5082 -3748.8330 -1997.7356 -525.1248 130.1768 873.0381 -2731.0884 373.7832 245.6306 -1459.0426 -1147.6854 610.4225 2224.3218 2195.6951 903.3399 702.5082 1444.4718 2834.3401 732.1751 1317.0873 1763.8558 -83.9012 592.9589 899.8398 -2829.3313 -1137.3142 148.3654 -920.8421 4413.5186 -426.4643 -838.6061 -2485.6929 180.7520 -1190.1770 -647.1249 -1407.7170 2310.9392 -1177.1223 -1751.2256 -4607.0845 -573.9284 -470.0663 4621.4536 1115.7935 1354.4828 -2403.0747 -1047.8414 892.2487 2328.8650 711.1099 2260.0217 -2479.2529 -3530.1406 100.0417 -2499.7810 -2764.3757 -1940.9944 2591.8899 -2172.0596 -1469.3698 970.7612 15.7455 -950.3643 3392.3459 -168.8372 387.9940 -1385.3433 -365.1032 -1187.8530 -1752.6398 -912.0488 2278.2922 2719.3281 -756.6166 3147.8420 -942.5190 2782.5151 808.2516 -381.9388 -642.4156 -948.6392 -1123.2179 4001.3909 -253.6391 1080.2396 479.8827 2395.2620 880.3917 206.7806 -1809.8018 -3492.1460 -2683.3127 -1396.8777 1492.8170 519.8940 -1611.9847 -3175.6250 -82.4576 593.5498 327.5543 -281.6490
-215.1344 -461.9890 604.3424 1425.4000 11.4606 -869.2543 -1867.8320 -399.4344 -1215.1251 -1727.9557 1883.9023 1105.3145 1984.7626 1604.5365 208.1767 2249.0513 434.0166 -86.9559 829.1338 -403.8845 -1359.9036 -2170.6267 -965.1531 1273.2592 -1349.6852 162.4426 -744.7040 -1882.4166 1379.5374 -1477.2161 1120.6941 -623.9382 411.5786 748.9791 -341.0133 884.9351 54.3049 135.0137 -417.6493 -405.1223 -773.5295 2426.0330 3593.5874 380.2395 -2098.7053 -1116.5398 -1544.1361 -742.5780 2025.7750 -569.1620 21.7620 2606.9861 -1211.0205 2332.4695 1077.8749 368.9258 1313.3126 -1373.9954 1654.9656 -1754.7474 -2676.0796 326.7204 715.5977 -1625.6123 -1314.6488 -1904.0836 -1144.7954 -981.2798 1012.2990 -785.6442 -872.2277 -1879.6798 1373.0072 -250.6781 -424.5251 -2182.8770 -58.1093 -278.7167 1737.6101 718.3940 -510.1955 -323.7385 -2179.1321 -256.1792 2107.3604 800.6003 4.8466 3125.3755 643.4855 -520.5607 1249.9523 -1868.9899 -2008.2018 -819.3171 1826.0553 -2218.9265 -364.5694 -265.3400 -29.4822 -966.5323 -2464.4783 976.1087 1207.9619 -1480.1957 2348.5920 -1508.0186 1382.9927 -254.8819 2615.1494 25.9881 -438.3048 2012.0961 397.1209 -1135.4510 2098.0566 -1505.4884 402.2499 -651.2253 1375.9012 394.7963 -1607.8894 -533.0324 -320.9359 -2120.5664 1205.2211 -2364.4263 724.9700 132.3650 -812.8168 85.7789 1159.4020 929.0382 -1260.1112 1622.4513 174.0755 2004.5297 -1385.9719 -657.6425 3895.4666 -473.8374 628.8092 -581.8466 328.3060 -1259.8787 -630.0043 207.0139 1146.0298 -226.6646 155.0967 1277.3833 609.6166 -916.6129 2039.8604 -2299.1987 -265.8436 -384.6412 279.4004 -1075.7833 -2884.2158 206.0655 1077.3986 -2289.7778 -1636.9216 -1371.5151 558.6244 -1049.0656 676.3864 118.5358 -1752.4404 1161.2657 3036.7346 -420.2102 1381.4819 -671.9899 -1451.5072 1901.3096 -97.7523 -1110.9330 1262.9943 -424.5576 449.5845 674.5923 -2095.0916 87.6110 -269.1813 -1876.0581 -932.2379 951.9276 -862.9429 4392.7539 -325.4931 2577.3875 -258.4240 -422.1268 -2825.2795 -616.7502 699.5795 -169.3792 -1410.5203 -260.1261 2951.0215 1572.5812 413.4043 -102.4969 -687.2515 2149.8813 -294.2412 -193.3580 1148.5656 903.4417 -480.5183 -1750.9407 -1728.4166 -711.0967 -552.9904 -1137.0690 -2231.1936 -576.3662 -1036.7896 -1388.4930 66.0320 -466.7922 -708.2766 2227.2432 895.2877 -116.7822 724.8730 -3474.2979 335.6500 660.1298 1956.7034 -142.2525 936.8598 509.3386 1108.1748 -1819.0964 926.6145 1378.5461 3626.6677 451.8003 370.0273 -3637.9648 -878.3357 -1066.2239 1891.6729 824.8701 -702.3920 -1833.2433 -559.7843 -1779.0757 1951.6045 2778.8525 -78.7336 1967.7336 2176.1309 1527.9009 -2040.3210 1709.8008 1156.6379 -764.1837 -12.4608 748.0641 -2670.4119 132.8751 -305.4055 1090.5325 287.4109 935.0624 1379.6522 717.9434 -1793.4482 -2140.5850 595.5439 -2477.9502 741.9838 -2190.3398 -636.2159 300.6541 505.6400 746.7195 884.2085 -3149.7759 199.6300 -850.3489 -377.7177 -1885.5181 -693.0618 -162.7802 1424.6335 2748.9390 2112.2930 1099.6564 -1175.1364 -409.3051 1268.9712 2499.8782 64.9909 -467.2944 -257.8566 221.7182
215.0031 461.7344 -603.9016 -1424.4617 -11.4667 868.6815 1866.6293 399.1645 1214.3308 1726.9188 -1882.6783 -1104.5787 -1983.4708 -1603.4666 -208.0096 -2247.5554 -433.8044 86.9488 -828.5800 403.5880 1358.9885 2169.1960 964.5110 -1272.4375 1348.7919 -162.3789 744.2090 1881.2349 -1378.6487 1476.2314 -1119.9720 623.5216 -411.2672 -748.4352 340.8095 -884.3270 -54.2336 -134.9375 417.3625 404.7681 772.9879 -2424.3945 -3591.2537 -380.0125 2097.3264 1115.7960 1543.1219 742.1327 -2024.4763 568.7760 -21.8016 -2605.3735 1210.1444 -2330.9521 -1077.1216 -368.7451 -1312.5344 1373.1188 -1653.8866 1753.5637 2674.3855 -326.4068 -715.1547 1624.5621 1313.7506 1902.8511 1144.0438 980.5873 -1011.5928 785.1537 871.6116 1878.5542 -1372.1082 250.5079 424.2583 2181.4805 58.0567 278.5607 -1736.5343 -717.9344 509.8944 323.5057 2177.6797 256.0202 -2105.9033 -800.0603 -4.8646 -3123.4211 -643.0818 520.1626 -1249.1138 1868.0293 2007.1760 818.7892 -1824.8960 2217.5188 364.3430 265.1813 29.4367 965.9083 2462.8987 -975.4656 -1207.1769 1479.2794 -2347.1304 1507.0745 -1382.0680 254.7547 -2613.4243 -26.0126 437.9942 -2010.8921 -396.8493 1134.6965 -2096.6765 1504.5422 -402.0163 650.8235 -1375.0648 -394.4806 1606.8748 532.6413 320.8027 2119.1653 -1204.4208 2362.8699 -724.5633 -132.2661 812.2496 -85.7404 -1158.6444 -928.3541 1259.2708 -1621.3915 -173.9162 -2003.1903 1385.1189 657.1802 -3893.0020 473.5699 -628.3008 581.5143 -328.0963 1259.0424 629.5827 -206.8614 -1145.2185 226.5372 -155.0150 -1276.5470 -609.2069 916.0489 -2038.5287 2297.7222 265.6875 384.3772 -279.1555 1075.1606 2882.3923 -205.8964 -1076.7251 2288.3433 1635.8431 1370.6188 -558.2488 1048.3567 -675.9197 -118.4561 1751.2561 -1160.5389 -3034.7986 419.9603 -1380.6478 671.5813 1450.5469 -1900.0682 97.7259 1110.1909 -1262.2192 424.3144 -449.3073 -674.1377 2093.7227 -87.5572 269.0088 1874.8131 931.6652 -951.3763 862.3889 -4389.9136 325.2514 -2575.7014 258.2476 421.8542 2823.5083 616.3601 -699.1611 169.2354 1409.6143 259.9827 -2949.1001 -1571.5587 -413.1417 102.3843 686.7978 -2148.4167 294.0066 193.2029 -1147.8088 -902.8806 480.1793 1749.7887 1727.2423 710.6655 552.6215 1136.3650 2229.6790 576.0426 1036.1093 1387.5796 -66.0599 466.4977 707.8714 -2225.7939 -894.7354 116.7411 -724.3868 3472.0532 -335.4496 -659.7533 -1955.3934 142.1307 -936.2615 -509.0275 -1107.4084 1817.9413 -925.9778 -1377.6561 -3624.2449 -451.4754 -369.7900 3635.5566 877.7573 1065.5142 -1890.3988 -824.3321 701.9547 1832.0853 559.4371 1777.9240 -1950.3540 -2777.0486 78.6979 -1966.5308 -2174.6636 -1526.9568 2038.9874 -1708.6990 -1155.9186 763.7028 12.3145 -747.6215 2668.6875 -132.7808 305.2263 -1089.8295 -287.2481 -934.4650 -1378.7645 -717.4710 1792.3329 2139.2212 -595.1772 2476.3254 -741.4614 2188.9937 635.8828 -300.4379 -505.3218 -746.2646 -883.6563 3147.7795 -199.5649 849.8300 377.5401 1884.3276 692.5783 162.6777 -1423.7319 -2747.1724 -2110.9141 -1098.9685 1174.3390 409.0464 -1268.1195 -2498.2480 -64.8311 466.9472 257.7096 -221.5688
92.1435 197.8039 -258.7096 -610.3020 -4.9168 372.1321 799.6423 171.0194 520.2476 739.8128 -806.5317 -473.2194 -849.7274 -686.9286 -89.1657 -962.8609 -185.8194 37.2727 -354.9844 172.9186 582.2366 929.2917 413.2195 -545.1144 577.8170 -69.5544 318.8289 805.9037 -590.6560 632.4272 -479.8453 267.1127 -176.2117 -320.6230 146.0269 -378.8447 -23.2537 -57.7960 178.7762 173.4107 331.1783 -1038.6234 -1538.5200 -162.7895 898.5357 478.0208 661.0705 317.9063 -867.3256 243.6958 -9.3466 -1116.1355 518.4680 -998.6275 -461.4245 -158.0148 -562.2962 588.2785 -708.5005 751.2223 1145.7440 -139.8454 -306.3694 695.9665 562.8395 815.2063 490.0883 420.1159 -433.3925 336.2818 373.4399 804.8029 -587.8041 107.3195 181.7670 934.5987 24.8691 119.3678 -743.9421 -307.5513 218.4463 138.6296 932.9453 109.6648 -902.1401 -342.7697 -2.0851 -1338.0532 -275.4891 222.8896 -535.1816 800.2775 859.7706 351.0602 -781.7735 949.9901 156.1367 113.6078 12.5993 413.8233 1055.0897 -417.8782 -517.1912 633.7471 -1005.5128 645.6206 -592.1493 109.1751 -1119.6003 -11.1013 187.6278 -861.4413 -169.9802 486.1425 -898.1919 644.5566 -172.2399 278.7981 -589.0687 -168.9969 688.4158 228.1799 137.4296 907.8537 -515.9659 1012.2534 -310.3830 -56.6748 347.9916 -36.7086 -496.3416 -397.7398 539.4705 -694.5910 -74.5152 -858.1797 593.3699 281.4913 -1667.7998 202.8560 -269.1836 249.0901 -140.5155 539.4290 269.7336 -88.6419 -490.6862 97.0298 -66.4314 -546.8513 -261.0056 392.3860 -873.3134 984.3615 113.8080 164.6660 -119.6036 460.5773 1234.8356 -88.2214 -461.2702 980.3185 700.8142 587.1835 -239.1534 449.1005 -289.5370 -50.7631 750.3123 -497.1694 -1300.1394 179.8813 -591.4552 287.7193 621.4310 -814.0009 41.8335 475.6139 -540.7642 181.7816 -192.4795 -288.7556 896.9509 -37.4982 115.2917 803.2136 399.1195 -407.5556 369.4617 -1880.6697 139.3570 -1103.4750 110.6468 180.7514 1209.6361 264.0876 -299.5238 72.4918 603.9221 111.3485 -1263.4229 -673.2714 -176.9612 43.8716 294.2031 -920.4314 126.0010 82.7676 -491.7261 -386.7749 205.7001 749.6615 739.9832 304.4424 236.7646 486.8158 955.2074 246.7508 443.8872 594.4717 -28.2908 199.8098 303.2560 -953.5793 -383.3060 49.9792 -310.3199 1487.4763 -143.7628 -282.6416 -837.7139 60.8963 -401.1478 -218.1127 -474.4531 778.8398 -396.6976 -590.1746 -1552.6591 -193.4241 -158.4362 1557.4697 376.0518 456.5261 -809.8999 -353.1010 300.7032 784.8424 239.6712 761.6609 -835.5200 -1189.7343 33.7414 -842.4839 -931.6229 -654.1538 873.5425 -731.9975 -495.1355 327.2166 5.3053 -320.2879 1143.2367 -56.9035 130.6810 -466.9080 -123.0416 -400.3087 -590.6465 -307.3206 767.8857 916.4476 -254.9704 1060.8313 -317.6561 937.7353 272.4236 -128.7037 -216.5169 -319.6738 -378.5549 1348.5717 -85.4763 364.0666 161.7149 807.2372 296.6940 69.6788 -609.9534 -1176.9280 -904.3675 -470.7973 503.0823 175.2561 -543.2419 -1070.2452 -27.7868 200.0952 110.3831 -94.9166
98.7693 212.1184 -277.5418 -654.5475 -5.2688 399.0986 857.7357 183.3978 557.9299 793.4395 -865.0246 -507.5553 -911.3461 -736.7821 -95.6023 -1032.7266 -199.3071 39.9741 -380.7175 185.4900 624.4344 996.6954 443.1788 -584.6597 619.6929 -74.6209 341.9695 864.3843 -633.4296 678.2866 -514.5809 286.4888 -188.9812 -343.8971 156.6282 -406.3773 -24.9410 -61.9985 191.8195 185.9371 355.1536 -1113.9891 -1650.0800 -174.6201 963.6685 512.6694 709.0456 340.9777 -930.1802 261.3139 -9.9661 -1197.0878 556.0798 -1071.0839 -494.9201 -169.4180 -603.0989 630.9310 -759.9876 805.7709 1228.7701 -149.9954 -328.5603 746.4385 603.6390 874.3017 525.6649 450.5521 -464.8305 360.7827 400.5278 863.1362 -630.4615 115.1476 194.9806 1002.3495 26.6826 127.9967 -797.8967 -329.9030 234.2865 148.6413 1000.6104 117.6645 -967.6244 -367.5780 -2.2089 -1435.1443 -295.5034 238.9970 -573.9695 858.3501 922.0709 376.2516 -838.1950 1018.9027 167.3684 121.8573 13.5140 443.8123 1131.6849 -448.1792 -554.6484 679.6725 -1078.4838 692.4769 -635.0667 117.0463 -1200.8448 -11.9794 201.2222 -923.9508 -182.2979 521.3757 -963.3693 691.2693 -184.7110 299.0164 -631.8336 -181.2539 738.2963 244.7550 147.3696 973.7490 -553.4434 1085.7097 -332.8810 -60.7857 373.2309 -39.4152 -532.4189 -426.5601 578.6265 -744.9579 -79.8889 -920.4490 636.4072 301.9915 -1788.7372 217.5730 -288.7382 267.1402 -150.7704 578.4835 289.2749 -95.0334 -526.2123 104.0818 -71.2516 -586.5611 -279.9731 420.8883 -936.6757 1055.7942 122.0637 176.6149 -128.2424 493.9841 1324.3892 -94.6089 -494.7430 1051.4454 751.6935 629.7855 -256.5261 481.7610 -310.5449 -54.4557 804.6867 -533.2283 -1394.4537 192.9664 -634.3615 308.5469 666.5170 -873.0382 44.8576 510.1265 -579.9399 194.9487 -206.4445 -309.7733 962.0188 -40.2318 123.6237 861.4469 428.0431 -437.1197 396.2918 -2017.0981 149.3995 -1183.4894 118.6669 193.8168 1297.3673 283.1609 -321.2357 77.7629 647.6578 119.4616 -1355.0925 -722.0856 -189.8533 47.0964 315.5589 -987.1533 135.0130 88.7931 -527.3958 -414.8717 220.6523 803.9614 793.6385 326.5016 253.9171 522.1245 1024.5004 264.6801 476.1020 637.5588 -30.3467 214.3722 325.2302 -1022.7213 -411.0885 53.6485 -332.8379 1595.3342 -154.1034 -303.2015 -898.5192 65.2875 -430.2039 -233.9572 -508.7957 835.3032 -425.4766 -632.9897 -1665.2810 -207.4478 -169.9481 1670.5194 403.2714 489.5972 -868.6228 -378.7824 322.5534 841.8132 257.0335 816.8977 -896.1334 -1275.9921 36.1674 -903.5887 -999.2231 -701.5704 936.8341 -785.1046 -531.0847 350.9468 5.7195 -343.4431 1226.2269 -61.0236 140.2650 -500.7713 -131.9705 -429.4089 -633.5062 -329.6157 823.5160 982.9598 -273.4718 1137.8044 -340.6887 1005.7941 292.1105 -138.0744 -232.2423 -342.9557 -405.9918 1446.3929 -91.6454 390.5310 173.4658 865.7883 318.2677 74.7804 -654.1279 -1262.2505 -969.9213 -504.9352 539.6371 187.9884 -582.6559 -1147.9229 -29.8295 214.5695 118.3909 -101.8064
-15.7559 -33.8497 44.3821 104.5534 0.8406 -63.7672 -137.0665 -29.3243 -89.1637 -126.8100 138.2112 81.1089 145.6250 117.7406 15.2628 164.9554 31.8610 -6.3773 60.8222 -29.6442 -99.7853 -159.2673 -70.8365 93.3957 -99.0518 11.9759 -54.6435 -138.1194 101.2103 -108.4037 82.2249 -45.7674 30.2565 54.9515 -25.0586 64.9160 3.9843 9.8834 -30.6483 -29.7308 -56.7371 178.0334 263.7101 27.9395 -153.9984 -81.9319 -113.3167 -54.4930 148.6069 -41.7647 1.6014 191.3048 -88.8515 171.1936 79.0575 27.0784 96.3346 -100.8328 121.4618 -128.7294 -196.3769 23.9873 52.5097 -119.2506 -96.4327 -139.7023 -83.9935 -72.0043 74.2941 -57.6865 -64.0068 -137.9110 100.7869 -18.4114 -31.1915 -160.1501 -4.2328 -20.4385 127.5041 52.7182 -37.4528 -23.7200 -159.8916 -18.8184 154.6253 58.7743 0.3337 229.3163 47.2054 -38.1765 91.6572 -137.1593 -147.3430 -60.1280 133.9988 -162.5349 -26.7522 -19.4672 -2.1579 -70.9057 -180.8718 71.6144 88.6394 -108.6554 172.3403 -110.6539 101.4859 -18.7273 191.8817 1.9771 -32.1409 147.6763 29.1012 -83.3322 153.9677 -110.4837 29.5263 -47.7694 100.9597 28.9438 -117.9732 -39.0989 -23.5551 -155.5829 88.4016 -173.5097 53.1775 9.7367 -59.6609 6.2940 85.0684 68.1657 -92.4744 119.0868 12.7497 147.0965 -101.7413 -48.2360 285.8544 -34.7731 46.1405 -42.6783 24.0746 -92.4351 -46.2184 15.1789 84.0833 -16.6373 11.3658 93.7923 44.7452 -67.2484 149.6771 -168.6782 -19.5037 -28.2088 20.4487 -78.9205 -211.6406 15.1183 79.0480 -168.0262 -120.1195 -100.6178 41.0328 -76.9581 49.6110 8.7178 -128.6063 85.2024 222.8076 -30.8358 101.3770 -49.3119 -106.4964 139.4713 -7.1342 -81.5110 92.6630 -31.1683 32.9508 49.4747 -153.7274 6.4208 -19.7406 -137.6754 -68.4050 69.8451 -63.3742 322.3301 -23.8589 189.1356 -18.9827 -30.9581 -207.3028 -45.2381 51.3446 -12.4510 -103.4782 -19.0391 216.5372 115.3588 30.3735 -7.5122 -50.4216 157.6992 -21.5749 -14.1681 84.2613 66.2857 -35.2220 -128.4641 -126.8384 -52.1253 -40.6088 -83.4519 -163.6938 -42.3366 -76.1106 -101.8755 4.8491 -34.2617 -51.9611 163.4064 65.7030 -8.5917 53.1916 -254.9512 24.6254 48.4555 143.5552 -10.4306 68.7595 37.3730 81.2917 -133.4710 67.9854 101.1591 266.1173 33.1009 27.1644 -266.9350 -64.4272 -78.2330 138.8043 60.5503 -51.5186 -134.5389 -41.0655 -130.5573 143.1895 203.8841 -5.8021 144.3767 159.6516 112.0883 -149.7056 125.4590 84.9178 -56.1024 -0.9952 54.8441 -195.9444 9.7703 -22.4340 80.0657 21.0937 68.6272 101.2661 52.6836 -131.5457 -157.0604 43.7236 -181.8430 54.4160 -160.7343 -46.6740 22.0159 37.1349 54.7882 64.8539 -231.1089 14.6621 -62.4302 -27.7391 -138.3781 -50.8409 -11.9618 104.4989 201.6908 155.0122 80.6857 -86.2366 -30.0055 93.1034 183.4336 4.7459 -34.2311 -18.9144 16.2753
417.0337 895.6516 -1171.4691 -2763.0996 -22.2692 1685.0063 3620.9197 774.2341 2355.4817 3349.7764 -3651.9463 -2142.7007 -3847.4607 -3110.4070 -403.5394 -4359.7710 -841.4940 168.6492 -1607.2704 782.9643 2636.1033 4207.7710 1870.9225 -2468.2622 2616.2729 -314.9289 1443.6248 3649.1514 -2674.3250 2863.5588 -2172.4790 1209.5920 -797.8896 -1451.8199 661.0887 -1715.3287 -105.2058 -261.7006 809.6064 785.2092 1499.4648 -4702.8472 -6966.1973 -737.2190 4068.2844 2164.3596 2993.3220 1439.5896 -3927.0244 1103.3160 -42.2048 -5053.8022 2347.4502 -4521.4912 -2089.4622 -715.2665 -2545.9729 2663.5439 -3208.1731 3401.5715 5187.6533 -633.2516 -1387.1698 3151.2625 2548.3945 3691.1072 2219.1665 1902.0743 -1962.3735 1522.9619 1690.7655 3643.8979 -2661.5916 485.8935 822.9426 4231.5283 112.5762 540.3203 -3368.4507 -1392.6465 989.0727 627.5806 4224.2471 496.6185 -4084.9661 -1551.9072 -9.3730 -6058.6665 -1247.4987 1009.0576 -2423.0049 3623.6335 3892.8726 1588.2061 -3539.7654 4301.4844 706.9370 514.4517 57.1558 1873.6886 4777.4155 -1892.2346 -2341.6292 2869.4370 -4552.8530 2923.3154 -2680.9590 494.1179 -5069.4004 -50.4134 849.6038 -3900.5532 -769.7552 2201.1226 -4067.0300 2918.4536 -779.7964 1262.4681 -2667.3003 -765.2860 3116.9131 1033.2247 622.2341 4110.7324 -2336.3010 4583.4487 -1405.4010 -256.5529 1575.5819 -166.2205 -2247.3999 -1800.9009 2442.6335 -3145.1248 -337.4492 -3885.8091 2686.7825 1274.8285 -7551.4873 918.5904 -1218.8451 1127.9404 -636.4836 2442.3179 1221.2677 -401.2907 -2221.6157 439.4072 -300.6001 -2476.1072 -1181.8148 1776.8427 -3954.2268 4457.0879 515.4545 745.5317 -541.5905 2085.4692 5591.1465 -399.4226 -2088.6694 4438.7988 3173.2395 2658.6743 -1082.9226 2033.6357 -1311.1183 -229.7885 3397.0837 -2251.2124 -5886.8340 814.5994 -2678.1018 1302.7032 2813.7441 -3685.6426 189.5479 2153.4978 -2448.4102 823.0532 -871.5365 -1307.6670 4061.3230 -169.8479 521.8784 3636.7441 1807.1740 -1845.3848 1672.8225 -8515.3672 630.9639 -4996.2891 500.9411 818.3113 5476.9565 1195.5759 -1356.1105 328.3308 2734.3586 504.2767 -5720.6104 -3048.4658 -801.2858 198.6551 1332.2338 -4167.5435 570.3447 374.8243 -2226.4893 -1751.4117 931.5015 3394.2178 3350.5889 1378.4316 1071.9561 2204.2507 4325.0991 1117.3159 2009.9120 2691.5447 -128.0535 904.9320 1373.0538 -4317.4990 -1735.4911 226.3694 -1405.1647 6734.9624 -650.7710 -1279.7216 -3793.0662 275.7487 -1816.1455 -987.4601 -2148.1509 3526.3762 -1796.1614 -2672.3149 -7030.2720 -875.8100 -717.3120 7052.2104 1702.6471 2066.8293 -3667.0522 -1598.9436 1361.6045 3553.8225 1085.1615 3448.6914 -3783.2314 -5386.7988 152.7101 -3814.5920 -4218.3218 -2961.8452 3955.1870 -3314.4580 -2242.1667 1481.4858 24.0034 -1450.2760 5176.6709 -257.5471 592.0378 -2113.9458 -557.2258 -1812.6631 -2674.4670 -1391.7087 3476.6680 4149.6455 -1154.5095 4803.4678 -1438.2572 4246.0752 1233.4211 -582.8083 -980.2443 -1447.5479 -1714.1130 6105.9648 -387.0640 1648.5223 732.2740 3655.0903 1343.4956 315.5540 -2761.6206 -5328.9170 -4094.6970 -2131.6897 2277.9744 793.4207 -2459.8530 -4846.0649 -125.8983 905.8564 499.8481 -429.8481
-111.2234 -238.8509 312.3582 736.8398 5.9437 -449.2790 -965.5276 -206.4503 -628.1139 -893.2418 973.7809 571.3395 1025.9143 829.4211 107.6140 1162.5764 224.3830 -44.9234 428.6061 -208.7597 -702.9440 -1122.0400 -498.9164 658.1578 -697.6115 83.9868 -384.9554 -973.0895 713.1261 -763.5711 579.3037 -322.5519 212.7648 387.1165 -176.2845 457.4489 28.0329 69.8232 -215.8432 -209.3727 -399.8492 1254.0051 1857.5758 196.5811 -1084.8380 -577.1724 -798.1901 -383.8714 1047.2303 -294.2045 11.3126 1347.6118 -625.9786 1205.6813 557.1533 190.7307 678.9763 -710.2907 855.4708 -907.0378 -1383.2875 168.8457 369.8857 -840.3018 -679.5480 -984.3159 -591.7797 -507.1551 523.2678 -406.0624 -450.8748 -971.7014 709.7326 -129.5469 -219.4372 -1128.4019 -30.0324 -144.0600 898.2059 371.3447 -263.7251 -167.3593 -1126.4192 -132.3888 1089.2900 413.8365 2.5183 1615.5880 332.6821 -269.1098 646.0629 -966.2451 -1038.0360 -423.4892 943.9187 -1146.9956 -188.4392 -136.8267 -15.2137 -499.6368 -1273.8784 504.5698 624.4009 -765.1484 1214.0732 -779.5377 714.9018 -131.7875 1351.7979 13.4323 -226.5110 1040.1134 205.2503 -586.9667 1084.5229 -778.2427 207.9721 -336.6740 711.2897 204.0818 -831.1594 -275.4952 -165.9020 -1096.1135 622.9995 -1222.2336 374.7655 68.4164 -420.1479 44.2887 599.2599 480.1748 -651.3508 838.6815 89.9971 1036.1680 -716.4368 -339.9132 2013.6390 -244.9297 324.9962 -300.8009 169.7206 -651.2853 -325.6378 107.0282 592.4158 -117.1633 80.1382 660.2526 315.1552 -473.7968 1054.3960 -1188.5278 -137.4532 -198.7898 144.4308 -556.0978 -1490.9246 106.5594 556.9020 -1183.6279 -846.0839 -708.9291 288.7668 -542.2787 349.6376 61.2488 -905.8388 600.3267 1569.7487 -217.1756 714.1257 -347.3637 -750.3392 982.8176 -50.5460 -574.2066 652.9313 -219.4284 232.4499 348.6978 -1082.9551 45.3051 -139.1292 -969.7151 -481.8735 492.0779 -446.0486 2270.6980 -168.2456 1332.2853 -133.5805 -218.2055 -1460.5026 -318.8304 361.6382 -87.5364 -729.1625 -134.4582 1525.4447 812.9079 213.6710 -52.9650 -355.2326 1111.2916 -152.1159 -99.9728 593.6835 467.0533 -248.4020 -905.1307 -893.4615 -367.5923 -285.8477 -587.7800 -1153.2970 -297.9119 -535.9324 -717.7112 34.1688 -241.3366 -366.1258 1151.2812 462.7828 -60.3700 374.7091 -1795.8971 173.5219 341.2161 1011.4526 -73.5104 484.2773 263.2727 572.8481 -940.3503 478.9108 712.5604 1874.6844 233.5543 191.2471 -1880.5167 -454.0076 -551.1080 977.8297 426.3807 -363.0546 -947.6420 -289.3493 -919.6530 1008.8100 1436.4468 -40.7448 1017.1661 1124.8303 789.8193 -1054.6914 883.8311 597.9203 -395.0132 -6.4204 386.7309 -1380.3818 68.6719 -157.8388 563.6671 148.6678 483.3409 713.1543 371.1477 -927.0662 -1106.5306 307.8658 -1280.8635 383.4982 -1132.2279 -328.9168 155.3779 261.3947 385.9643 457.0739 -1628.1926 103.2032 -439.5970 -195.2721 -974.6381 -358.2294 -84.1168 736.3733 1421.0055 1091.8881 568.4434 -607.4348 -211.5893 655.9059 1292.2385 33.5333 -241.5258 -133.2747 114.5970
36.9572 79.4157 -103.8439 -244.9860 -1.9514 149.3727 321.0345 68.6504 208.8737 296.9510 -323.7928 -189.9414 -341.1187 -275.7227 -35.7602 -386.5285 -74.6130 15.0091 -142.5071 69.4437 233.7149 373.0128 165.8569 -218.7922 231.9652 -27.8806 127.9758 323.5535 -237.1156 253.8643 -192.6025 107.2598 -70.7325 -128.7445 58.6650 -152.0753 -9.3219 -23.1969 71.7598 69.5893 132.9338 -416.9170 -617.6213 -65.3903 360.6922 191.9127 265.4020 127.6711 -348.1662 97.8204 -3.7815 -448.0882 208.1762 -400.8510 -185.2345 -63.4476 -225.7180 236.1595 -284.4641 301.6276 459.9782 -56.0870 -123.0073 279.4495 225.9712 327.2623 196.7549 168.6688 -174.0032 135.0211 149.9102 323.0267 -235.9701 43.0606 72.9407 375.1747 9.9809 47.8893 -298.6464 -123.4576 87.6958 55.6365 374.5579 44.0540 -362.1852 -137.5771 -0.8166 -537.1299 -110.6202 89.4622 -214.8434 321.2637 345.1631 140.8065 -313.8094 381.3546 62.6375 45.6329 5.3911 166.0992 423.5493 -167.7235 -207.6036 254.3694 -403.6637 259.1680 -237.7113 43.8050 -449.4674 -4.4483 75.3433 -345.7602 -68.2439 195.1561 -360.5960 258.7831 -69.1649 111.9449 -236.4822 -67.8377 276.3302 91.5914 55.1756 364.4443 -207.1665 406.3327 -124.5973 -22.7173 139.7079 -14.6848 -199.2626 -159.6866 216.5898 -278.8332 -29.9258 -344.5013 238.1616 113.0792 -669.5018 81.4721 -108.0952 100.0031 -56.4612 216.5679 108.3379 -35.5669 -196.9716 38.9749 -26.6328 -219.5393 -104.7734 157.5687 -350.5909 395.1712 45.7231 66.1345 -48.0008 184.8980 495.6981 -35.4283 -185.1555 393.5199 281.3650 235.6884 -96.0136 180.2874 -116.2182 -20.3394 301.1860 -199.6054 -521.9831 72.2160 -237.4247 115.5046 249.4314 -326.7635 16.8029 190.9693 -217.1045 72.9352 -77.2623 -115.9412 360.0831 -15.0370 46.2428 322.4521 160.2231 -163.6066 148.3260 -754.9860 55.9624 -442.9738 44.4231 72.5803 485.6290 105.9892 -120.2388 29.0502 242.4374 44.7085 -507.2387 -270.2694 -70.9970 17.5959 118.1281 -369.4999 50.5721 33.2264 -197.3717 -155.2454 82.5829 300.9109 297.0406 122.1888 95.0831 195.4396 383.4807 99.0338 178.2027 238.6444 -11.3383 80.2503 121.8045 -382.7954 -153.8237 20.0725 -124.6109 597.1150 -57.7807 -113.4846 -336.2904 24.4452 -161.0253 -87.5140 -190.4206 312.6631 -159.2144 -236.9075 -623.2548 -77.6383 -63.5695 625.2822 150.9224 183.2479 -325.0809 -141.7493 120.7361 315.1401 96.2054 305.7832 -335.4574 -477.6532 13.5536 -338.2423 -373.9834 -262.6273 350.6698 -293.8831 -198.7849 131.3074 2.1070 -128.6199 459.0340 -22.9036 52.4918 -187.3848 -49.3722 -160.7007 -237.0956 -123.3999 308.2271 367.9099 -102.3667 425.8908 -127.5508 376.4499 109.3367 -51.6894 -86.8909 -128.3690 -151.9148 541.3766 -34.2794 146.1086 64.9564 324.0720 119.0937 28.0204 -244.8354 -472.4837 -363.0022 -188.9674 201.9581 70.3402 -218.1194 -429.6144 -11.1449 80.2938 44.2404 -38.0716
381.9206 820.3459 -1073.0396 -2530.8123 -20.3932 1543.3480 3316.5493 709.1594 2157.5427 3068.1919 -3344.9583 -1962.5525 -3524.0886 -2848.9199 -369.6469 -3993.2751 -770.7772 154.5105 -1472.1501 717.1696 2414.5503 3854.0901 1713.6794 -2260.7568 2396.3425 -288.4659 1322.3175 3342.4163 -2449.5391 2622.8940 -1989.9186 1107.8856 -730.8481 -1329.8052 605.6292 -1571.2051 -96.3372 -239.6694 741.5122 719.1863 1373.4574 -4307.5337 -6380.6431 -675.2488 3726.3528 1982.4373 2741.6948 1318.6166 -3596.9629 1010.6045 -38.7202 -4628.9995 2150.1260 -4141.4336 -1913.7839 -655.1384 -2331.9497 2439.6885 -2938.4719 3115.7258 4751.6201 -579.9463 -1270.5820 2886.3909 2334.1775 3380.8455 2032.6006 1742.1947 -1797.3934 1394.9390 1548.6488 3337.7214 -2437.8677 445.0408 753.8638 3875.8469 103.1366 494.8753 -3085.3503 -1275.5555 905.9373 574.7780 3869.2295 454.9298 -3741.6069 -1421.4844 -8.6080 -5549.3872 -1142.6622 924.2191 -2219.3198 3319.0142 3565.6575 1454.6884 -3242.2571 3939.9368 647.2592 471.2477 52.2875 1716.5006 4375.8955 -1733.1821 -2144.7996 2628.2542 -4170.1748 2677.5676 -2455.5928 452.6111 -4643.3433 -46.2186 778.2202 -3572.7075 -705.0637 2016.1174 -3725.1946 2673.1899 -714.2928 1156.3770 -2443.0867 -700.9476 2854.9036 946.3804 569.9249 3765.2153 -2139.8792 4198.1831 -1287.1990 -235.0030 1443.1854 -152.2115 -2058.5962 -1649.5415 2237.3608 -2880.7939 -309.1183 -3559.1890 2460.9629 1167.6981 -6916.6963 841.4199 -1116.3971 1033.1393 -582.9584 2237.0002 1118.6135 -367.6354 -2034.8573 402.4172 -275.3599 -2268.0623 -1082.4933 1627.4874 -3621.8801 4082.4563 472.1222 682.9105 -496.0099 1910.1508 5121.2041 -365.8244 -1913.0653 4065.6643 2906.5337 2435.2024 -991.9466 1862.6393 -1200.8700 -210.4894 3111.5674 -2061.9966 -5392.0342 746.1646 -2452.9585 1193.1666 2577.1812 -3375.8787 173.6170 1972.5208 -2242.6433 753.8578 -798.2081 -1197.7284 3719.9333 -155.5497 477.9870 3331.1086 1655.2822 -1690.2260 1532.1677 -7799.6421 577.8646 -4576.3633 458.7948 749.4667 5016.6562 1095.1008 -1242.1293 300.7061 2504.5720 461.8439 -5239.8013 -2792.2148 -733.9552 181.9456 1220.2495 -3817.2258 522.4073 343.2832 -2039.3212 -1604.1768 853.1832 3108.9473 3068.9387 1262.5573 981.8838 2019.0265 3961.5137 1023.3975 1840.9525 2465.3284 -117.2823 828.8762 1257.6705 -3954.6189 -1589.6165 207.3210 -1287.0444 6168.9141 -596.0558 -1172.1609 -3474.1997 252.5743 -1663.4775 -904.4171 -1967.5826 3229.9658 -1645.1832 -2447.7190 -6439.2817 -802.1353 -657.0081 6459.4170 1559.5085 1893.0907 -3358.8105 -1464.5571 1247.1477 3255.1133 993.9778 3158.8293 -3465.2219 -4934.0571 139.8725 -3493.9758 -3863.7781 -2712.9221 3622.7515 -3035.8953 -2053.6985 1356.8959 21.9986 -1328.3196 4741.5938 -235.9506 542.3417 -1936.2418 -510.3206 -1660.2726 -2449.7007 -1274.7059 3184.3879 3800.8440 -1057.5377 4399.7998 -1317.3539 3889.1533 1129.7538 -533.8553 -897.9000 -1325.8676 -1570.0055 5592.7437 -354.5076 1509.8676 670.7357 3347.9023 1230.5702 289.0431 -2529.4888 -4881.0005 -3750.5227 -1952.4629 2086.4993 726.7161 -2253.1011 -4438.7373 -115.2811 829.6562 457.8395 -393.6667
-124.2482 -266.8966 349.1162 823.3739 6.6177 -502.0998 -1078.9722 -230.7113 -701.9181 -998.1438 1088.2363 638.4583 1146.4813 926.8065 120.2701 1299.0988 250.7722 -50.3325 478.8644 -233.3363 -785.4811 -1253.8657 -557.5124 735.4865 -779.6119 93.8846 -430.1914 -1087.3921 796.9008 -853.3209 647.3550 -360.3970 237.7399 432.6093 -197.0763 511.1952 31.4099 77.9749 -241.2422 -233.9827 -446.8134 1401.2917 2075.8289 219.6802 -1212.2692 -644.9872 -891.9391 -428.9774 1170.2018 -328.8112 12.5656 1505.9409 -699.5231 1347.3320 622.5923 213.1485 758.6642 -793.6447 955.9553 -1013.6242 -1545.8972 188.7009 413.3490 -939.0131 -759.4057 -1099.9008 -661.2367 -566.8202 584.7319 -453.8466 -503.8749 -1085.8556 793.1000 -144.8069 -245.2141 -1260.9315 -33.6134 -161.0351 1003.7697 414.9692 -294.6812 -186.9655 -1258.7263 -147.9776 1217.2212 462.4690 2.8333 1805.3556 371.6817 -300.6567 722.0014 -1079.7925 -1160.0303 -473.2858 1054.8154 -1281.7310 -210.5729 -153.2868 -17.0521 -558.3146 -1423.3311 563.8198 697.7621 -855.0403 1356.6670 -871.0648 798.8762 -147.2581 1510.6533 15.0786 -253.1647 1162.2969 229.3508 -655.8835 1211.9310 -869.6690 232.3801 -376.2083 794.7903 227.9974 -928.7781 -307.8474 -185.4131 -1224.9211 696.1115 -1365.7758 418.7609 76.4604 -469.5040 49.5165 669.7249 536.5771 -727.8898 937.1873 100.5410 1157.8708 -800.6008 -379.8992 2250.1658 -273.7381 363.1983 -336.1065 189.6378 -727.7453 -363.9168 119.5872 661.9614 -130.9255 89.6056 737.8362 352.2061 -529.4274 1178.3309 -1328.1071 -153.5853 -222.2047 161.3502 -621.4064 -1666.0941 118.9974 622.3249 -1322.6415 -945.5533 -792.1937 322.6862 -606.0005 390.6551 68.5106 -1012.3121 670.7676 1754.1863 -242.7365 798.0079 -388.1501 -838.4203 1098.2866 -56.4272 -641.6985 729.5833 -245.2587 259.6821 389.6914 -1210.2158 50.5712 -155.5270 -1083.7109 -538.5564 549.8571 -498.4883 2537.4143 -187.9534 1488.7947 -149.2125 -243.8040 -1632.0763 -356.2895 404.0812 -97.8129 -814.8141 -150.2453 1704.6835 908.4095 238.8133 -59.1684 -396.9730 1241.8140 -169.9193 -111.6815 663.4493 521.8847 -277.6017 -1011.4361 -998.4208 -410.7636 -319.4158 -656.8385 -1288.7861 -332.9747 -598.9120 -802.0167 38.1227 -269.6851 -409.1741 1286.5261 517.1586 -67.4767 418.6800 -2006.8811 193.8983 381.3475 1130.3018 -82.1535 541.1500 294.2271 640.0425 -1050.8237 535.2407 796.3362 2094.8918 260.9731 213.7686 -2101.4226 -507.3796 -615.8786 1092.7446 476.4379 -405.6781 -1059.0132 -323.3640 -1027.6326 1127.3175 1605.1339 -45.4680 1136.7020 1257.0129 882.5834 -1178.5259 987.6745 668.1181 -441.4587 -7.1161 432.1665 -1542.5233 76.7574 -176.4223 629.9271 165.9967 540.1528 796.9465 414.6599 -1036.0126 -1236.5377 344.0385 -1431.3799 428.5931 -1265.2371 -367.5620 173.6942 292.1573 431.3415 510.7421 -1819.4564 115.3454 -491.1996 -218.1839 -1089.1426 -400.3262 -94.0140 822.9438 1587.9189 1220.1959 635.2363 -678.7983 -236.4141 733.0073 1444.0669 37.5279 -269.9231 -149.0157 128.0436
-110.9937 -238.3528 311.7414 735.3819 5.9250 -448.4120 -963.6464 -206.0482 -626.8937 -891.4968 971.9329 570.2429 1023.9351 827.8286 107.3897 1160.2871 223.9662 -44.8675 427.7400 -208.3872 -701.6052 -1119.8473 -497.9273 656.9026 -696.2939 83.8083 -384.2109 -971.1854 711.6760 -762.0754 578.2616 -321.8755 212.3397 386.3812 -175.9146 456.5749 27.9546 69.6369 -215.4500 -208.9731 -399.0463 1251.6440 1853.9573 196.2173 -1082.7275 -575.9849 -796.6055 -383.0727 1045.1550 -293.6321 11.2331 1344.9935 -624.7385 1203.3678 556.0881 190.3508 677.5623 -708.8329 853.7896 -905.2088 -1380.6614 168.5253 369.1783 -838.6256 -678.2433 -982.3281 -590.5994 -506.1733 522.2623 -405.3502 -449.9651 -969.7834 708.3419 -129.3237 -219.0333 -1126.1179 -29.9693 -143.8449 896.5316 370.6207 -263.2098 -166.9939 -1124.1862 -132.1363 1087.1365 413.0795 2.4963 1612.4198 331.9827 -268.5174 644.9104 -964.3652 -1035.9965 -422.6540 942.0565 -1144.7725 -188.0928 -136.8753 -15.2180 -498.6948 -1271.4698 503.9298 623.1868 -763.6542 1211.6605 -778.0086 713.4758 -131.4943 1349.1647 13.3991 -226.1228 1038.0719 204.8307 -585.7628 1082.3738 -776.6454 207.5485 -335.9638 709.8864 203.6576 -829.5307 -274.9923 -165.6056 -1094.0042 621.7300 -1219.8123 374.0243 68.3516 -419.3583 44.2307 598.1194 479.2968 -650.1318 837.0344 89.7630 1034.1490 -715.0524 -339.2802 2009.7462 -244.5082 324.3812 -300.2126 169.3659 -649.9651 -324.9616 106.8112 591.2470 -116.9484 80.0512 658.9891 314.5190 -472.8813 1052.3787 -1186.2102 -137.2224 -198.4050 144.1243 -555.0110 -1488.0208 106.2960 555.8647 -1181.3097 -844.4969 -707.5895 288.2260 -541.2424 348.9806 61.1704 -904.1072 599.1055 1566.6602 -216.7453 712.7411 -346.6328 -748.8240 980.9053 -50.4101 -573.1847 651.6143 -219.0906 231.9346 348.0401 -1080.8330 45.2037 -138.8613 -967.9075 -480.9547 491.1210 -445.2215 2266.2625 -167.8919 1329.6636 -133.2926 -217.7706 -1457.6311 -318.1714 360.8917 -87.3961 -727.7379 -134.1844 1522.4536 811.3387 213.2524 -52.8482 -354.5465 1109.1465 -151.7940 -99.7310 592.5461 466.1042 -247.8671 -903.3341 -891.7547 -366.8816 -285.2768 -586.6207 -1151.0552 -297.4276 -534.8563 -716.3196 34.1222 -240.8189 -365.3929 1149.0349 461.8771 -60.2475 373.9889 -1792.4528 173.1630 340.5517 1009.4697 -73.3671 483.3413 262.7599 571.7125 -938.4922 478.0459 711.2062 1871.0479 233.0941 190.8693 -1876.8278 -453.1420 -550.0380 975.8986 425.5423 -362.3495 -945.7822 -288.7822 -917.8194 1006.8865 1433.5750 -40.5806 1015.1693 1122.6884 788.2150 -1052.6016 882.0977 596.7292 -394.2854 -6.3827 385.9803 -1377.6683 68.4900 -157.5379 562.5901 148.2639 482.3868 711.7750 370.4052 -925.2431 -1104.3639 307.2549 -1278.3824 382.7775 -1130.0328 -328.2775 155.1325 260.8745 385.2469 456.2372 -1625.0077 103.0520 -438.6967 -194.8312 -972.7305 -357.5440 -84.0061 734.9557 1418.1863 1089.7743 567.3502 -606.2349 -211.1320 654.6364 1289.6987 33.4647 -241.0436 -133.0271 114.4552
8.4167 18.0474 -23.6186 -55.6704 -0.4154 33.8986 72.9641 15.5876 47.4588 67.5019 -73.6108 -43.2093 -77.5661 -62.6623 -8.1286 -87.8403 -16.8979 3.4239 -32.4084 15.7685 53.0748 84.7665 37.7187 -49.7217 52.7331 -6.3690 29.0859 73.4931 -53.8713 57.6560 -43.7644 24.3312 -16.0327 -29.2345 13.3043 -34.5480 -2.1228 -5.2688 16.3368 15.8127 30.2139 -94.7324 -140.3824 -14.8225 81.9712 43.6092 60.2834 29.0205 -79.1044 22.2313 -0.8417 -101.8831 47.2417 -91.1118 -42.0817 -14.4321 -51.2884 53.7025 -64.6198 68.5130 104.5353 -12.7878 -27.9169 63.4795 51.3731 74.3639 44.6542 38.3499 -39.5411 30.7173 34.0675 73.4464 -53.6452 9.8058 16.5826 85.2579 2.2808 10.8927 -67.8350 -28.0760 19.9003 12.6228 85.1328 10.0084 -82.3002 -31.2425 -0.2298 -122.0407 -25.1158 20.2954 -48.8397 73.0075 78.4392 31.9943 -71.2806 86.6772 14.2280 10.3421 1.1414 37.7516 96.2439 -38.1231 -46.8855 57.8181 -91.7349 58.9221 -53.9917 9.9317 -102.1189 -0.9937 17.1540 -78.5772 -15.5139 44.3268 -81.9288 58.7898 -15.7056 25.4305 -53.7138 -15.4024 62.7810 20.7980 12.5743 82.8309 -47.0556 92.3780 -28.2831 -5.1831 31.7426 -3.3710 -45.2779 -36.2845 49.1547 -63.3309 -6.8163 -78.2456 54.1289 25.6369 -152.1929 18.5164 -24.5474 22.6987 -12.8103 49.2034 24.6381 -8.0685 -44.7620 8.8394 -6.0757 -49.8786 -23.7910 35.8272 -79.7072 89.7236 10.3634 15.0114 -10.9144 42.0310 112.6744 -8.1142 -42.0980 89.4764 63.9030 53.5495 -21.7881 41.0021 -26.3806 -4.6555 68.4566 -45.3334 -118.6015 16.4160 -53.9256 26.2645 56.7200 -74.2448 3.8154 43.3882 -49.3324 16.6026 -17.5162 -26.3519 81.8231 -3.3845 10.5056 73.2550 36.4188 -37.2033 33.7402 -171.5406 12.6780 -100.6783 10.0878 16.5309 110.3303 24.0944 -27.3084 6.6027 55.0990 10.1476 -115.2686 -61.4215 -16.1601 4.0300 26.8243 -83.9732 11.4691 7.5714 -44.8413 -35.2597 18.7730 68.4306 67.5074 27.7723 21.6063 44.4319 87.1412 22.5272 40.5286 54.2801 -2.5930 18.2121 27.6923 -86.9980 -35.0070 4.5690 -28.2974 135.7132 -13.0834 -25.8084 -76.4381 5.5741 -36.5911 -19.9163 -43.2581 71.0750 -36.1781 -53.8528 -141.6613 -17.6759 -14.4964 142.0579 34.3076 41.6416 -73.8599 -32.2035 27.4320 71.6005 21.8791 69.5228 -76.2096 -108.5352 3.0837 -76.8201 -84.9720 -59.7004 79.7095 -66.7784 -45.1712 29.8633 0.4610 -29.2000 104.2493 -5.2177 11.9585 -42.6016 -11.2045 -36.5276 -53.8591 -28.0368 70.1163 83.5784 -23.2019 96.7218 -29.0048 85.5630 24.8015 -11.7181 -19.7620 -29.1686 -34.5714 123.0560 -7.7892 33.2096 14.7354 73.6471 27.0884 6.3155 -55.6664 -107.3972 -82.5416 -42.9709 45.9261 15.9949 -49.5416 -97.6668 -2.5337 18.2499 10.0944 -8.6265
43.2636 92.9569 -121.5816 -286.7229 -2.2752 174.8641 375.7254 80.3408 244.4376 347.5891 -378.9398 -222.3287 -399.2411 -322.7842 -41.8917 -452.4308 -87.3324 17.4721 -166.7939 81.2587 273.5703 436.6896 194.1530 -256.1518 271.5351 -32.6847 149.8251 378.6891 -277.5194 297.1631 -225.4682 125.4985 -82.8247 -150.7106 68.6136 -178.0131 -10.9050 -27.1874 83.9777 81.5228 155.6519 -488.0419 -722.9180 -76.4809 422.1811 224.6150 310.6168 149.3458 -407.5310 114.4931 -4.3785 -524.4417 243.6434 -469.2047 -216.8335 -74.2255 -264.2092 276.3658 -332.9444 352.9756 538.3737 -65.7171 -143.9708 326.9924 264.4808 383.0686 230.3027 197.4541 -203.6513 158.0657 175.4623 378.1094 -276.2324 50.4094 85.4070 439.1329 11.6669 56.0715 -349.5646 -144.4855 102.6338 65.1489 438.3862 51.5504 -423.9150 -161.0249 -0.9566 -628.6794 -129.4913 104.7385 -251.4142 376.0959 403.9751 164.7607 -367.3891 446.3983 73.3086 53.3995 5.9247 194.4179 495.7449 -196.3276 -242.9696 298.0740 -472.4667 303.3398 -278.2414 51.2667 -526.0189 -5.2212 88.1913 -404.7812 -79.8577 228.4299 -422.0586 302.8697 -80.9599 130.9756 -276.7837 -79.4407 323.4763 107.2747 64.5878 426.5850 -242.4314 475.6719 -145.8160 -26.6514 163.5386 -17.2326 -233.2272 -186.9044 253.5014 -326.3951 -35.0133 -403.2737 278.8261 132.3607 -783.6397 95.3239 -126.4973 117.0522 -66.0566 253.4365 126.7811 -41.6678 -230.5690 45.5972 -31.1349 -256.9615 -122.6449 184.3650 -410.3405 462.5285 53.4434 77.3520 -56.1891 216.4001 580.2115 -41.4685 -216.7007 460.6122 329.3384 275.8886 -112.3915 211.0614 -136.0928 -23.8562 352.5481 -233.6197 -610.8911 84.5337 -277.9146 135.1963 291.9468 -382.4702 19.6616 223.4117 -254.1054 85.3496 -90.4643 -135.7312 421.4654 -17.6285 54.1509 377.4323 187.5179 -191.4967 173.5567 -883.7144 65.4661 -518.4788 51.9513 84.9061 568.3434 124.1074 -140.7050 34.0428 283.7718 52.3395 -593.6081 -316.3321 -83.1870 20.6182 138.2551 -432.4850 59.2019 38.9005 -231.0714 -181.7354 96.6474 352.2077 347.7071 143.0127 111.2308 228.7567 448.8573 115.9320 208.5800 279.3181 -13.2988 93.9100 142.4853 -448.0342 -180.1071 23.4848 -145.8036 698.9359 -67.5726 -132.7741 -393.6362 28.6121 -188.4738 -102.4637 -222.9348 365.9460 -186.3657 -277.3408 -729.5283 -90.8335 -74.4358 731.8055 176.7038 214.4886 -380.5414 -165.9492 141.2839 368.8304 112.5955 357.8851 -392.5935 -559.0010 15.8291 -395.8502 -437.7993 -307.4052 410.4610 -343.9549 -232.7126 153.7286 2.5067 -150.4742 537.1911 -26.7236 61.4181 -219.3449 -57.8527 -188.0909 -277.5518 -144.4400 360.7823 430.6247 -119.8209 498.5356 -149.2517 440.6459 127.9716 -60.4682 -101.6839 -150.1860 -177.8683 633.6342 -40.1701 171.0802 75.9757 379.3168 139.4517 32.7733 -286.5514 -553.0113 -424.9392 -221.2225 236.3560 82.3494 -255.2712 -502.8787 -13.1059 94.0077 51.8987 -44.5780
91.1638 195.8508 -256.1306 -604.1221 -4.8372 368.3998 791.6802 169.3178 514.9942 732.4173 -798.4552 -468.4686 -841.1783 -680.0834 -88.2067 -953.1927 -183.9691 36.8594 -351.4119 171.1561 576.3729 919.9569 409.1187 -539.6221 572.0461 -68.8707 315.6401 797.8856 -584.7086 626.0897 -475.0132 264.4458 -174.4049 -317.4242 144.5736 -375.0779 -23.0353 -57.2330 177.0312 171.7086 327.8299 -1028.2169 -1523.0477 -161.1737 889.4628 473.2011 654.4351 314.7296 -858.5621 241.1792 -9.2145 -1104.9418 513.2285 -988.5605 -456.7849 -156.3889 -556.7037 582.3740 -701.4611 743.7040 1134.2361 -138.4394 -303.3098 688.9481 557.1971 807.0551 485.2166 415.9044 -429.0382 332.9573 369.6739 796.7236 -581.9630 106.2130 179.9298 925.1943 24.6341 118.1686 -736.4722 -304.4933 216.2666 137.1995 923.5515 108.5320 -893.0961 -339.3226 -2.0845 -1324.6741 -272.7265 220.6126 -529.7517 792.2636 851.1282 347.2411 -773.9523 940.4485 154.5146 112.4479 12.5386 409.6528 1044.5634 -413.7072 -511.9867 627.3669 -995.1313 639.1430 -586.1479 108.0202 -1108.3770 -11.0446 185.7403 -852.8027 -168.3342 481.2259 -889.2128 638.0828 -170.5519 275.9861 -583.1916 -167.3010 681.4893 225.8796 136.0621 898.7748 -510.7345 1002.0909 -307.2969 -56.1867 344.4737 -36.3570 -491.3941 -393.7296 534.0579 -687.6339 -73.7604 -849.6201 587.4646 278.7086 -1651.0193 200.8439 -266.5002 246.5883 -139.1618 533.9592 266.9970 -87.7549 -485.6998 96.0866 -65.7230 -541.4415 -258.3855 388.4934 -864.5346 974.5193 112.6738 163.0051 -118.3986 455.9246 1222.4554 -87.3258 -456.6428 970.4957 693.7939 581.2326 -236.7892 444.6416 -286.6647 -50.2618 742.7664 -492.1919 -1287.0638 178.1261 -585.5549 284.8416 615.1862 -805.8387 41.4188 470.8489 -535.2960 179.9825 -190.5400 -285.9075 887.9730 -37.1022 114.0615 795.1694 395.1395 -403.5131 365.7736 -1861.8196 137.9169 -1092.3646 109.4807 178.8899 1197.4681 261.4047 -296.5108 71.7684 597.8492 110.2130 -1250.7535 -666.5368 -175.2145 43.4097 291.2829 -911.1187 124.6905 81.8926 -486.7838 -382.9294 203.6281 742.0922 732.5768 301.3804 234.3479 481.9578 945.6464 244.3175 439.3976 588.4503 -28.0133 197.8879 300.2259 -943.9486 -379.4513 49.5105 -307.2473 1472.5161 -142.2546 -279.7694 -829.3345 60.2800 -397.0799 -215.9150 -469.6926 770.9925 -392.7001 -584.2557 -1537.0745 -191.4377 -156.8219 1541.8878 372.2704 451.8680 -801.7631 -349.5820 297.6605 776.9909 237.2760 754.0486 -827.1718 -1177.7390 33.3800 -834.0268 -922.3278 -647.6044 864.7141 -724.6921 -490.1943 323.9423 5.1809 -317.0649 1131.8580 -56.2896 129.4578 -462.1522 -121.8460 -396.3230 -584.7214 -304.2726 760.1342 907.2919 -252.4344 1050.2632 -314.4491 928.3484 269.6810 -127.4545 -214.3156 -316.4776 -374.7876 1335.0232 -84.6300 360.4487 160.1274 799.1452 293.7439 69.0184 -603.7617 -1165.0841 -895.2551 -466.0634 498.0312 173.4926 -537.8113 -1059.5603 -27.5208 198.0491 109.2474 -93.9878
69.6809 149.7118 -195.9092 -461.8871 -3.6953 281.6909 605.2944 129.4719 393.7708 559.9826 -610.4808 -358.2238 -643.1725 -519.9536 -67.4391 -728.7618 -140.6732 28.2185 -268.6664 130.8852 440.6457 703.4208 312.8200 -412.5566 437.4019 -52.6652 241.3478 610.0559 -447.1016 478.7377 -363.1403 202.2533 -133.3745 -242.6749 110.5572 -286.7913 -17.5952 -43.7515 135.3426 131.2920 250.6998 -786.1563 -1164.5377 -123.1983 680.0804 361.8484 500.3726 240.6500 -656.4978 184.4180 -7.0677 -844.8154 392.4411 -755.8791 -349.2451 -119.5449 -425.6484 445.2324 -536.2963 568.6685 867.1651 -105.8253 -231.8823 526.7802 425.9736 617.0482 370.9445 318.0497 -328.0295 254.5844 282.6750 609.1609 -444.9448 81.2207 137.5740 707.3860 18.8289 90.3036 -563.1252 -232.7996 165.2956 104.8785 706.1503 82.9723 -682.8820 -259.4685 -1.5615 -1012.7927 -208.5140 168.6569 -405.0472 605.7611 650.7993 265.4675 -591.7543 719.0035 118.1837 86.0169 9.5758 313.1586 798.6495 -316.2904 -391.4477 479.6595 -761.0736 489.0007 -448.1767 82.5817 -847.4282 -8.4405 142.0688 -652.0276 -128.6509 367.9721 -679.8881 487.8609 -130.3659 211.0007 -445.8368 -127.9244 521.0453 172.7051 104.0417 687.2046 -390.5469 766.2166 -234.9135 -42.9032 263.4051 -27.7944 -375.7718 -301.0435 408.3813 -525.7211 -56.3586 -649.6066 449.1710 213.1270 -1262.3649 153.5605 -203.7756 188.5834 -106.3923 408.2464 204.1658 -67.0823 -371.3628 73.4258 -50.2608 -413.9808 -197.6270 296.9513 -661.0260 745.0499 86.1440 124.6889 -90.5152 348.5956 934.6693 -66.7708 -349.1735 742.0419 530.4783 444.4268 -181.0376 339.9455 -219.1241 -38.4300 567.9055 -376.3297 -984.0639 136.1895 -447.6871 217.7367 470.3451 -616.1425 31.6589 360.0015 -409.2673 137.5958 -145.6449 -218.5721 678.9708 -28.3989 87.2120 607.9803 302.1393 -308.4563 279.6388 -1423.4741 105.4670 -835.1916 83.6974 136.7684 915.5551 199.8768 -226.7174 54.8790 457.0961 84.2602 -956.3066 -509.5886 -133.9235 33.2393 222.7133 -696.6765 95.3513 62.6647 -372.1763 -292.7370 155.6958 567.3823 560.1542 230.4661 179.1534 368.5114 723.0037 186.7644 335.9722 449.9363 -21.3987 151.2807 229.5392 -721.7582 -290.1189 37.8375 -234.8858 1125.8951 -108.7718 -213.9219 -634.0609 46.0739 -303.6153 -165.0445 -359.1076 589.4675 -300.2888 -446.7477 -1175.2292 -146.3528 -119.9581 1178.9158 284.6653 345.5300 -613.0323 -267.3033 227.6176 594.0524 181.4144 576.5143 -632.3904 -900.4701 25.4665 -637.6683 -705.2237 -495.1550 661.1709 -554.1088 -374.8008 247.6703 4.0422 -242.4262 865.3301 -43.0415 98.9664 -353.3694 -93.1231 -303.0391 -447.1127 -232.6198 581.1498 693.6943 -192.9989 803.0439 -240.4523 709.7977 206.2256 -97.4545 -163.8711 -241.9758 -286.5298 1020.6961 -64.7128 275.5753 122.4132 611.0293 224.5809 52.7712 -461.6235 -890.7960 -684.5154 -356.3791 380.8073 132.6241 -411.2279 -810.1447 -21.0460 151.4372 83.6008 -71.8172
-235.2145 -505.1119 660.6672 1558.3583 12.5607 -950.3083 -2042.0476 -436.6501 -1328.4543 -1889.1436 2059.5796 1208.3977 2169.8279 1754.1475 227.5530 2458.7266 474.5852 -95.1066 906.4133 -441.5732 -1486.6799 -2373.0334 -1055.1168 1392.0056 -1475.5079 177.5751 -814.1619 -2057.9473 1508.2240 -1614.9752 1225.2361 -682.1508 449.9781 818.7947 -372.8937 967.4791 59.3143 147.5571 -456.6111 -442.8229 -845.6327 2652.2600 3928.6719 415.7824 -2294.4097 -1220.6285 -1688.1378 -811.8244 2214.7275 -622.2702 23.7841 2850.1536 -1323.8551 2549.9426 1178.3826 403.3739 1435.8365 -1502.1119 1809.2335 -1918.3802 -2925.6990 357.1191 782.3120 -1777.2343 -1437.2223 -2081.6194 -1251.5159 -1072.6718 1106.6582 -858.9218 -953.5361 -2055.0642 1501.0308 -274.0561 -464.1339 -2386.3989 -63.5450 -304.7060 1899.7261 785.3755 -557.7739 -353.8880 -2382.3423 -280.0826 2303.7778 875.2503 5.2590 3416.8184 703.5482 -569.0425 1366.5353 -2043.5819 -2195.4434 -895.7165 1996.3223 -2425.9312 -398.5190 -290.1049 -32.1943 -1056.6692 -2694.3223 1067.1449 1320.5898 -1618.2717 2567.6331 -1648.6246 1512.2689 -278.6500 2858.9817 28.4431 -479.1820 2199.7656 434.1417 -1241.3666 2293.6812 -1645.9250 439.8334 -711.9955 1504.2853 431.5905 -1757.8472 -582.7095 -350.9200 -2318.2974 1317.5665 -2584.8867 792.5556 144.6883 -888.6252 93.7359 1267.5044 1015.6608 -1377.5894 1773.7837 190.3264 2191.4465 -1515.2502 -718.9152 4258.7407 -518.0853 687.4041 -636.1640 358.9549 -1377.3461 -688.7747 226.3594 1252.9351 -247.8182 169.5888 1396.4478 666.4972 -1002.0825 2230.0959 -2513.6252 -290.6811 -420.4669 305.4148 -1176.1722 -3153.2319 225.2379 1177.8970 -2503.3198 -1789.5394 -1499.4047 610.7304 -1146.8868 739.4468 129.5802 -1915.8336 1269.5332 3319.9617 -459.4071 1510.3206 -734.6582 -1586.7943 2078.6038 -106.8883 -1214.5502 1380.8014 -464.1805 491.4770 737.4496 -2290.4761 95.8152 -294.3065 -2051.0020 -1019.1873 1040.7336 -943.4099 4802.3833 -355.8320 2817.7405 -282.5054 -461.4658 -3088.8225 -674.2733 764.8096 -185.1803 -1542.1072 -284.3746 3226.2156 1719.2687 451.9326 -112.0564 -751.3334 2350.3784 -321.6298 -211.3478 1255.6744 987.7168 -525.3330 -1914.2456 -1889.6599 -777.4038 -604.5981 -1243.1224 -2439.2097 -630.1570 -1133.4868 -1517.9247 72.2239 -510.3840 -774.3343 2434.9285 978.8022 -127.6848 792.4741 -3798.3411 366.9668 721.7452 2139.1660 -155.5215 1024.2219 556.8136 1211.4479 -1988.7506 1013.0166 1507.0956 3964.8206 493.9363 404.5222 -3977.1897 -960.2023 -1165.6383 2068.0701 901.7658 -767.8654 -2004.1958 -611.9780 -1944.9348 2133.6501 3038.0176 -86.1243 2151.2668 2379.0339 1670.3728 -2230.6047 1869.2426 1264.4913 -835.4402 -13.4744 817.8904 -2919.4561 145.2690 -333.9076 1192.2146 314.2010 1022.2490 1508.3156 784.8586 -1960.7314 -2340.1943 651.1133 -2708.9976 811.1697 -2394.6550 -695.6223 328.7034 552.8249 816.3274 966.6577 -3443.5750 218.2568 -929.6218 -412.9800 -2061.3757 -757.7136 -177.9405 1557.4840 3005.2795 2309.2739 1202.2124 -1284.7046 -447.4469 1387.2712 2732.9998 71.0206 -510.8211 -281.8846 242.3960
-222.4141 -477.6838 624.7708 1473.7208 11.8610 -898.6474 -1931.0876 -412.9243 -1256.2466 -1786.5682 1947.7488 1142.7560 2051.9824 1658.8923 215.2096 2325.1738 448.8167 -89.9908 857.1741 -417.5675 -1405.9202 -2244.1211 -997.8543 1316.4133 -1395.3336 167.9357 -769.9234 -1946.2151 1426.3419 -1527.2643 1158.6722 -645.1152 425.5705 774.2384 -352.6315 914.8598 56.1149 139.5729 -431.7165 -418.8144 -799.7292 2508.1411 3715.3081 393.1874 -2169.7534 -1154.3435 -1596.4365 -767.7578 2094.4517 -588.4758 22.4971 2695.3413 -1251.9338 2411.4446 1114.3528 381.4571 1357.8790 -1420.5631 1711.0129 -1814.1692 -2766.7930 337.7432 739.8987 -1680.6494 -1359.1489 -1968.5648 -1183.5636 -1014.4552 1046.5558 -812.1917 -901.7080 -1943.4683 1419.4421 -259.1279 -438.9006 -2256.9172 -60.0798 -288.1538 1796.5424 742.7207 -527.4982 -334.7156 -2252.8916 -264.8465 2178.6675 827.7002 4.9730 3231.2976 665.3334 -538.1644 1292.2609 -1932.5769 -2076.2131 -847.0244 1887.8724 -2294.0859 -376.9381 -274.3929 -30.4494 -999.2764 -2547.9392 1009.1775 1248.8262 -1530.3143 2428.1707 -1559.1259 1429.8303 -263.2924 2703.6892 26.8787 -453.1157 2080.2930 410.5648 -1173.9061 2169.1028 -1556.5112 415.9553 -673.3198 1422.5673 408.1394 -1662.3616 -551.0466 -331.8702 -2192.3557 1245.9930 -2444.4719 749.5805 136.8551 -840.2979 88.6295 1198.6609 960.4503 -1302.7394 1677.4087 179.9703 2072.4563 -1432.9954 -679.8389 4027.4321 -489.9002 650.0470 -601.5618 339.4417 -1302.5880 -651.3576 214.0585 1184.8765 -234.3515 160.3066 1320.6309 630.3083 -947.6597 2108.9180 -2377.1111 -274.8662 -397.6325 288.8010 -1112.2855 -2981.9294 213.0307 1113.9147 -2367.3887 -1692.3751 -1417.9340 577.5293 -1084.5502 699.3039 122.5042 -1811.7638 1200.6498 3139.6572 -434.4466 1428.3225 -694.7831 -1500.6462 1965.7053 -101.1063 -1148.4871 1305.7733 -438.9263 464.7974 697.3954 -2166.0449 90.6324 -278.2938 -1939.5460 -963.8374 984.1931 -892.1373 4541.4688 -336.5200 2664.7283 -267.1654 -436.3963 -2921.0505 -637.6955 723.2894 -175.0448 -1458.3000 -268.9312 3050.9814 1625.8567 427.3960 -105.9563 -710.5233 2222.6716 -304.2142 -199.8945 1187.4410 934.1135 -496.8012 -1810.2284 -1786.9232 -735.2006 -571.7289 -1175.6385 -2306.6462 -595.8692 -1071.9194 -1435.4944 68.3183 -482.6305 -732.3186 2302.7236 925.6280 -120.7054 749.4163 -3592.0027 347.0717 682.5297 2022.9585 -147.0730 968.6505 526.6177 1145.6953 -1880.7712 957.9730 1425.2057 3749.4182 467.0764 382.5803 -3761.1409 -908.1024 -1102.3571 1955.7594 852.7778 -726.1883 -1895.3600 -578.7774 -1839.2817 2017.7112 2872.9683 -81.4311 2034.5037 2249.7930 1579.6969 -2109.4788 1767.6714 1195.7797 -790.0897 -12.7457 773.4709 -2760.8660 137.4016 -315.7606 1127.4424 297.1213 966.7234 1426.3945 742.1870 -1854.2056 -2213.1680 615.7104 -2561.8899 767.0933 -2264.5542 -657.8765 310.8764 522.7640 771.9901 914.1982 -3256.5359 206.4480 -879.1591 -390.5718 -1949.4324 -716.5099 -168.3053 1472.9011 2842.1016 2183.8145 1136.9083 -1214.9338 -423.1562 1311.8857 2584.5908 67.0961 -483.1059 -266.5665 229.2579
289.3026 621.3203 -812.7409 -1916.8689 -15.4611 1168.9148 2511.9387 537.1151 1634.1129 2323.7927 -2533.4934 -1486.4622 -2669.0493 -2157.7893 -279.9316 -3024.5503 -583.7721 117.0275 -1114.9956 543.1804 1828.8126 2919.0308 1297.9722 -1712.2938 1815.0031 -218.5251 1001.4936 2531.5330 -1855.2384 1986.5618 -1507.1508 839.0869 -553.5370 -1007.1670 458.7003 -1190.0555 -73.0079 -181.5687 561.5831 544.6949 1040.2710 -3262.4910 -4832.7178 -511.4046 2822.3059 1501.4932 2076.5952 998.6351 -2724.3218 765.4260 -29.2799 -3505.9275 1628.4968 -3136.7307 -1449.4727 -496.1981 -1766.2744 1847.7565 -2225.6338 2359.8208 3598.8774 -439.2752 -962.2944 2186.1223 1767.8949 2560.6426 1539.4955 1319.5022 -1361.3591 1056.5176 1172.9336 2527.9436 -1846.4363 337.0963 570.9011 2935.6150 78.1239 374.8274 -2336.8340 -966.0829 686.1074 435.3344 2930.4880 344.5251 -2833.8921 -1076.6733 -6.5232 -4203.0811 -865.4040 699.9637 -1680.9613 2513.8213 2700.5962 1101.8031 -2455.6929 2984.0605 490.2807 356.8910 39.6167 1299.8103 3314.3047 -1312.6781 -1624.4415 1990.6387 -3158.4741 2027.9961 -1859.8873 342.8001 -3516.5234 -34.9551 589.4249 -2705.9324 -533.9905 1526.9896 -2821.4485 2024.6576 -540.9849 875.7960 -1850.4192 -530.8779 2162.2703 716.7900 431.6504 2851.7324 -1620.7721 3179.6997 -974.9469 -178.0205 1093.0923 -115.3142 -1559.1609 -1249.3282 1694.6011 -2181.8962 -234.0562 -2695.6594 1863.8829 884.3995 -5238.7100 637.3205 -845.5890 782.4996 -441.5372 1694.3044 847.2157 -278.3990 -1541.1475 304.8655 -208.5673 -1717.7858 -819.8734 1232.6622 -2743.2075 3092.0459 357.5927 517.2254 -375.6885 1446.7238 3878.7693 -277.0782 -1448.9679 3079.3301 2201.4270 1844.3777 -751.2693 1410.8112 -909.5665 -159.4238 2356.6609 -1561.7223 -4083.9158 565.1017 -1857.9110 903.6808 1951.9729 -2556.8271 131.4230 1494.0237 -1698.5433 570.9519 -604.6226 -907.1972 2817.4473 -117.8246 362.0253 2522.9348 1253.6521 -1280.1825 1160.5187 -5907.4087 437.6884 -3466.0767 347.5000 567.6837 3799.5732 829.4185 -940.7448 227.7378 1896.9066 349.8504 -3968.5747 -2114.8306 -555.9054 137.8060 924.1921 -2891.1489 395.6085 260.0002 -1544.6105 -1214.9821 646.2099 2354.6777 2324.3792 956.2702 743.6812 1529.1752 3000.4316 775.1284 1394.3396 1867.1863 -88.8268 627.8217 952.4890 -2995.2217 -1203.9375 157.0696 -974.8052 4672.3125 -451.4310 -887.8085 -2631.3972 191.2558 -1259.9396 -684.9588 -1490.2136 2446.3762 -1246.0752 -1853.8776 -4877.1196 -607.5959 -497.6280 4892.3433 1181.1414 1433.8179 -2543.9324 -1109.2581 944.5461 2465.3965 752.7787 2392.4390 -2624.5703 -3737.0281 105.8861 -2646.2957 -2926.3950 -2054.7366 2743.8301 -2299.3640 -1555.4808 1027.7744 16.6410 -1006.0781 3591.2039 -178.6710 410.6813 -1466.5089 -386.5175 -1257.5009 -1855.4049 -965.4683 2411.8828 2878.7327 -800.9498 3332.3555 -997.7883 2945.6482 855.6686 -404.3646 -680.0319 -1004.2118 -1189.0366 4235.9443 -268.5371 1143.5903 508.0362 2535.6355 932.0357 218.9225 -1915.7848 -3696.8027 -2840.6716 -1478.8257 1580.2970 550.4611 -1706.4608 -3361.8333 -87.2982 628.4049 346.7578 -298.2311
-138.9461 -298.4815 390.3860 920.8169 7.4211 -561.4655 -1206.6718 -257.9228 -784.9727 -1116.2517 1216.9929 714.0421 1282.1044 1036.4955 134.4473 1452.8292 280.3934 -56.2314 535.5953 -260.9154 -878.5067 -1402.1908 -623.4911 822.5365 -871.9052 104.9063 -481.1336 -1216.0256 891.1621 -954.2618 723.9659 -403.1039 265.8938 483.8066 -220.3652 571.6459 35.0684 87.1758 -269.7706 -261.6615 -499.6816 1567.1982 2321.4238 245.6933 -1355.6910 -721.2519 -997.5195 -479.6958 1308.6407 -367.7060 14.0238 1684.1191 -782.2604 1506.7360 696.3099 238.3215 848.4426 -887.5837 1069.1049 -1133.5403 -1728.7799 210.9738 462.2737 -1050.1140 -849.2707 -1230.0208 -739.4806 -633.8998 653.9437 -507.5316 -563.3880 -1214.3022 886.8937 -161.9299 -274.2219 -1410.1323 -37.5099 -180.0465 1122.5283 464.0840 -329.5496 -209.1066 -1407.7509 -165.4572 1361.3020 517.1558 3.1536 2018.9655 415.7003 -336.2375 807.5187 -1207.5826 -1297.3024 -529.2453 1179.5891 -1433.4222 -235.4897 -171.4137 -19.0190 -624.3897 -1592.0073 630.5554 780.3278 -956.2234 1517.1705 -974.1508 893.4277 -164.6489 1689.3507 17.0940 -283.1438 1299.7811 256.4845 -733.4768 1355.3285 -972.5462 259.8623 -420.7000 888.8436 255.0092 -1038.7025 -344.3268 -207.3570 -1369.8792 778.5389 -1527.4189 468.2936 85.5041 -525.0913 55.3741 748.9517 600.1596 -814.0336 1048.0786 112.4521 1294.8885 -895.2988 -424.8048 2516.4346 -306.1190 406.2521 -375.8399 212.0693 -813.8645 -407.0154 133.7606 740.3745 -146.4088 100.1734 825.1215 393.8329 -592.1105 1317.7738 -1485.2804 -171.7496 -248.4765 180.4859 -694.9293 -1863.2191 133.1176 696.0468 -1479.1600 -1057.4740 -886.0377 360.8702 -677.6686 436.9316 76.5324 -1132.0695 750.1839 1961.7411 -271.4460 892.4445 -434.1110 -937.6157 1228.2051 -63.1456 -717.6622 815.9318 -274.2528 290.4054 435.7763 -1353.4263 56.6072 -173.8965 -1211.9465 -602.2215 614.9151 -557.4067 2837.6582 -210.2561 1665.0081 -166.9308 -272.7452 -1825.1287 -398.4373 451.8748 -109.4482 -911.2136 -168.0551 1906.3302 1015.8885 267.0862 -66.2022 -443.9618 1388.8209 -190.0878 -124.9571 742.0133 583.6580 -310.3907 -1131.1316 -1116.5621 -459.3436 -357.2621 -734.5272 -1441.3303 -372.3084 -669.7981 -896.9688 42.6221 -301.5670 -457.5420 1438.7463 578.3396 -75.3895 468.2697 -2244.3748 216.8782 426.4654 1263.9958 -91.9278 605.1779 329.0174 715.7793 -1175.1807 598.5630 890.5000 2342.8240 291.8365 239.0182 -2350.0559 -567.4074 -688.7651 1222.0145 532.8004 -453.7815 -1184.2659 -361.6305 -1149.2107 1260.7501 1795.0874 -50.8969 1271.1472 1405.7661 986.9747 -1318.0229 1104.5073 747.1232 -493.6706 -8.0618 483.2807 -1725.0699 85.8688 -197.2955 704.4467 185.6285 604.0351 891.2270 463.7565 -1158.5720 -1382.7705 384.7022 -1600.7087 479.2968 -1414.9507 -411.0121 194.2330 326.6776 482.3831 571.1536 -2034.6813 128.9754 -549.3086 -243.9587 -1218.0168 -447.7245 -105.1680 920.2966 1775.7936 1364.5283 710.3458 -759.0997 -264.4214 819.7315 1614.9185 41.9563 -301.8214 -166.5836 143.2552
40.4839 86.8852 -113.6814 -268.1277 -2.1411 163.5400 351.3251 75.1296 228.5270 325.0288 -354.3189 -207.9240 -373.3252 -301.7740 -39.1711 -423.0218 -81.6697 16.4131 -155.9425 75.9771 255.8225 408.2741 181.5100 -239.5148 253.8640 -30.5642 140.0587 354.0670 -259.5001 277.8738 -210.7998 117.3903 -77.4796 -140.9009 64.1162 -166.4173 -10.2260 -25.3784 78.5173 76.2164 145.5368 -456.3366 -675.9252 -71.5277 394.7792 209.9940 290.4524 139.6637 -381.0300 107.0598 -4.0420 -490.3532 227.7784 -438.7551 -202.7412 -69.4287 -247.0426 258.4308 -311.2697 330.0643 503.3791 -61.5100 -134.6003 305.7505 247.2598 358.1645 215.3380 184.5355 -190.4020 147.7738 164.0701 353.5883 -258.2912 47.1291 79.8398 410.6275 10.9466 52.4308 -326.8192 -135.0774 95.9507 60.9352 409.9107 48.1453 -396.4020 -150.6222 -0.9163 -587.8700 -121.0295 97.9102 -235.1171 351.5959 377.7532 154.0707 -343.5015 417.4217 68.5516 49.9066 5.5610 181.8026 463.5658 -183.6283 -227.1921 278.4482 -441.7931 283.6389 -260.1568 47.9586 -491.8875 -4.9311 82.7393 -378.4464 -74.7040 213.6113 -394.6412 283.1855 -75.7296 122.5039 -258.8214 -74.2392 302.4259 100.2796 60.3898 398.8608 -226.6675 444.7601 -136.3598 -24.9156 152.8527 -16.1131 -218.0800 -174.7219 237.0486 -305.2037 -32.7430 -377.0728 260.7375 123.7067 -732.7238 89.1877 -118.2473 109.4568 -61.7738 236.9502 118.5309 -38.9298 -215.5741 42.6477 -29.1212 -240.2802 -114.6444 172.3925 -383.6809 432.4087 49.9929 72.3412 -52.5613 202.3210 542.5254 -38.7463 -202.6553 430.6902 307.8942 257.9373 -105.0937 197.3347 -127.2501 -22.3176 329.6269 -218.4152 -571.1894 79.0916 -259.9214 126.4213 273.0250 -357.6444 18.3891 208.9147 -237.5682 79.8095 -84.5990 -126.8895 394.0672 -16.4780 50.6137 352.8711 175.3144 -179.0690 162.2776 -826.3076 61.1915 -484.7830 48.5905 79.3975 531.4504 115.9903 -131.5277 31.8657 265.3397 48.8721 -555.1031 -295.7842 -77.7791 19.2458 129.2823 -404.3784 55.3854 36.3747 -216.0198 -169.9548 90.4250 329.3312 325.1218 133.7749 103.9865 213.9104 419.6962 108.4182 195.0358 261.1858 -12.4453 87.8111 133.1989 -418.9241 -168.3990 22.0225 -136.3045 653.5247 -63.1706 -124.1645 -368.0948 26.7498 -176.2279 -95.8131 -208.4558 342.2065 -174.2929 -259.3078 -682.1816 -84.9511 -69.6310 684.2988 165.2182 200.5459 -355.8244 -155.1242 132.0858 344.8377 105.2453 334.6359 -367.0591 -522.6927 14.8152 -370.1162 -409.3379 -287.3881 383.7617 -321.5992 -217.5639 143.7577 2.3274 -140.7061 502.2948 -24.9918 57.4842 -205.1212 -54.0875 -175.9175 -259.4863 -135.0442 337.3349 402.6543 -112.0496 466.1376 -139.5951 411.9915 119.6448 -56.5455 -95.1377 -140.4689 -166.3339 592.4673 -37.6176 159.9365 71.0422 354.6538 130.3828 30.5873 -267.9464 -517.0875 -397.3180 -206.8433 221.0752 76.9685 -238.7228 -470.2432 -12.2171 87.9210 48.5402 -41.6865
320.7526 688.8774 -900.9613 -2125.1572 -17.0982 1295.9491 2784.8750 595.4731 1811.6809 2576.3743 -2808.7720 -1647.9730 -2959.1079 -2392.2527 -310.3374 -3353.1350 -647.1694 129.6692 -1236.1731 602.1328 2027.4299 3236.1924 1439.0160 -1898.3236 2012.2750 -242.2219 1110.2952 2806.6240 -2056.8086 2202.4124 -1670.8429 930.2751 -613.5958 -1116.6110 508.4459 -1319.3311 -80.8980 -201.2308 622.6883 603.8985 1153.1881 -3617.0159 -5357.7891 -566.9915 3128.9666 1664.5735 2302.1565 1107.1331 -3020.3440 848.5950 -32.4885 -3886.8982 1805.4446 -3477.5205 -1607.0265 -550.1116 -1958.2145 2048.5254 -2467.4651 2616.1147 3989.8633 -486.9832 -1066.9279 2423.6655 1960.0449 2838.8479 1706.8254 1462.9432 -1509.2513 1171.3228 1300.3762 2802.6338 -2047.0337 373.7373 632.9391 3254.5674 86.6052 415.5453 -2590.7061 -1071.1063 760.6924 482.6684 3248.9338 381.9549 -3141.7974 -1193.6437 -7.2825 -4659.7783 -959.4630 776.0389 -1863.5920 2786.9136 2994.0447 1221.5042 -2722.5469 3308.2878 543.4901 395.6548 43.9404 1441.0195 3674.3540 -1455.2830 -1800.9496 2206.9072 -3501.6445 2248.3098 -2061.9409 380.0475 -3898.9883 -38.7743 653.4122 -2999.6279 -591.9861 1692.8627 -3127.9854 2244.6167 -599.7579 970.9669 -2051.4612 -588.5684 2397.2344 794.6483 478.5578 3161.6072 -1796.8528 3525.2078 -1080.9124 -197.2785 1211.8312 -127.8292 -1728.5825 -1385.0569 1878.6979 -2418.9363 -259.4511 -2988.5564 2066.4648 980.4532 -5807.9429 706.5004 -937.4495 867.5543 -489.5293 1878.3440 939.3082 -308.6702 -1708.6361 337.9708 -231.1938 -1904.4238 -908.9548 1366.5488 -3041.2671 3428.0134 396.4339 573.4631 -416.5023 1603.9598 4300.2109 -307.2384 -1606.4479 3413.9766 2440.5767 2044.8124 -832.8588 1564.0566 -1008.4119 -176.7290 2612.7151 -1731.4266 -4527.6235 626.4937 -2059.7659 1001.9057 2164.0896 -2834.7109 145.8054 1656.3203 -1883.0876 633.0174 -670.3234 -1005.7722 3123.6023 -130.6839 401.2933 2797.1025 1389.9575 -1419.3040 1286.6230 -6549.3096 485.2633 -3842.6670 385.3030 629.3900 4212.3833 919.5158 -1043.0540 252.5260 2103.0439 387.8485 -4399.7534 -2344.5913 -616.2985 152.7956 1024.6383 -3205.2207 438.6254 288.3631 -1712.4155 -1347.0332 716.4319 2610.5212 2576.9351 1060.2261 824.4458 1695.3064 3326.5083 859.3567 1545.7939 2070.0588 -98.4888 695.9999 1056.0607 -3320.6106 -1334.8011 174.0967 -1080.7242 5179.9409 -500.5273 -984.2739 -2917.2871 212.0664 -1396.8302 -759.4434 -1652.1221 2712.1768 -1381.4440 -2055.2983 -5407.0811 -673.5839 -551.6682 5423.8989 1309.5254 1589.6238 -2820.3418 -1229.7809 1047.2629 2733.2698 834.5983 2652.4548 -2909.7590 -4143.0356 117.4428 -2933.8979 -3244.3899 -2277.9746 3041.9866 -2549.1790 -1724.4529 1139.4487 18.4348 -1115.3987 3981.4163 -198.0442 455.3832 -1625.8741 -428.5160 -1394.1260 -2057.0012 -1070.3983 2673.9749 3191.4834 -887.9337 3694.3936 -1106.1946 3265.7373 948.6213 -448.2456 -753.9967 -1113.3221 -1318.2820 4696.1279 -297.7070 1267.8840 563.2140 2811.1765 1033.2946 242.7333 -2124.0022 -4098.4658 -3149.2361 -1639.5231 1751.9847 610.2018 -1891.8669 -3727.1511 -96.7826 696.6865 384.4483 -330.5803
229.1928 492.1839 -643.7020 -1518.3654 -12.2161 925.9299 1989.6830 425.4707 1294.3402 1840.7240 -2006.8239 -1177.4158 -2114.2292 -1709.1714 -221.7603 -2395.6765 -462.4136 92.6484 -883.2157 430.2099 1448.5472 2312.1733 1028.1031 -1356.3158 1437.6699 -172.9936 793.2982 2005.2222 -1469.5648 1573.5992 -1193.8046 664.6268 -438.4677 -797.7664 363.2872 -942.5955 -57.8124 -143.7891 444.9055 431.4852 823.9597 -2584.2554 -3827.9321 -405.0729 2235.5723 1189.2882 1644.8618 791.0710 -2157.9927 606.2589 -23.1840 -2777.1377 1289.8792 -2484.5725 -1148.1405 -393.0529 -1399.0166 1463.6157 -1762.8734 1869.2014 2850.6443 -347.9962 -762.2736 1731.6135 1400.3842 2028.2841 1219.4303 1045.1699 -1078.3228 836.8483 929.0363 2002.3739 -1462.5365 266.9946 452.2321 2325.2651 61.8820 296.8763 -1850.9988 -765.2421 543.5042 344.8555 2321.2695 272.8865 -2244.7168 -852.8224 -5.1466 -3329.2646 -685.5438 554.4387 -1331.4712 1991.1337 2139.1516 872.7282 -1945.1053 2363.7148 388.3326 282.7234 31.3543 1029.5479 2625.1960 -1039.8046 -1286.7555 1576.7911 -2501.7795 1606.3593 -1473.2051 271.5421 -2785.6804 -27.7069 466.8747 -2143.3750 -422.6795 1209.5020 -2234.8711 1603.6892 -428.5191 693.7281 -1465.6571 -420.5505 1712.7692 567.7429 341.9699 2258.8516 -1283.7719 2518.6201 -772.2113 -141.0031 865.7695 -91.3143 -1234.9974 -989.6020 1342.2681 -1728.3293 -185.4090 -2135.2773 1476.4175 700.5048 -4149.5903 504.7874 -669.7787 619.8376 -349.7635 1342.0262 671.1045 -220.5701 -1220.7853 241.4531 -165.1858 -1360.6708 -649.3599 976.4039 -2172.8813 2449.1943 283.2260 409.7192 -297.5464 1146.0085 3072.3667 -219.4987 -1147.7358 2439.1099 1743.6658 1460.9540 -595.0580 1117.4487 -720.5083 -126.2273 1866.7367 -1237.0399 -3234.8538 447.5922 -1471.5887 715.8010 1546.1798 -2025.3210 104.1608 1183.3577 -1345.4286 452.3040 -478.8686 -718.5621 2231.7236 -93.3431 286.7366 1998.4357 993.0720 -1014.0512 919.2396 -4679.2021 346.7524 -2745.4763 275.2706 449.6731 3009.6008 657.0021 -745.2392 180.4410 1502.5585 277.0749 -3143.5242 -1675.1650 -440.3184 109.1663 732.0969 -2290.0886 313.4273 205.9548 -1223.4148 -962.3751 511.8654 1865.1301 1841.1467 757.5053 589.0275 1211.2726 2376.6626 613.9884 1104.3822 1479.0363 -70.3807 497.2642 754.4952 -2372.4968 -953.7188 124.4173 -772.1732 3700.9089 -357.5745 -703.1887 -2084.2673 151.5056 -998.0170 -542.5718 -1180.4236 1937.7629 -987.0433 -1468.4492 -3863.1548 -481.2619 -394.1280 3875.2065 935.6060 1135.7087 -2015.0558 -878.6291 748.2393 1952.8005 596.2741 1895.0990 -2078.9141 -2960.0894 83.8735 -2096.1506 -2318.0544 -1627.5975 2173.4338 -1821.3099 -1232.0681 814.0720 13.1397 -796.9276 2844.6045 -141.5329 325.3388 -1161.6781 -306.1450 -996.0125 -1469.6021 -764.7360 1910.4686 2280.1960 -634.3992 2639.5581 -790.3764 2333.2456 677.7615 -320.2713 -538.6602 -795.3951 -941.9023 3355.2209 -212.7343 905.7950 402.4171 2008.5186 738.2369 173.3868 -1517.5490 -2928.2310 -2250.0544 -1171.3831 1251.7859 435.9884 -1351.6775 -2662.9070 -69.1309 497.7791 274.6349 -236.1981
260.3161 559.1165 -731.3422 -1724.9540 -13.9343 1051.8971 2260.4077 483.3695 1470.4606 2091.1167 -2279.8259 -1337.6056 -2401.8811 -1941.7245 -251.8978 -2721.7329 -525.2911 105.3070 -1003.4118 488.7813 1645.6440 2626.7637 1167.9791 -1540.8375 1633.3132 -196.6001 901.2512 2278.0259 -1669.5027 1787.6361 -1356.2097 755.1063 -498.0428 -906.3008 412.6975 -1070.8563 -65.6913 -163.3800 505.3865 490.1785 936.0460 -2935.8662 -4348.8354 -460.2234 2539.7671 1351.1700 1868.6022 898.6646 -2451.5073 688.7886 -26.3234 -3154.9236 1465.4813 -2822.6453 -1304.3678 -446.5215 -1589.3716 1662.8198 -2002.7628 2123.5393 3238.5620 -395.3220 -866.0049 1967.2446 1590.8763 2304.2766 1385.3822 1187.4508 -1224.9854 950.7599 1055.5175 2274.8062 -1661.5677 303.3262 513.7788 2641.6169 70.3010 337.3089 -2102.8079 -869.4174 617.5020 391.7591 2637.0986 309.9803 -2550.1863 -968.8502 -5.8781 -3782.2549 -778.7643 629.9252 -1512.6296 2262.1658 2430.2192 991.4909 -2209.8071 2685.2974 441.1619 321.1488 35.6762 1169.6802 2982.4084 -1181.2822 -1461.7795 1791.3242 -2842.2527 1824.9867 -1673.6293 308.5027 -3164.6863 -31.4919 530.3753 -2435.0344 -480.5195 1374.4203 -2538.9675 1821.9067 -486.7913 788.1180 -1665.1283 -477.7126 1945.8015 645.0259 388.4474 2566.1987 -1458.4945 2861.3657 -877.3765 -160.2070 983.5674 -103.7818 -1403.0194 -1124.2531 1524.8876 -1963.4174 -210.6284 -2425.8010 1677.2994 795.8005 -4714.1953 573.4920 -760.8783 704.1707 -397.3289 1524.6774 762.4310 -250.4790 -1386.8615 274.3422 -187.6703 -1545.7657 -737.7054 1109.2646 -2468.5601 2782.4038 321.7487 465.4151 -338.0935 1301.9100 3490.3848 -249.3310 -1303.8657 2771.0347 1980.9432 1659.7174 -676.0272 1269.5217 -818.5623 -143.4806 2120.6963 -1405.3367 -3675.0149 508.5226 -1671.8740 813.2344 1756.5819 -2300.8452 118.3530 1344.3785 -1528.4958 513.8354 -544.0813 -816.3469 2535.3489 -105.9875 325.7214 2270.3293 1128.1543 -1152.0128 1044.3134 -5315.9424 393.9317 -3119.0466 312.7300 510.8799 3419.1252 746.3685 -846.6291 204.9745 1706.9619 314.8025 -3571.2380 -1903.0425 -500.2379 123.9925 831.7258 -2601.6699 356.0485 234.0507 -1389.9399 -1093.3163 581.5270 2118.9475 2091.6479 860.5779 669.1964 1376.0745 2700.0720 697.5264 1254.7311 1680.3145 -79.9651 564.8970 857.2242 -2695.2937 -1083.4025 141.3262 -877.2087 4204.4531 -406.2259 -798.8950 -2367.9060 172.1425 -1133.7963 -616.4561 -1341.0237 2201.4465 -1121.3341 -1668.2676 -4388.8125 -546.7324 -447.8084 4402.5283 1062.9221 1290.3152 -2289.2437 -998.2230 849.9690 2218.5535 677.4423 2152.9526 -2361.8108 -3362.8728 95.3206 -2381.3352 -2633.4238 -1849.0193 2469.1338 -2069.1306 -1399.8053 924.8568 14.9607 -905.3362 3231.6384 -160.8159 369.6122 -1319.6875 -347.8369 -1131.6051 -1669.6195 -868.8562 2170.4463 2590.5620 -720.7290 2998.6841 -897.8810 2650.7087 769.9496 -363.7958 -611.9567 -903.6847 -1070.0958 3811.8057 -241.6603 1029.1090 457.1646 2281.7673 838.6896 196.9987 -1724.0441 -3326.6968 -2556.2012 -1330.7244 1422.0923 495.2495 -1535.6179 -3025.2266 -78.5514 565.4614 312.0543 -268.3122
-239.9559 -515.3315 674.0941 1589.9165 12.8273 -969.5538 -2083.4878 -445.5313 -1355.3624 -1927.4426 2101.3779 1232.9250 2213.8535 1789.7408 232.2467 2508.6321 484.1985 -97.0322 924.8185 -450.5748 -1516.8647 -2421.1934 -1076.5178 1420.2599 -1505.4147 181.2259 -830.7037 -2099.7544 1538.8397 -1647.7142 1250.0797 -696.0176 459.0621 835.3293 -380.3674 987.0031 60.5355 150.5743 -465.8468 -451.8503 -862.8358 2706.0129 4008.4355 424.1837 -2340.9866 -1245.4001 -1722.4125 -828.3519 2259.6890 -634.8874 24.2938 2907.9578 -1350.7822 2601.7190 1202.3064 411.5610 1464.9387 -1532.6223 1846.0170 -1957.2867 -2985.0002 364.3481 798.1848 -1813.2592 -1466.3472 -2123.8877 -1276.8595 -1094.4623 1129.1351 -876.2797 -972.9179 -2096.7563 1531.4689 -279.5934 -473.5412 -2434.8704 -64.7921 -310.9012 1938.2568 801.3071 -569.1354 -361.1169 -2430.6355 -285.7141 2350.5642 893.0505 5.3968 3486.1792 717.8219 -580.5926 1394.1840 -2085.0601 -2239.9846 -913.8441 2036.8385 -2475.0916 -406.6174 -296.0203 -32.8828 -1078.0964 -2748.9763 1088.8143 1347.3658 -1651.0946 2619.6846 -1682.0693 1542.6427 -284.3604 2917.0115 29.0178 -488.8943 2244.3657 442.8934 -1266.5677 2340.5500 -1679.3448 448.7159 -726.3860 1534.7804 440.3447 -1793.5002 -594.5546 -358.0377 -2365.2915 1344.2953 -2637.3206 808.6769 147.6589 -906.5782 95.6247 1293.2157 1036.2191 -1405.5232 1809.7073 194.1846 2235.9062 -1546.0247 -733.5635 4345.1870 -528.5771 701.3146 -649.0702 366.1963 -1405.2990 -702.7083 230.8937 1278.3125 -252.8969 173.0002 1424.7916 679.9848 -1022.4363 2275.3291 -2564.5796 -296.6396 -428.9886 311.6126 -1199.9714 -3217.1919 229.8180 1201.8002 -2554.1140 -1825.8839 -1529.7933 623.0709 -1170.1584 754.4412 132.2108 -1954.7026 1295.3146 3387.3374 -468.7169 1540.9913 -749.5425 -1619.0396 2120.7537 -109.0752 -1239.1357 1408.8378 -473.5786 501.4816 752.3947 -2336.8762 97.7290 -300.2596 -2092.5835 -1039.8064 1061.8450 -962.5518 4899.7915 -363.1053 2874.8518 -288.2355 -470.8496 -3151.5085 -687.9656 780.3486 -188.8768 -1573.3738 -290.1571 3291.6729 1754.1320 461.0596 -114.2910 -766.5603 2398.0652 -328.1501 -215.6340 1281.1327 1007.7562 -536.0025 -1953.0317 -1927.9246 -793.2152 -616.7870 -1268.3596 -2488.6521 -642.9063 -1156.5002 -1548.7395 73.6873 -520.7173 -790.0650 2484.3062 998.5995 -130.2644 808.5448 -3875.3708 374.4407 736.3379 2182.5706 -158.6694 1045.0659 568.1404 1236.0515 -2029.1003 1033.5637 1537.7074 4045.2527 503.9146 412.7447 -4057.9102 -979.6962 -1189.2595 2110.0635 920.0388 -783.4306 -2044.8833 -624.3820 -1984.3513 2176.9219 3099.6309 -87.8171 2194.9529 2427.2554 1704.3243 -2275.8372 1907.1580 1290.1628 -852.4337 -13.7929 834.4674 -2978.6299 148.2129 -340.6435 1216.3760 320.5953 1042.9645 1538.9421 800.8654 -2000.4767 -2387.6831 664.3131 -2763.9460 827.6353 -2443.1807 -709.7672 335.3693 564.0830 832.9026 986.3269 -3513.4304 222.7516 -948.5326 -421.3677 -2103.1895 -773.0477 -181.5593 1589.0975 3066.2656 2356.1028 1226.6017 -1310.7333 -456.5446 1415.4293 2788.4304 72.3652 -521.2380 -287.6182 247.2974
-195.4765 -419.7597 549.0665 1294.9667 10.4317 -789.6644 -1696.9255 -362.8504 -1103.9233 -1569.8842 1711.5432 1004.1887 1803.1343 1457.7277 189.0840 2043.2448 394.3597 -79.0560 753.2740 -366.9056 -1235.4507 -1971.9919 -876.8686 1156.7574 -1226.1731 147.5714 -676.5912 -1710.2114 1253.3141 -1342.0802 1018.1343 -566.8367 373.9326 680.3900 -309.8188 803.9933 49.3142 122.5911 -379.4304 -368.0473 -702.7363 2204.0081 3264.7075 345.4889 -1906.6495 -1014.3759 -1402.8208 -674.6686 1840.4720 -517.0926 19.7968 2368.4602 -1100.1254 2119.0444 979.2274 335.1935 1193.2274 -1248.2883 1503.5040 -1594.1589 -2431.2522 296.7658 650.1277 -1476.8281 -1194.3409 -1729.8617 -1040.0060 -891.4403 919.6381 -713.7568 -792.3886 -1707.7811 1247.3301 -227.7406 -385.7021 -1983.1423 -52.7797 -253.2543 1578.6847 652.6508 -463.5212 -294.1020 -1979.7021 -232.7166 1914.4517 727.3495 4.4464 2839.4429 584.6465 -472.8996 1135.5664 -1698.2461 -1824.4359 -744.3159 1658.9672 -2015.9117 -331.2543 -241.1158 -26.7452 -878.1082 -2239.0210 886.8047 1097.3850 -1344.7888 2133.7002 -1370.0157 1256.4604 -231.6193 2375.8289 23.6114 -398.2076 1828.0225 360.7688 -1031.5264 1906.0801 -1367.4424 365.4589 -591.6460 1250.0396 358.6143 -1460.8071 -484.2469 -291.6483 -1926.4523 1094.9210 -2148.0745 658.6859 120.2413 -738.4380 77.9211 1053.2788 844.0012 -1144.7881 1474.0065 158.1334 1821.1306 -1259.2257 -597.4684 3539.0706 -430.5473 571.2606 -528.6099 298.2616 -1144.5874 -572.3675 188.0929 1041.1838 -205.9728 140.8874 1160.5109 553.8527 -832.7436 1853.1997 -2088.8296 -241.5695 -349.3931 253.8215 -977.3354 -2620.3450 187.1942 978.8291 -2080.3000 -1487.1031 -1245.9712 507.4959 -953.1017 614.4724 107.6869 -1592.0565 1055.0450 2758.8718 -381.7296 1255.0890 -610.4749 -1318.6692 1727.3359 -88.8324 -1009.2982 1147.4390 -385.7388 408.4260 612.8343 -1903.4006 79.5932 -244.5582 -1704.3845 -846.9772 864.8366 -783.9922 3990.7922 -295.6928 2341.5566 -234.7792 -383.5318 -2566.8054 -560.3203 635.5822 -153.8513 -1281.4778 -236.3014 2681.0039 1428.7069 375.5370 -93.0764 -624.3510 1953.1437 -267.3020 -175.6401 1043.4760 820.7770 -436.5197 -1590.7452 -1570.2662 -646.0544 -502.3456 -1033.0413 -2026.9685 -523.6736 -941.9146 -1261.4197 60.0080 -424.0810 -643.4993 2023.4502 813.3564 -106.0592 658.5701 -3156.4207 304.9518 599.7308 1777.6545 -129.2363 851.1693 462.7847 1006.7685 -1652.6487 841.8008 1252.4003 3294.7783 410.4142 336.1791 -3305.0657 -797.9655 -968.6339 1718.5836 749.3757 -638.1451 -1665.4969 -508.5681 -1616.2675 1773.0551 2524.5215 -71.5266 1787.7131 1976.9962 1388.0535 -1853.6554 1553.3392 1050.8436 -694.3007 -11.2183 679.6400 -2426.0598 120.7005 -277.4453 990.6916 261.1386 849.4858 1253.3866 652.2504 -1629.3804 -1944.7339 541.0612 -2251.1931 674.0415 -1989.9404 -578.0245 273.1367 459.4146 678.4103 803.3066 -2861.6050 181.4196 -772.5427 -343.1617 -1712.9695 -629.6257 -147.8754 1294.2849 2497.3867 1919.0079 999.0091 -1067.5743 -371.8531 1152.8054 2271.1448 58.9296 -424.5363 -234.2716 201.4575
260.5146 559.6018 -731.9633 -1726.3594 -13.9014 1052.7185 2262.2532 483.6970 1471.6796 2092.8491 -2281.7092 -1338.7156 -2403.8376 -1943.3962 -252.1854 -2723.9114 -525.7599 105.3632 -1004.2015 489.2060 1646.9705 2628.9602 1168.9462 -1542.1172 1634.6117 -196.7659 901.9843 2279.9695 -1670.8433 1789.1097 -1357.3607 755.6873 -498.5063 -907.0310 413.0436 -1071.7504 -65.6903 -163.4714 505.8208 490.6006 936.8292 -2938.2693 -4352.3154 -460.6107 2541.7878 1352.2454 1870.1382 899.4543 -2453.5574 689.3189 -26.3573 -3157.4614 1466.6240 -2824.9270 -1305.4220 -446.8490 -1590.7068 1664.1119 -2004.3748 2125.2078 3241.1162 -395.6490 -866.6729 1968.8027 1592.2024 2306.1406 1386.4979 1188.3710 -1226.0098 951.5336 1056.4093 2276.7017 -1662.8948 303.5749 514.1732 2643.7886 70.3415 337.5892 -2104.5518 -870.1237 617.9742 392.0713 2639.2021 310.3069 -2552.2234 -969.6058 -5.8866 -3785.3044 -779.4044 630.4164 -1513.8544 2263.9541 2432.1960 992.2739 -2211.5608 2687.4268 441.5278 321.4328 35.7281 1170.6158 2984.8809 -1182.2097 -1462.9617 1792.7406 -2844.5181 1826.4482 -1674.9812 308.7273 -3167.2888 -31.4782 530.8302 -2437.0142 -480.9147 1375.2194 -2540.9805 1823.3851 -486.8574 788.7301 -1666.4767 -478.1215 1947.3967 645.5494 388.7620 2568.2686 -1459.5978 2863.6514 -878.0746 -160.3246 984.3871 -103.8315 -1404.1582 -1125.1296 1526.1116 -1965.0155 -210.7927 -2427.7817 1678.6542 796.4714 -4718.0547 573.9273 -761.5385 704.7118 -397.6659 1525.9078 763.0301 -250.7905 -1388.0352 274.5361 -187.8462 -1547.0183 -738.3467 1110.1139 -2470.5557 2784.7566 322.0549 465.8186 -338.3459 1303.0033 3493.2134 -249.5660 -1304.9452 2773.2815 1982.5935 1661.0405 -676.5590 1270.5422 -819.1699 -143.5959 2122.4319 -1406.4766 -3677.9832 508.9126 -1673.1946 813.8259 1757.9518 -2302.7297 118.4553 1345.5039 -1529.6938 514.2684 -544.4962 -816.9995 2537.4424 -106.0903 326.0529 2272.1802 1129.0980 -1152.9679 1045.1466 -5320.2280 394.2068 -3121.5613 312.9552 511.1737 3421.8855 747.0023 -847.2705 205.1080 1708.3877 315.0194 -3574.1196 -1904.6300 -500.6857 124.1161 832.3442 -2603.8018 356.3180 234.1419 -1391.0610 -1094.2678 581.9640 2120.6123 2093.3550 861.2295 669.7267 1377.1871 2702.2139 698.0895 1255.7366 1681.6323 -80.0299 565.3961 857.8670 -2697.4734 -1084.2838 141.4722 -877.9465 4207.8828 -406.5357 -799.5530 -2369.8711 172.2778 -1134.7029 -616.9333 -1342.1281 2203.1716 -1122.2365 -1669.6230 -4392.3433 -547.1810 -448.1375 4406.0562 1063.7616 1291.3032 -2291.1174 -999.0043 850.6686 2220.3386 677.9718 2154.6426 -2363.7085 -3365.5674 95.3894 -2383.3115 -2635.5466 -1850.4868 2471.1501 -2070.8154 -1400.8485 925.5888 14.9524 -906.0228 3234.2371 -160.9338 369.9188 -1320.7581 -348.0998 -1132.4839 -1670.9730 -869.4944 2172.1482 2592.6211 -721.3314 3001.0991 -898.6319 2652.8811 770.6121 -364.1326 -612.4335 -904.4078 -1070.9850 3814.9006 -241.8407 1029.9386 457.5075 2283.5732 839.4142 197.1684 -1725.4028 -3329.3818 -2558.2988 -1331.8187 1423.2445 495.7093 -1536.7991 -3027.7229 -78.6960 566.0193 312.2553 -268.5574
-132.4616 -284.5759 372.1506 877.8527 7.0412 -535.3182 -1150.3983 -245.9617 -748.3325 -1064.2542 1160.2651 680.7609 1222.3890 988.1981 128.2138 1385.1249 267.3314 -53.5884 510.6603 -248.7700 -837.4561 -1336.8486 -594.3781 784.1718 -831.2327 100.0335 -458.6440 -1159.3420 849.6286 -909.7610 690.2019 -384.2576 253.5105 461.2490 -210.0137 544.9395 33.3542 83.0896 -257.2397 -249.4528 -476.3591 1494.1345 2213.2893 234.2670 -1292.5405 -687.6732 -951.0024 -457.3837 1247.6637 -350.5839 13.3697 1605.6832 -745.7941 1436.4902 663.8102 227.1808 808.8354 -846.2878 1019.2192 -1080.6846 -1648.1917 201.2279 440.7079 -1001.2079 -809.6519 -1172.7339 -705.0457 -604.2680 623.4852 -483.8808 -537.2152 -1157.6906 845.6160 -154.3795 -261.4842 -1344.3273 -35.7461 -171.6834 1070.1915 442.4275 -314.2365 -199.3807 -1342.0780 -157.8353 1297.8098 493.0549 2.9840 1924.8788 396.3508 -320.5696 769.8204 -1151.2656 -1236.8107 -504.5619 1124.6067 -1366.6204 -224.4901 -163.4954 -18.1651 -595.3023 -1517.8182 601.1855 743.9431 -911.6422 1446.4597 -928.7969 851.7667 -156.9503 1610.5470 15.9840 -269.9652 1239.2493 244.5550 -699.3417 1292.1195 -927.2305 247.7253 -400.7910 847.4120 243.1631 -990.2482 -328.2320 -197.7268 -1305.9924 742.2266 -1456.2094 446.4917 81.5624 -500.5703 52.7990 713.9647 572.1672 -776.0157 999.2608 107.2067 1234.5011 -853.5639 -404.9897 2399.1890 -291.8470 387.1711 -358.3849 202.2301 -775.9598 -388.0212 127.5157 705.8757 -139.6263 95.4766 786.6409 375.4098 -564.5300 1256.3074 -1416.0385 -163.7932 -236.8385 172.0101 -662.6098 -1776.3317 126.9232 663.5757 -1410.2336 -1008.1265 -844.6711 344.0398 -646.0708 416.6091 73.0327 -1079.2916 715.2254 1870.3038 -258.7431 850.8554 -413.8841 -893.9394 1170.9131 -60.2194 -684.1736 777.8869 -261.5399 276.8533 415.4424 -1290.2590 53.9780 -165.8262 -1155.4189 -574.1508 586.2778 -531.4509 2705.4155 -200.5123 1587.3590 -159.1490 -260.0205 -1740.0713 -379.8654 430.8501 -104.2974 -868.7424 -160.2101 1817.4578 968.5436 254.5592 -63.1336 -423.2744 1324.0688 -181.2164 -119.0982 707.3483 556.4865 -295.9267 -1078.3893 -1064.5245 -437.9172 -340.6137 -700.2975 -1374.0676 -355.0174 -638.5572 -855.1358 40.7155 -287.5356 -436.2597 1371.6884 551.3713 -71.9196 446.4834 -2139.7244 206.7894 406.5397 1205.0704 -87.6118 577.0076 313.6916 682.5104 -1120.3302 570.6579 849.0128 2233.5632 278.2655 227.8763 -2240.5417 -540.9257 -656.6459 1165.0460 508.0160 -432.5738 -1129.1154 -344.7781 -1095.6854 1201.9932 1711.4353 -48.5272 1211.9210 1340.1813 941.0195 -1256.6404 1053.0201 712.3965 -470.6440 -7.6452 460.7755 -1644.6643 81.8430 -188.1083 671.6279 177.0358 575.8585 849.6826 442.1867 -1104.5922 -1318.4204 366.8010 -1526.1029 456.9530 -1349.0170 -391.8618 185.1786 311.4206 459.8787 544.6077 -1939.9048 122.9792 -523.7327 -232.6308 -1161.2732 -426.8642 -100.2273 877.3840 1693.0339 1300.9215 677.2617 -723.7157 -252.0248 781.5065 1539.6144 39.9980 -287.7917 -158.8091 136.5526
-60.6634 -130.2150 170.3746 401.7671 3.3008 -245.0187 -526.5085 -112.5788 -342.5386 -487.0679 531.0394 311.5411 559.4166 452.2804 58.6331 633.9328 122.3394 -24.5167 233.7087 -113.8185 -383.2820 -611.8254 -272.0657 358.9091 -380.4310 45.7926 -209.9529 -530.6062 388.8561 -416.3902 315.8955 -175.8809 116.0047 211.1138 -96.1326 249.4543 15.3146 38.0250 -117.7186 -114.1911 -218.0069 683.8117 1012.9446 107.1926 -591.5418 -314.7311 -435.2456 -209.3095 570.9659 -160.3774 6.1735 734.8469 -341.3665 657.4520 303.8034 103.9773 370.2116 -387.3013 466.4824 -494.6640 -754.3115 92.0766 201.7193 -458.2694 -370.5209 -536.7016 -322.7021 -276.6129 285.3126 -221.4163 -245.8404 -529.8350 386.9914 -70.6388 -119.7122 -615.2625 -16.3197 -78.5808 489.8045 202.5283 -143.8317 -91.2028 -614.2299 -72.2294 593.9932 225.6437 1.3889 881.0021 181.3878 -146.7634 352.3158 -526.9145 -566.0587 -230.9162 514.7138 -625.4622 -102.7883 -74.7923 -8.2983 -272.4772 -694.6772 275.1887 340.4798 -417.2321 662.0357 -425.1129 389.8242 -71.8404 737.1722 7.3266 -123.5323 567.1915 111.9426 -320.0370 591.4046 -424.3699 113.3893 -183.5468 388.1505 111.2402 -453.2589 -150.2336 -90.4822 -597.7159 339.7600 -666.4545 204.3872 37.3244 -229.1593 24.1949 326.8029 261.8383 -355.1949 457.2910 49.0589 565.0181 -390.6585 -185.3378 1098.0548 -133.5575 177.2299 -164.0121 92.5311 -355.1789 -177.5616 58.3411 323.0485 -63.8845 43.7041 360.0527 171.7977 -258.3953 574.9768 -648.1030 -74.9658 -108.4016 78.7581 -303.2256 -812.9849 58.0395 303.6833 -645.4523 -461.3742 -386.6061 157.4598 -295.7276 190.6259 33.4011 -493.9402 327.3787 855.9924 -118.4613 389.3913 -189.3820 -409.1111 535.8911 -27.5341 -313.1528 356.0018 -119.6728 126.7357 190.1207 -590.5557 24.6718 -75.8840 -528.8386 -262.7831 268.2896 -243.2353 1238.2214 -91.7436 726.5334 -72.8900 -118.9858 -796.4168 -173.8199 197.2026 -47.7702 -397.5645 -73.3102 831.8138 443.2706 116.5676 -28.8457 -193.7366 605.9377 -82.9302 -54.5122 323.7733 254.6835 -135.4486 -493.5495 -487.1836 -200.4293 -155.8716 -320.5028 -628.9148 -162.4498 -292.2526 -391.3718 18.6350 -131.5985 -199.6652 627.7810 252.3645 -32.8906 204.2962 -979.3141 94.5968 186.0934 551.5220 -40.0817 264.0988 143.6257 312.3615 -512.7269 261.1607 388.5929 1022.2825 127.3364 104.3109 -1025.4216 -247.5925 -300.5040 533.2363 232.5169 -197.9695 -516.7590 -157.7958 -501.4992 550.1086 783.2581 -22.2290 554.6639 613.3621 430.6686 -575.1414 481.9707 326.0131 -215.4467 -3.4834 210.8552 -752.7130 37.4618 -86.0983 307.4251 81.0228 263.5878 388.8932 202.3557 -505.5312 -603.3900 167.8906 -698.4521 209.1542 -617.4313 -179.3254 84.7087 142.5605 210.5110 249.2453 -887.8275 56.3007 -239.7101 -106.4700 -531.4338 -195.3483 -45.8886 401.5674 774.8743 595.3893 309.9374 -331.2083 -115.4036 357.6851 704.6497 18.3221 -131.7000 -72.7091 62.4889
463.3583 995.1903 -1301.6825 -3070.2837 -24.7688 1872.3318 4023.4285 860.2842 2617.3838 3722.0981 -4057.9048 -2380.8645 -4275.1519 -3456.1482 -448.4115 -4844.5000 -935.0419 187.4374 -1785.9521 870.0026 2929.1785 4675.5020 2078.9121 -2742.6008 2907.1284 -349.9548 1604.1388 4054.8054 -2971.5935 3181.9436 -2413.9543 1344.0143 -886.5524 -1613.2434 734.6130 -1906.0750 -116.8763 -290.7502 899.5427 872.4572 1666.1438 -5225.5972 -7740.6021 -819.1879 4520.5562 2404.9333 3326.0525 1599.5254 -4363.5723 1226.0095 -46.8950 -5615.5244 2608.4102 -5024.1030 -2321.7397 -794.7601 -2829.0103 2959.6025 -3564.8035 3779.7327 5764.3940 -703.6362 -1541.3965 3501.6289 2831.6812 4101.4336 2465.8660 2113.5151 -2180.4863 1692.2307 1878.6927 4049.0625 -2957.4307 539.9602 914.4420 4701.9727 125.1602 600.4060 -3742.9556 -1547.4166 1099.0281 697.2984 4693.7935 551.8240 -4539.1216 -1724.5175 -10.4797 -6732.2095 -1386.1892 1121.1929 -2692.3965 4026.4226 4325.6372 1764.7932 -3933.3079 4779.6724 785.2092 571.6191 63.4981 2081.9470 5308.5142 -2102.5557 -2601.8914 3188.4043 -5058.9448 3248.2766 -2978.9453 549.0353 -5633.0020 -56.0423 944.0402 -4334.1836 -855.3369 2445.7883 -4519.1616 3242.9282 -866.4557 1402.7947 -2963.8447 -850.0082 3463.4250 1148.0790 691.4338 4567.7192 -2596.0095 5092.9912 -1561.5863 -285.0980 1750.7714 -184.7148 -2497.3091 -2001.0859 2714.2009 -3494.7417 -374.9400 -4317.7393 2985.4543 1416.5237 -8390.9355 1020.7267 -1354.3341 1253.3864 -707.2124 2713.8110 1357.0100 -445.9093 -2468.5435 488.2888 -334.0609 -2751.3760 -1313.1433 1974.3468 -4393.8691 4952.5332 572.7906 828.4171 -601.7804 2317.3118 6212.6592 -443.7862 -2320.7942 4932.2754 3525.9871 2954.1929 -1203.3173 2259.6985 -1456.8625 -255.3637 3774.6990 -2501.4104 -6541.2861 905.1599 -2975.8030 1447.4785 3126.5391 -4095.3569 210.6089 2392.9348 -2720.5918 914.5334 -968.4093 -1453.0100 4512.7695 -188.7263 579.9134 4041.0527 2008.0204 -2050.5278 1858.7478 -9462.0586 701.0754 -5551.6958 556.6656 909.2998 6085.8530 1328.5255 -1506.8835 364.7848 3038.3652 560.3325 -6356.5132 -3387.3789 -890.3904 220.7272 1480.3037 -4630.7886 633.7492 416.4559 -2474.0132 -1946.1123 1035.0879 3771.5491 3723.0171 1531.7103 1191.1268 2449.3035 4805.9131 1241.5461 2233.2944 2990.7739 -142.2879 1005.5261 1525.7063 -4797.4585 -1928.4028 251.5169 -1561.3967 7483.7129 -723.1400 -1421.9757 -4214.7314 306.4322 -2018.0024 -1097.2063 -2386.9380 3918.4150 -1995.9142 -2969.4180 -7811.8286 -973.1851 -797.0416 7836.1816 1891.9458 2296.6150 -4074.6819 -1776.7263 1512.9055 3948.8635 1205.7391 3832.0491 -4203.8428 -5985.6772 169.6379 -4238.6528 -4687.3184 -3291.1228 4394.8931 -3682.8857 -2491.4404 1646.0939 26.6912 -1611.4814 5752.0908 -286.2333 657.8765 -2349.0144 -619.1080 -2014.1443 -2971.7954 -1546.4288 3863.1484 4610.9624 -1282.9072 5337.5054 -1598.1733 4718.0762 1370.4927 -647.6278 -1089.2383 -1608.4462 -1904.6201 6784.7529 -430.1106 1831.7484 813.7506 4061.3848 1492.8350 350.6597 -3068.6604 -5921.2441 -4549.8579 -2368.6394 2531.1372 881.5894 -2733.3367 -5384.7222 -139.8344 1006.4905 555.4608 -477.5896
112.0733 240.5817 -314.7346 -742.2386 -5.9745 452.6219 972.7234 208.0187 632.7054 899.8802 -981.0453 -575.6053 -1033.5422 -835.5583 -108.4002 -1171.1516 -226.0516 45.2600 -431.7198 210.3295 708.0947 1130.3447 502.6151 -663.0553 702.8123 -84.6398 387.8317 980.2918 -718.3752 769.2677 -583.5419 324.9498 -214.3016 -389.9742 177.5780 -460.7927 -28.2559 -70.3292 217.5038 210.9684 402.7759 -1263.3438 -1871.3314 -197.9943 1092.8480 581.4045 804.1034 386.7394 -1054.9249 296.3822 -11.3598 -1357.5946 630.6191 -1214.5667 -561.2708 -192.1411 -683.9583 715.5050 -861.8293 913.7844 1393.5414 -170.1035 -372.6352 846.5053 684.5593 991.5851 596.1287 510.9572 -527.1448 409.1281 454.1951 978.8825 -715.0164 130.5308 221.0757 1136.7288 30.2455 145.1333 -904.8264 -374.1230 265.7106 168.5742 1134.7445 133.3818 -1097.3259 -416.9146 -2.5727 -1627.5266 -335.1435 271.0515 -650.8901 973.4104 1045.7554 426.6357 -950.9258 1155.4873 189.8019 138.2039 15.3072 503.3341 1283.3558 -508.2753 -629.0471 770.7787 -1223.0280 785.2542 -720.1812 132.7640 -1361.8402 -13.5273 228.2147 -1047.8187 -206.7785 591.2709 -1092.5295 783.9896 -209.4614 339.1360 -716.5234 -205.5658 837.5537 277.5086 167.1273 1104.2606 -627.5550 1231.2537 -377.5452 -68.9437 423.2517 -44.6737 -603.7427 -483.7114 656.1935 -844.8856 -90.6312 -1043.8634 721.7816 342.4467 -2028.5492 246.7616 -327.4459 302.9902 -170.9688 656.0669 328.0758 -107.8053 -596.7788 117.9922 -80.7579 -665.2018 -317.5083 477.3069 -1062.2041 1197.2990 138.4952 200.2452 -145.5006 560.1571 1501.9481 -107.3186 -561.0621 1192.3887 852.3842 714.1569 -290.8796 546.3058 -352.1776 -61.7211 912.5974 -604.7603 -1581.3708 218.8453 -719.4056 349.9464 755.8956 -990.1236 50.9167 578.5145 -657.7176 221.0809 -234.1044 -351.3099 1090.9824 -45.6235 140.1925 976.9210 485.4800 -495.7348 449.3890 -2287.4504 169.4775 -1342.1217 134.5759 219.7861 1471.2721 321.1541 -364.3279 88.1813 734.5450 135.4848 -1536.7637 -818.9069 -215.2780 53.3394 357.8321 -1119.5134 153.1837 100.6749 -598.0742 -470.4629 250.2248 911.7858 900.0858 370.3286 287.9355 592.1821 1161.8322 300.1522 539.9164 722.9658 -34.4011 243.1034 368.8141 -1159.8286 -466.1878 60.7876 -377.4557 1809.2041 -174.7298 -343.7543 -1018.9579 74.0656 -487.8830 -265.2733 -577.0416 947.2703 -482.4644 -717.8771 -1888.5455 -235.2684 -192.7052 1894.4335 457.4001 555.1794 -985.0837 -429.5315 365.7645 954.6523 291.4986 926.4545 -1016.2721 -1447.0042 41.0058 -1024.6857 -1133.2157 -795.6529 1062.4640 -890.4190 -602.3297 397.9849 6.4448 -389.5595 1390.6093 -69.1744 159.0645 -567.8691 -149.7407 -486.9337 -718.4041 -373.8878 933.9333 1114.7256 -310.1355 1290.3618 -386.3366 1140.6436 331.3148 -156.5457 -263.3724 -388.8379 -460.4934 1640.2296 -103.9928 442.8474 196.7161 981.8716 360.9114 84.7430 -741.8585 -1431.5143 -1099.9482 -572.6693 611.9499 213.1333 -660.7632 -1301.8370 -33.7988 243.3251 134.3192 -115.4504
174.1633 374.0447 -489.2000 -1153.8506 -9.2845 703.6525 1512.0431 323.3516 983.7017 1398.8906 -1525.0724 -894.7511 -1606.7252 -1298.8749 -168.5022 -1820.6461 -351.4211 70.4307 -671.2172 326.9576 1100.8724 1757.1514 781.3187 -1030.6914 1092.6041 -131.5270 602.8640 1523.9116 -1116.8164 1195.8458 -907.2242 505.0893 -333.2245 -606.2636 276.1229 -716.3715 -43.9331 -109.2463 338.0712 327.8940 626.1560 -1963.9276 -2909.0947 -307.8224 1698.9698 903.8298 1250.0265 601.1658 -1639.9799 460.7264 -17.6313 -2110.4709 980.3038 -1888.1521 -872.5425 -298.6949 -1063.1890 1112.3258 -1339.7424 1420.5526 2166.4041 -264.4296 -579.2981 1315.9622 1064.2444 1541.4357 926.7279 794.3554 -819.4904 635.9910 706.0543 1521.7034 -1111.4816 202.8832 343.6315 1767.1646 47.0153 225.5865 -1406.6820 -581.5737 413.0406 262.0402 1764.0739 207.3887 -1705.9434 -648.1475 -3.9346 -2530.0916 -520.9173 421.3944 -1011.9142 1513.2382 1625.7128 663.2290 -1478.2163 1796.3126 295.1406 214.7942 23.8494 782.4525 1995.0817 -790.1800 -977.9077 1198.2948 -1901.2567 1220.7617 -1119.6154 206.3428 -2117.0049 -20.9956 354.8501 -1628.8927 -321.4340 919.1730 -1698.4138 1218.7845 -325.6266 527.1973 -1113.8483 -319.5487 1301.6396 431.7601 259.8999 1716.6240 -975.6284 1914.0608 -586.8630 -107.1309 657.9985 -69.4044 -938.5518 -752.1080 1020.1016 -1313.4281 -140.9256 -1622.7316 1121.9432 532.3540 -3153.4968 383.6045 -509.0526 471.0380 -265.8018 1019.8945 510.0249 -167.6130 -927.7198 183.4634 -125.4974 -1034.0553 -493.5066 741.9704 -1651.2911 1861.3024 215.2254 311.3777 -226.1973 870.8683 2334.8896 -166.8397 -872.1985 1853.6414 1325.1384 1110.2231 -452.2599 849.1722 -547.5164 -95.9603 1418.6620 -940.1139 -2458.3657 340.1590 -1118.3820 544.0067 1175.0424 -1539.1273 79.1550 899.3669 -1022.5198 343.7497 -363.9504 -546.1167 1696.0007 -70.9494 217.9054 1518.7285 754.7038 -770.6619 698.5679 -3556.0703 263.4694 -2086.4731 209.1714 341.7391 2287.2219 499.2819 -566.3470 137.1159 1141.8573 210.5561 -2388.9780 -1273.0394 -334.6179 82.9467 556.3419 -1740.3102 238.1917 156.5234 -929.7596 -731.3987 389.0250 1417.4663 1399.2279 575.6712 447.6867 920.4764 1806.1901 466.5663 839.3120 1124.0253 -53.4673 377.8688 573.4160 -1803.0215 -724.7303 94.5385 -586.8016 2812.5305 -271.7792 -534.4092 -1583.9741 115.1707 -758.4495 -412.2993 -897.0366 1472.6439 -750.0720 -1115.9747 -2935.8777 -365.7481 -299.5107 2945.0469 711.0555 863.1219 -1531.3602 -667.6931 568.6059 1484.0957 453.1643 1440.2137 -1579.8617 -2249.5894 63.7947 -1593.0093 -1761.6329 -1236.9303 1651.6875 -1384.1182 -936.3503 618.6689 10.0200 -605.6389 2161.8086 -107.5698 247.2492 -882.7879 -232.7113 -756.9631 -1116.8851 -581.2166 1451.8518 1732.8856 -482.1213 2005.9824 -600.6388 1773.1968 515.0463 -243.3478 -409.3229 -604.4985 -715.7855 2549.8027 -161.6383 688.3687 305.8156 1526.3801 561.0652 131.7529 -1153.2513 -2225.3374 -1709.9042 -890.2346 951.2601 331.3379 -1027.2377 -2023.7366 -52.5430 378.2958 208.7232 -179.4967
-65.2534 -140.1108 183.3289 432.2399 3.4976 -263.6484 -566.5069 -121.1396 -368.5187 -524.1138 571.3310 335.1858 601.9482 486.6121 63.1613 682.0585 131.6365 -26.4137 251.4505 -122.5199 -412.4181 -658.3273 -292.7053 386.1759 -409.3301 49.2590 -225.8833 -570.8920 418.4229 -448.0185 339.8779 -189.1994 124.8184 227.1394 -103.3865 268.4356 16.4547 40.9288 -126.6597 -122.9237 -234.5840 735.7713 1089.8391 115.2919 -636.4885 -338.6398 -468.2420 -225.2343 614.3718 -172.6120 6.6079 790.6450 -367.2664 707.4373 326.8972 111.8714 398.3227 -416.7023 501.8902 -532.2089 -811.5281 99.0949 217.0202 -492.9872 -398.6724 -577.4847 -347.2098 -297.5638 306.9593 -238.2591 -264.5542 -570.0974 416.3742 -76.0464 -128.7288 -662.0023 -17.6680 -84.5001 526.9866 217.8392 -154.7604 -98.2320 -660.8588 -77.6752 639.1013 242.7904 1.5056 947.8823 195.1637 -157.8425 379.0640 -566.9359 -609.0605 -248.4344 553.8365 -672.9199 -110.5939 -80.4646 -8.9441 -293.1226 -747.4749 296.0477 366.3602 -448.9178 712.2903 -457.3845 419.4332 -77.3377 793.1043 7.9414 -132.9084 610.2506 120.4193 -344.3460 636.2787 -456.5518 121.9655 -197.5008 417.2838 119.6862 -487.6599 -161.6177 -97.0263 -643.1187 365.4716 -717.0978 219.8562 40.2056 -246.5354 26.0589 351.6220 281.7112 -382.2476 492.0620 52.7454 607.9767 -420.3765 -199.4633 1181.4387 -143.7233 190.6643 -176.4680 99.5919 -382.1151 -191.0879 62.7704 347.5234 -68.7724 47.0538 387.4158 184.8368 -277.9743 618.6144 -697.3049 -80.6059 -116.6471 84.6754 -326.2628 -874.6848 62.4482 326.7327 -694.4660 -496.4768 -415.9411 169.4279 -318.1514 205.1272 35.9777 -531.5195 352.2194 921.0118 -127.4564 418.9408 -203.7325 -440.1700 576.6163 -29.6705 -336.8900 383.0100 -128.7546 136.3455 204.5962 -635.3958 26.5518 -81.6345 -569.0052 -282.7306 288.7096 -261.6804 1332.2853 -98.6732 781.6445 -78.4101 -127.9903 -856.8768 -187.0627 212.1651 -51.3524 -427.8074 -78.8677 894.9323 476.9322 125.4365 -31.0084 -208.3929 651.9747 -89.2326 -58.6230 348.3127 274.0357 -145.7352 -530.9753 -524.1595 -215.6604 -167.6520 -344.8723 -676.6328 -174.8353 -314.4309 -421.1033 20.0309 -141.5807 -214.8109 675.4707 271.5343 -35.4347 219.8260 -1053.6514 101.7766 200.2148 593.4545 -43.1250 284.1724 154.5251 336.1072 -551.7253 281.0735 418.1180 1099.8741 137.0094 112.2474 -1103.3593 -266.4102 -323.3806 573.7427 250.1565 -212.9839 -555.9749 -169.7862 -539.5543 591.8555 842.7688 -23.8166 596.8201 659.9700 463.3828 -618.7991 518.5990 350.8006 -231.8008 -3.7580 226.8253 -809.8419 40.3106 -92.6259 330.7924 87.1760 283.6016 418.3945 217.7181 -543.8937 -649.2010 180.6279 -751.5284 224.9967 -664.2780 -192.9366 91.1543 153.3713 226.5078 268.2510 -955.3066 60.5725 -257.8905 -114.5516 -571.8334 -210.1738 -49.3489 432.0685 833.7170 640.6060 333.5236 -356.4002 -124.1310 384.8260 758.1744 19.6514 -141.7244 -78.2138 67.2234
-66.0535 -141.8355 185.5405 437.5961 3.5446 -266.8953 -573.4318 -122.6536 -373.0418 -530.4513 578.3488 339.2932 609.2959 492.5787 63.9193 690.4390 133.2482 -26.6740 254.5064 -123.9483 -417.4812 -666.3423 -296.2801 390.8465 -414.3403 49.8844 -228.6382 -577.8959 423.5163 -453.4976 344.0231 -191.5372 126.2975 229.8958 -104.7425 271.6813 16.6898 41.4689 -128.2228 -124.3531 -237.4497 744.7252 1103.2305 116.7477 -644.2681 -342.8153 -474.0309 -227.9285 621.8807 -174.7539 6.6886 800.3442 -371.7852 716.0305 330.8549 113.2611 403.1905 -421.8326 508.1288 -538.7728 -821.5753 100.2581 219.6989 -499.0982 -403.6201 -584.5560 -351.4698 -301.2898 310.7748 -241.1702 -267.7878 -577.0744 421.5042 -76.9539 -130.3374 -670.1530 -17.8220 -85.5785 533.4297 220.5486 -156.6448 -99.4056 -669.0027 -78.6238 646.9388 245.7517 1.4550 959.4362 197.5659 -159.8400 383.7218 -573.8763 -616.4634 -251.5565 560.5902 -681.1652 -111.8929 -81.4382 -9.0483 -296.7333 -756.5771 299.6446 370.8176 -454.4015 721.0193 -462.9409 424.5843 -78.2673 802.8561 8.0068 -134.5585 617.6744 121.9126 -348.5746 644.0909 -462.2046 123.5046 -199.9397 422.4018 121.1994 -493.5783 -163.5900 -98.5511 -650.6631 370.0504 -725.8380 222.6084 40.6150 -249.5212 26.3278 355.9442 285.2151 -386.8414 498.0472 53.4678 615.3704 -425.5106 -201.8719 1195.8663 -145.4954 193.0370 -178.6024 100.7496 -386.7621 -193.4311 63.5526 351.8165 -69.5894 47.6243 392.1161 187.1374 -281.4108 626.2440 -705.8646 -81.5841 -118.0439 85.8297 -330.2820 -885.4273 63.2357 330.7325 -702.9767 -502.5195 -421.0589 171.4915 -322.0843 207.6612 36.3782 -538.0289 356.5190 932.3204 -129.0118 424.1280 -206.3337 -445.5591 583.7188 -29.9941 -341.0719 387.7572 -130.3384 138.0194 207.0874 -643.1854 26.8481 -82.6450 -575.9373 -286.1992 292.1748 -264.9283 1348.5652 -99.9192 791.2707 -79.3640 -129.5795 -867.3470 -189.3441 214.7581 -51.9872 -433.0216 -79.8635 905.9751 482.7346 126.9017 -31.4617 -211.0014 659.9615 -90.3302 -59.3826 352.6261 277.3754 -147.5804 -537.5280 -530.5795 -218.3347 -169.7962 -349.0447 -684.9521 -176.9479 -318.2894 -426.2290 20.2811 -143.3202 -217.4436 683.7810 274.8879 -35.8217 222.5298 -1066.6000 103.0479 202.6695 600.6973 -43.6655 287.6291 156.3674 340.1817 -558.4739 284.4402 423.2080 1113.3857 138.7077 113.5785 -1116.8865 -269.6811 -327.3513 580.7515 253.2323 -215.6111 -562.8170 -171.9036 -546.1779 599.1052 853.1040 -24.1765 604.1093 668.0753 469.0693 -626.3872 524.9170 355.0811 -234.6122 -3.7596 229.6849 -819.7719 40.7739 -93.7421 334.7900 88.2305 287.0911 423.5535 220.3756 -550.6041 -657.1918 182.8407 -760.7443 227.7600 -672.4178 -195.3242 92.2790 155.2728 229.2817 271.4508 -966.9821 61.2799 -261.0607 -116.0080 -578.8184 -212.7512 -49.9776 437.3664 843.8991 648.4255 337.6257 -360.7314 -125.6267 389.5710 767.4564 19.9559 -143.4806 -79.1836 68.0536
42.2248 90.5978 -118.5658 -279.6594 -2.2380 170.5545 366.3999 78.3472 238.3686 339.0300 -369.5742 -216.8570 -389.3840 -314.7441 -40.8672 -441.2267 -85.1863 17.0830 -162.6499 79.2516 266.7911 425.7891 189.3513 -249.7567 264.7790 -31.9008 146.0995 369.3314 -270.6565 289.8050 -219.8756 122.3910 -80.7613 -146.9398 66.9244 -173.6293 -10.6529 -26.5373 81.9368 79.4738 151.7512 -475.9506 -704.9691 -74.5780 411.6983 219.0381 302.9360 145.6646 -397.4182 111.6236 -4.2715 -511.4454 237.5786 -457.6051 -211.3893 -72.3625 -257.6257 269.5331 -324.6768 344.2980 525.0363 -64.0905 -140.3985 318.9097 257.9042 373.5625 224.6111 192.5091 -198.6027 154.1070 171.1424 368.7686 -269.3591 49.1551 83.3078 428.2513 11.4226 54.6971 -340.8881 -140.9403 100.1082 63.4877 427.4844 50.2298 -413.3555 -157.0642 -0.9086 -613.1115 -126.2307 102.1127 -245.1859 366.7272 393.9455 160.7468 -358.2436 435.3088 71.5773 52.0256 5.8014 189.6359 483.5064 -191.4884 -236.9661 290.4094 -460.7589 295.8549 -271.3200 50.0096 -513.0126 -5.1239 85.9790 -394.7367 -77.8845 222.7754 -411.6069 295.3177 -78.9282 127.7497 -269.9443 -77.4181 315.4557 104.5285 62.9985 416.0399 -236.1077 463.8294 -142.2779 -25.9902 159.4350 -16.8657 -227.4635 -182.2678 247.2551 -318.2917 -34.1176 -393.2596 271.9092 129.0058 -764.2025 92.9819 -123.3279 114.1600 -64.3792 247.1970 123.5864 -40.5953 -224.8061 44.4848 -30.4314 -250.5820 -119.6004 179.8220 -400.1694 451.0671 52.1366 75.4631 -54.8312 211.0322 565.7933 -40.4321 -211.3821 449.1911 321.1314 269.0270 -109.6090 205.7794 -132.6764 -23.3234 343.8261 -227.7929 -595.7694 82.4329 -271.0166 131.8346 284.7038 -372.9654 19.1668 217.9744 -247.7911 83.3112 -88.2090 -132.3505 411.0054 -17.1466 52.8036 368.0644 182.9139 -186.7481 169.3654 -861.8145 63.8702 -505.6422 50.6858 82.7835 554.3154 120.9952 -137.2080 33.2238 276.7351 50.9992 -578.9630 -308.4779 -81.1120 20.0870 134.8399 -421.7287 57.7419 37.9234 -225.2816 -177.2428 94.2869 343.4951 339.0601 139.5080 108.4981 223.1032 437.6913 113.1292 203.3896 272.4079 -12.9735 91.5482 138.9293 -436.9621 -175.6283 22.9079 -142.2060 681.6028 -65.8294 -129.5249 -383.8554 27.8963 -183.7992 -99.9145 -217.3631 356.8649 -181.7620 -270.4793 -711.4885 -88.6173 -72.5787 713.7245 172.3302 209.1761 -371.1631 -161.8069 137.7831 359.6621 109.8131 349.0330 -382.8570 -545.1472 15.4651 -386.0511 -426.9077 -299.7530 400.2595 -335.4876 -226.9531 149.9378 2.3878 -146.8049 523.9064 -26.0472 59.9082 -213.9312 -56.4160 -183.4324 -270.6708 -140.8401 351.8459 419.9912 -116.8518 486.1399 -145.5782 429.7161 124.8157 -58.9939 -99.2059 -146.5231 -173.4992 617.9399 -39.1946 166.8519 74.0974 369.9077 135.9413 31.9457 -279.4314 -539.3049 -414.4015 -215.7517 230.5450 80.2832 -248.9330 -490.4322 -12.7482 91.6529 50.5724 -43.4975
45.6521 98.0221 -128.2241 -302.4866 -2.4663 184.4156 396.3462 84.7494 257.8080 366.6524 -399.7220 -234.5648 -421.1321 -340.4627 -44.1999 -477.1946 -92.1248 18.4288 -175.8969 85.7300 288.5796 460.5827 204.8014 -270.1853 286.3739 -34.4761 158.0679 399.4478 -292.7533 313.4038 -237.8246 132.4189 -87.3147 -158.8714 72.3420 -187.7711 -11.5125 -28.6440 88.5996 85.9727 164.1789 -514.7469 -762.5497 -80.7212 445.3417 236.9148 327.6505 157.5837 -429.8755 120.7832 -4.6545 -553.2050 256.9687 -494.9104 -228.7362 -78.3230 -278.6768 291.5926 -351.1469 372.3202 567.8290 -69.2915 -151.8400 344.9225 278.9866 404.0245 242.8760 208.1930 -214.7764 166.6999 185.0819 398.8822 -291.3714 53.1702 90.0289 463.1773 12.3372 59.1586 -368.7088 -152.4324 108.2538 68.7244 462.3633 54.3333 -447.1720 -169.9068 -1.0151 -663.2034 -136.5606 110.4148 -265.2555 396.6476 426.1288 173.8000 -387.4894 470.8380 77.3139 56.2908 6.2145 205.0777 522.9183 -207.0995 -256.3099 314.1245 -498.3451 319.9602 -293.4291 54.0794 -554.8813 -5.4965 93.0179 -426.9501 -84.2311 240.9902 -445.1851 319.4715 -85.3824 138.1600 -291.9401 -83.7749 341.2013 113.1271 68.0992 449.9479 -255.7532 501.9593 -153.8363 -28.0723 172.4820 -18.2046 -246.0536 -197.1121 267.3967 -344.3246 -36.9055 -425.3239 294.1201 139.5829 -826.6119 100.5540 -133.4252 123.4350 -69.6834 267.3387 133.6554 -43.9252 -243.1645 48.1053 -32.9318 -271.0479 -129.3291 194.5068 -432.8436 487.8761 56.4631 81.5961 -59.2525 228.2778 612.0444 -43.6225 -228.6351 485.8400 347.3426 291.0355 -118.5608 222.5805 -143.5154 -25.1338 371.8654 -246.4125 -644.4009 89.1601 -293.1947 142.6202 308.0247 -403.4441 20.7594 235.6586 -267.9997 90.1024 -95.4099 -143.0977 444.5545 -18.6026 57.1316 398.0454 197.7951 -202.0083 183.0348 -932.0891 69.0806 -546.8662 54.8442 89.5970 599.4996 130.8572 -148.3924 35.9079 299.3204 55.1667 -626.1492 -333.7173 -87.7240 21.7427 145.8502 -456.2319 62.4384 40.9704 -243.7134 -191.7033 101.9525 371.5250 366.7722 150.9007 117.3584 241.2248 473.3994 122.2892 220.0096 294.5821 -14.0196 99.0439 150.2854 -472.6000 -189.9814 24.8058 -153.7843 737.2337 -71.2189 -140.0340 -415.1583 30.1881 -198.7805 -108.0752 -235.1436 385.9904 -196.6411 -292.5116 -769.5152 -95.8628 -78.4709 771.9632 186.3967 226.2262 -401.3389 -174.9754 149.0369 388.9926 118.7798 377.4898 -414.1282 -589.6429 16.6659 -417.5077 -461.6973 -324.2153 432.9269 -362.8186 -245.4125 162.1746 2.5714 -158.7074 566.6066 -28.1885 64.7518 -231.4097 -60.9706 -198.3816 -292.7990 -152.3497 380.5034 454.1822 -126.3695 525.7913 -157.4151 464.7779 135.0962 -63.8722 -107.3032 -158.4878 -187.6549 668.3798 -42.3761 180.3845 80.1679 400.1284 147.0640 34.5586 -302.3227 -583.2869 -448.1892 -233.3290 249.3347 86.8699 -269.2843 -530.4788 -13.7287 99.1770 54.7174 -47.0188
119.8391 257.4246 -336.6607 -794.1020 -6.4305 484.3020 1040.6573 222.4902 677.0021 962.7455 -1049.5784 -615.8320 -1105.7896 -893.9298 -115.9729 -1253.0560 -241.8873 48.4791 -461.9216 225.0063 757.6537 1209.3027 537.7017 -709.3741 751.9576 -90.5259 414.9436 1048.8657 -768.6442 822.9832 -624.4131 347.6668 -229.2901 -417.2773 189.9807 -492.9929 -30.2264 -75.2302 232.6571 225.7021 430.9699 -1351.6185 -2002.1306 -211.9249 1169.2762 622.0281 860.2475 413.7268 -1128.6675 317.0915 -12.1804 -1452.4843 674.6727 -1299.4700 -600.4866 -205.5702 -731.7830 765.4963 -922.0395 977.6589 1490.9545 -181.9349 -398.6768 905.6740 732.4139 1060.8727 637.8050 546.7012 -563.9722 437.7212 485.9386 1047.2510 -764.9742 139.6433 236.5287 1216.1339 32.3457 155.2776 -968.1208 -400.2382 284.2852 180.3712 1214.1022 142.7327 -1174.0206 -446.0266 -2.7197 -1741.2778 -358.5262 290.0187 -696.3731 1041.4491 1118.8148 456.4289 -1017.3644 1236.2711 203.0641 147.8853 16.4323 538.5235 1373.0499 -543.8039 -672.9597 824.6474 -1308.5374 840.1409 -770.4911 142.0163 -1456.9777 -14.4711 244.1788 -1121.0565 -221.2411 632.6199 -1168.8942 838.7573 -224.1469 362.8194 -766.5955 -219.9350 895.7922 296.9727 178.8160 1181.4420 -671.4757 1317.3021 -403.6611 -73.7340 452.8188 -47.7579 -645.9661 -517.5571 702.0994 -903.9125 -96.9683 -1116.7716 772.1958 366.4225 -2170.3523 264.0287 -350.2661 324.2434 -182.9630 701.9182 351.0293 -115.3622 -638.4764 126.3110 -86.3530 -711.6409 -339.6335 510.6590 -1136.4607 1280.9904 148.1170 214.2664 -155.6708 599.3703 1606.8787 -114.8194 -600.2980 1275.7310 912.0320 764.0955 -311.2262 584.4532 -376.8052 -66.0266 976.2874 -647.0160 -1691.9121 234.1419 -769.7678 374.4364 808.6605 -1059.3308 54.4821 618.9292 -703.7108 236.5416 -250.4843 -375.8188 1167.2235 -48.8291 149.9929 1045.2040 519.4290 -530.3636 480.7627 -2447.3906 181.3539 -1435.9274 143.9869 235.1998 1574.0885 343.6226 -389.7773 94.3225 785.9032 144.9054 -1644.1263 -876.1155 -230.2882 57.0612 382.9038 -1197.7546 163.9361 107.7121 -639.8914 -503.3584 267.6930 975.5057 962.9952 396.1777 308.0690 633.5336 1243.0442 321.1397 577.6188 773.5992 -36.8491 260.0612 394.6460 -1240.8694 -498.7513 65.0609 -403.8172 1935.6885 -187.0563 -367.7640 -1090.1249 79.2477 -521.9738 -283.7603 -617.3760 1013.4858 -516.1914 -768.0812 -2020.4937 -251.6720 -206.1340 2026.8087 489.3640 594.0094 -1053.9243 -459.5687 391.3591 1021.4132 311.8268 991.1827 -1087.3356 -1548.1908 43.8946 -1096.3408 -1212.4269 -851.2465 1136.7241 -952.5741 -644.4588 425.8073 6.8565 -416.8120 1487.8553 -74.0031 170.1803 -607.5473 -160.1672 -520.9544 -768.6577 -399.9828 999.1963 1192.6635 -331.8139 1380.5697 -413.3478 1220.3654 354.5053 -167.4967 -281.7411 -416.0340 -492.6504 1754.8767 -111.2980 473.7648 210.4852 1050.4829 386.1670 90.6854 -793.7031 -1531.5261 -1176.8077 -612.6416 654.6631 228.0166 -706.9847 -1392.7463 -36.1843 260.3239 143.6673 -123.5308
-148.4030 -318.7009 416.9026 983.2881 7.9129 -599.6296 -1288.5071 -275.5302 -838.2277 -1191.9700 1299.5836 762.5156 1369.1586 1106.8285 143.6288 1551.4781 299.4323 -60.0339 571.9699 -278.5954 -938.0826 -1497.3231 -665.7991 878.3346 -931.0546 112.0645 -513.7582 -1298.5669 951.6342 -1019.0447 773.0501 -430.4272 283.8772 516.6331 -235.2853 610.4633 37.4618 93.1211 -288.0853 -279.4038 -533.6063 1673.5504 2478.9995 262.3053 -1447.7271 -770.2177 -1065.2078 -512.2625 1397.4449 -392.6450 15.0248 1798.4274 -835.3684 1609.0004 743.5336 254.5000 906.0116 -947.8431 1141.6210 -1210.4939 -1846.0496 225.3536 493.6614 -1121.4377 -906.9035 -1313.4984 -789.6986 -676.8689 698.3383 -541.9709 -601.6492 -1296.7000 947.1475 -172.9306 -292.8730 -1505.8236 -40.1058 -192.2946 1198.6757 495.6110 -351.9710 -223.2978 -1503.2260 -176.7050 1453.6974 552.2626 3.3715 2156.0220 443.9745 -359.0682 862.2545 -1289.4696 -1385.3087 -565.1755 1259.6602 -1530.7057 -251.4908 -183.0833 -20.3660 -666.7472 -1700.0699 673.3559 833.2654 -1021.1251 1620.1373 -1040.2299 954.0209 -175.8391 1803.9896 17.9747 -302.3065 1388.0209 273.9259 -783.2795 1447.3151 -1038.5814 277.4863 -449.2302 949.1622 272.3274 -1109.1599 -367.6892 -221.4325 -1462.8239 831.4241 -1631.1149 500.1055 91.5972 -560.6837 59.1470 799.7853 640.8630 -869.2595 1119.2196 120.0575 1382.7596 -956.1014 -453.6491 2687.2410 -326.9251 433.7762 -401.4044 226.4737 -869.1187 -434.5742 142.7734 790.5824 -156.3571 106.9567 881.1438 420.5367 -632.3046 1407.1855 -1586.0883 -183.4114 -265.3464 192.7251 -742.1022 -1989.6451 142.1355 743.2252 -1579.5730 -1129.2000 -946.1240 385.3521 -723.6977 466.5980 81.7698 -1208.9042 801.0974 2094.8477 -289.8960 953.0057 -463.5387 -1001.3027 1311.5787 -67.4493 -766.3300 871.2910 -292.8639 310.1683 465.3507 -1445.2628 60.4313 -185.6718 -1294.1827 -643.0518 656.6586 -595.2932 3030.3096 -224.5549 1777.9799 -178.2596 -291.2531 -1949.0007 -425.4522 482.5927 -116.8249 -973.0468 -179.4189 2035.7434 1084.7985 285.1493 -70.7083 -474.1049 1483.0750 -202.9602 -133.4216 792.3171 623.2356 -331.5102 -1207.8741 -1192.3217 -490.5522 -381.4554 -784.3926 -1539.1063 -397.5876 -715.2500 -957.8372 45.5740 -322.0161 -488.6188 1536.4141 617.6003 -80.5606 500.0533 -2396.6860 231.5772 455.3967 1349.8019 -98.1055 646.2938 351.3817 764.4282 -1254.8787 639.1849 950.9638 2501.8079 311.6767 255.2635 -2509.5806 -605.9136 -735.5078 1304.9447 568.9979 -484.5287 -1264.6434 -386.1192 -1227.3167 1346.2751 1916.9806 -54.3532 1357.4364 1501.1227 1054.0057 -1407.4977 1179.4635 797.9431 -527.1946 -8.5844 516.0808 -1842.1083 91.6666 -210.6639 752.2804 198.2634 645.0534 951.7594 495.2745 -1237.2069 -1476.6923 410.8504 -1709.3639 511.8304 -1510.9843 -438.8969 207.3970 348.8429 515.1491 609.9739 -2172.8215 137.7407 -586.5833 -260.5945 -1300.6851 -478.0971 -112.3011 982.7758 1896.3136 1457.1281 758.6071 -810.6377 -282.3166 875.3669 1724.4816 44.7803 -322.3473 -177.8819 152.9329
-122.9575 -264.0936 345.5064 814.8517 6.5416 -496.9314 -1067.7953 -228.2689 -694.6698 -987.8157 1076.9001 631.8736 1134.6299 917.2268 119.0166 1285.7567 248.1361 -49.7246 474.0296 -230.9149 -777.4222 -1240.8600 -551.7791 727.8806 -771.5650 92.8499 -425.7559 -1076.1646 788.6587 -844.5236 640.7318 -356.6882 235.2932 428.1241 -194.9561 505.8847 31.0198 77.1870 -238.7135 -231.5625 -442.2200 1386.8680 2054.3489 217.3929 -1199.7606 -638.2626 -882.7338 -424.5232 1158.0990 -325.3797 12.4672 1490.3500 -692.2704 1333.4132 616.1647 210.9348 750.8188 -785.4985 946.0817 -1003.1706 -1529.8505 186.6886 409.0264 -929.3053 -751.5547 -1088.5638 -654.4411 -560.9114 578.6520 -449.1618 -498.5890 -1074.6327 784.9365 -143.3476 -242.6867 -1247.9216 -33.2237 -159.3439 993.3834 410.7208 -291.6540 -185.0577 -1245.7515 -146.4224 1204.6948 457.7033 2.7903 1786.7219 367.8595 -297.5469 714.5519 -1068.5923 -1148.0306 -468.3436 1043.9012 -1268.5027 -208.4547 -151.7163 -16.8601 -552.5480 -1408.8748 558.0364 690.5475 -846.2158 1342.6375 -862.1075 790.6288 -145.6774 1495.0049 14.8657 -250.5802 1150.3229 226.9922 -649.1448 1199.3743 -860.6666 229.9384 -372.3454 786.5827 225.6843 -919.2136 -304.7428 -183.5163 -1212.2805 688.9912 -1351.6897 414.4388 75.6866 -464.3665 49.0212 662.7889 531.0812 -720.3439 927.5443 99.4973 1145.9630 -792.3560 -375.9823 2226.9609 -270.9251 359.4477 -332.6441 187.6924 -720.2134 -360.0971 118.3482 655.1682 -129.5548 88.7214 730.2407 348.4992 -524.0097 1166.1394 -1314.4084 -152.0034 -219.8781 159.7000 -614.9952 -1648.8318 117.7324 615.9580 -1309.0216 -935.8239 -784.0885 319.3531 -599.7122 386.6196 67.8094 -1001.7841 663.9020 1736.0825 -240.2101 789.7536 -384.1046 -829.8513 1086.9309 -55.9326 -635.1185 722.0967 -242.7047 257.0540 385.6262 -1197.7074 50.0515 -153.9057 -1072.5408 -532.9456 544.1907 -493.2962 2511.2944 -186.0280 1473.4153 -147.7206 -241.3208 -1615.1805 -352.5384 399.9312 -96.8544 -806.4033 -148.7127 1687.0352 899.0203 236.2864 -58.5812 -392.9241 1229.0612 -168.1800 -110.5249 656.5953 516.4210 -274.7115 -1000.9792 -988.1099 -406.5109 -316.0524 -650.0572 -1275.4888 -329.5049 -592.7427 -793.7842 37.7732 -266.8692 -404.8782 1273.2633 511.7719 -66.7795 414.3945 -1986.1392 191.8811 377.3873 1118.5734 -81.3156 535.6095 291.1849 633.4707 -1039.9607 529.7208 788.0903 2073.2336 258.2758 211.5092 -2079.7268 -502.1136 -609.4889 1081.3956 471.5143 -401.4974 -1047.9932 -319.9998 -1017.0604 1115.7161 1588.5774 -45.0154 1124.9546 1243.9835 873.4686 -1166.4089 977.4933 661.2485 -436.9054 -7.0494 427.7099 -1526.6342 75.9265 -174.6046 623.4168 164.3176 534.5481 788.7000 410.3955 -1025.3101 -1223.7356 340.4925 -1416.5789 424.1499 -1252.2246 -363.7157 171.9081 289.0936 426.9359 505.5259 -1800.6783 114.1481 -486.1257 -215.9439 -1077.8718 -396.1614 -93.0240 814.4305 1571.5204 1207.5812 628.6145 -671.8043 -234.0089 725.3919 1429.0906 37.1161 -267.1467 -147.4184 126.7220
17.0406 36.6396 -47.8889 -113.0254 -0.8791 68.8987 148.0260 31.6417 96.3047 136.9610 -149.3280 -87.6451 -157.3749 -127.2214 -16.4987 -178.2935 -34.4255 6.8952 -65.7488 32.0073 107.8466 172.0728 76.4828 -100.9120 107.0037 -12.9015 59.0464 149.2092 -109.3141 117.0992 -88.8490 49.4785 -32.6422 -59.3415 27.1129 -70.1315 -4.3271 -10.6812 33.0717 32.0980 61.3041 -192.3069 -284.8464 -30.1553 166.3733 88.4842 122.4646 58.8535 -160.5836 45.1149 -1.7168 -206.6499 95.9865 -184.8771 -85.4338 -29.2277 -104.1143 108.9081 -131.1658 139.1142 212.2003 -25.9087 -56.7355 128.8326 104.2444 150.9252 90.6995 77.7408 -80.2329 62.2906 69.1208 149.0151 -108.8158 19.8908 33.6301 173.0735 4.6124 22.0477 -137.7961 -56.9279 40.4509 25.6392 172.7399 20.3274 -167.0185 -63.4489 -0.3866 -247.7380 -51.0298 41.2544 -99.1159 148.1986 159.1973 64.9296 -144.8046 175.9602 28.9316 21.0409 2.3252 76.6708 195.3872 -77.3699 -95.7471 117.3513 -186.1806 119.5336 -109.6427 20.2204 -207.2992 -2.0415 34.7540 -159.4972 -31.4709 90.0149 -166.2997 119.3240 -31.8648 51.6585 -109.0926 -31.2777 127.4301 42.2337 25.4721 168.0824 -95.5119 187.4184 -57.4779 -10.4520 64.4300 -6.5009 -91.9066 -73.6621 99.9012 -128.6127 -13.8334 -158.8848 109.8815 52.1178 -308.8039 37.5436 -49.8757 46.1350 -26.0247 99.8780 49.9364 -16.4548 -90.9034 17.9738 -12.3037 -101.2610 -48.3631 72.6363 -161.7061 182.2887 21.0802 30.5064 -22.2007 85.2870 228.6405 -16.3732 -85.4100 181.4822 129.7399 108.7203 -44.2533 83.1428 -53.6591 -9.4053 138.9366 -92.0544 -240.7248 33.3249 -109.5070 53.3042 115.0442 -150.6907 7.7416 88.0511 -100.1128 33.6477 -35.6511 -53.4822 166.0928 -6.9385 21.3774 148.6896 73.9054 -75.4762 68.3914 -348.2450 25.8212 -204.3229 20.4880 33.4705 223.9586 48.9101 -55.4395 13.4212 111.8011 20.6322 -233.9033 -124.6446 -32.7545 8.1181 54.4655 -170.4359 23.3181 15.3287 -91.0754 -71.6535 38.0946 138.7901 137.0097 56.3832 43.8365 90.1823 176.8484 45.6440 82.2009 110.0798 -5.2293 36.9771 56.0986 -176.5697 -70.9620 9.2647 -57.4670 275.4275 -26.6066 -52.3613 -155.0981 11.2846 -74.2745 -40.3614 -87.8013 144.2414 -73.4015 -109.2721 -287.5142 -35.8288 -29.3358 288.3418 69.6062 84.5232 -149.9862 -65.4116 55.7228 145.3492 44.3444 140.9904 -154.6940 -220.2536 6.2784 -156.0171 -172.5454 -121.1134 161.7550 -135.4936 -91.6706 60.5608 0.9747 -59.3085 211.6889 -10.5187 24.2180 -86.4442 -22.7418 -74.0963 -109.3231 -56.9228 142.1917 169.7096 -47.1853 196.4440 -58.8321 173.6703 50.4680 -23.8025 -40.1310 -59.2168 -70.0782 249.7171 -15.8358 67.4096 29.9226 149.4531 54.9523 12.8942 -112.9141 -217.9293 -167.4689 -87.1899 93.1807 32.4674 -100.5731 -198.1671 -5.1216 37.0410 20.4389 -17.5910
27.2489 58.5601 -76.6196 -180.6879 -1.4345 110.1554 236.7767 50.6558 154.0178 219.0028 -238.8037 -140.0816 -251.5874 -203.3572 -26.3633 -285.0515 -55.0736 11.0278 -105.1099 51.2194 172.3479 275.0949 122.3675 -161.3696 171.0638 -20.5611 94.3507 238.5931 -174.8763 187.2527 -142.0461 79.0918 -52.1917 -94.9166 43.2843 -112.1266 -6.9118 -17.1501 52.9157 51.3071 98.0114 -307.4801 -455.4938 -48.2271 266.0016 141.4963 195.7343 94.1053 -256.8130 72.1639 -2.7673 -330.4408 153.5321 -295.6212 -136.6207 -46.7721 -166.4739 174.1017 -209.8169 222.4771 339.2586 -41.4001 -90.7053 206.0443 166.6218 241.3602 145.1485 124.4354 -128.3126 99.5941 110.5854 238.2488 -174.0244 31.7593 53.8259 276.7359 7.3180 35.3238 -220.2658 -91.0823 64.6974 40.9751 276.2158 32.4761 -267.1208 -101.4786 -0.5687 -396.1443 -81.5468 66.0750 -158.4244 236.9371 254.5534 103.8891 -231.4231 281.2302 46.2062 33.6728 3.7357 122.5237 312.3801 -123.7141 -153.1271 187.5589 -297.6883 191.1171 -175.3457 32.3233 -331.4941 -3.2496 55.5578 -255.0145 -50.3338 143.8731 -265.9741 190.8779 -50.9930 82.6066 -174.4045 -50.0194 203.7974 67.5004 40.6972 268.8076 -152.7672 299.6975 -91.9271 -16.7924 103.0648 -10.8309 -146.6195 -117.7413 159.7157 -205.6626 -22.0988 -254.1084 175.6620 83.3733 -493.7228 60.0699 -79.6954 73.6973 -41.6144 159.7309 79.8830 -26.2039 -145.2632 28.7223 -19.6317 -161.9223 -77.3033 116.1435 -258.5482 291.4319 33.7112 48.7443 -35.4204 136.3001 365.5634 -26.1575 -136.5266 290.2801 207.4692 173.8367 -70.7993 132.9924 -85.6686 -14.9868 222.1217 -147.2172 -384.9464 53.3060 -175.0759 85.2165 183.9740 -240.9850 12.3858 140.8392 -160.0783 53.7874 -56.9547 -85.5344 265.5355 -11.1165 34.1635 237.7937 118.2091 -120.6689 109.3726 -556.8251 41.2677 -326.7437 32.7429 53.4943 358.1811 78.1781 -88.6952 21.4326 178.7996 33.0089 -374.1461 -199.3144 -52.3761 13.0039 87.0795 -272.5128 37.3143 24.5142 -145.5555 -114.4820 60.9232 221.9384 219.0882 90.1078 70.0915 144.1438 282.7769 73.0519 131.4816 175.9657 -8.3523 59.1690 89.7754 -282.3320 -113.4648 14.7841 -91.8729 440.3738 -42.5294 -83.7174 -247.9640 18.0461 -118.7681 -64.5541 -140.4290 230.6200 -117.3973 -174.7176 -459.7076 -57.2164 -46.9298 461.0998 111.3319 135.1614 -239.7978 -104.5282 89.0124 232.3836 70.9802 225.4747 -247.3681 -352.2423 9.9948 -249.4895 -275.8390 -193.6942 258.6339 -216.7405 -146.5936 96.8509 1.5834 -94.9098 338.5158 -16.9034 38.7220 -138.2194 -36.4821 -118.5182 -174.8651 -90.9632 227.3517 271.3620 -75.5091 314.1177 -94.0912 277.6322 80.6224 -38.0966 -64.1212 -94.6316 -112.0695 399.2649 -25.2888 107.8482 47.9019 239.0009 87.8193 20.5985 -180.5473 -348.4946 -267.7438 -139.3902 148.9067 51.8639 -160.8386 -316.8739 -8.2366 59.2430 32.6947 -28.0952
-291.7580 -626.6562 819.5883 1933.1896 15.6065 -1178.8425 -2533.2676 -541.6706 -1648.0155 -2343.5671 2555.0305 1499.0616 2691.8396 2176.1543 282.3065 3050.2275 588.7352 -117.9995 1124.4940 -547.7751 -1844.3284 -2943.9319 -1308.9843 1726.8600 -1830.4703 220.3225 -1010.0664 -2553.0605 1870.9941 -2003.4575 1519.9199 -846.2249 558.1775 1015.7157 -462.5523 1200.1216 73.5738 183.0899 -566.3838 -549.3113 -1049.0573 3290.2898 4873.7734 515.7430 -2846.3196 -1514.2377 -2094.1907 -1007.1329 2747.5117 -771.9041 29.5350 3535.8167 -1642.3473 3163.3906 1461.8345 500.4066 1781.2421 -1863.4556 2244.4888 -2379.7698 -3629.4563 443.0006 970.5229 -2204.7139 -1782.9509 -2582.3721 -1552.5811 -1330.7750 1372.8497 -1065.4998 -1182.8800 -2549.3945 1862.0658 -339.9646 -575.8000 -2960.4875 -78.7893 -377.9812 2356.7104 974.3290 -692.0257 -439.0219 -2955.4407 -347.4433 2858.0232 1085.8110 6.5674 4238.8555 872.7731 -705.9183 1695.2531 -2535.2036 -2723.5649 -1111.1646 2476.5559 -3009.4414 -494.4195 -359.9257 -39.9492 -1310.8282 -3342.4753 1323.9039 1638.2617 -2007.5563 3185.2925 -2045.2543 1875.6310 -345.7053 3546.7761 35.2753 -594.4347 2728.9688 538.5139 -1539.9540 2845.4846 -2041.8129 545.5667 -883.2495 1866.1082 535.4109 -2180.7168 -722.9070 -435.3206 -2876.0063 1634.5378 -3206.7834 983.2274 179.5224 -1102.3646 116.3057 1572.4127 1260.3063 -1708.9934 2200.4490 236.0209 2718.6096 -1879.7686 -891.9018 5283.2969 -642.6928 852.7471 -789.1778 445.2891 -1708.6547 -854.4631 280.7986 1554.2766 -307.4007 210.3634 1732.3739 826.7794 -1243.1770 2766.5371 -3118.3374 -360.5996 -521.6569 378.8409 -1459.0714 -3911.7551 279.4631 1461.2728 -3105.5115 -2220.0864 -1860.1289 757.6129 -1422.7476 917.3330 160.7652 -2376.7004 1574.9631 4118.5938 -569.8881 1873.6423 -911.3869 -1968.5779 2578.6045 -132.6179 -1506.6202 1712.9706 -575.8055 609.7051 914.8827 -2841.4321 118.8544 -365.0928 -2544.3979 -1264.3477 1291.1096 -1170.3726 5957.6401 -441.4344 3495.5964 -350.4513 -572.4962 -3831.8120 -836.5372 948.8293 -229.7495 -1913.0320 -352.8259 4002.2729 2132.8135 560.6426 -138.9694 -932.0727 2915.7664 -399.0273 -262.3003 1557.7408 1225.3069 -651.6606 -2374.7109 -2344.1611 -964.4556 -749.9714 -1542.1702 -3025.9929 -781.6984 -1406.1193 -1883.1421 89.6005 -633.0907 -960.6685 3020.6082 1214.1925 -158.3839 983.1104 -4711.9941 455.2041 895.3268 2653.7041 -192.9173 1270.6161 690.7925 1502.9224 -2467.1648 1256.7274 1869.6923 4918.6128 612.7021 501.8348 -4933.8921 -1191.2272 -1446.0265 2565.5518 1118.7249 -952.6286 -2486.2942 -759.1746 -2412.8447 2646.8931 3768.7830 -106.7561 2668.8020 2951.3376 2072.1885 -2767.1987 2318.9055 1568.6879 -1036.4547 -16.8293 1014.6123 -3621.7505 180.2231 -414.2136 1479.0093 389.7870 1268.1217 1871.1592 973.6888 -2432.3972 -2903.1528 807.6926 -3360.6646 1006.2723 -2970.6785 -862.9686 407.7130 685.7881 1012.7448 1199.2472 -4271.8896 270.8185 -1153.3221 -512.3137 -2557.2549 -939.9297 -220.8050 1932.1467 3728.2139 2864.7971 1491.3962 -1593.7435 -555.0880 1720.9786 3390.4580 88.0387 -633.7183 -349.7299 300.7094
-157.4648 -338.1373 442.2100 1043.0869 8.4156 -636.0441 -1366.8439 -292.2713 -889.1570 -1264.4985 1378.5648 808.8650 1452.3658 1174.1874 152.3549 1645.7406 317.6286 -63.6454 606.7044 -295.5670 -995.0898 -1588.3827 -706.2847 931.7445 -987.6003 118.8407 -545.0122 -1377.5179 1009.5349 -1080.9573 820.1306 -456.6183 301.2029 548.0593 -249.5525 647.5688 39.7091 98.7684 -305.5906 -296.3905 -566.0400 1775.2646 2629.6523 278.2632 -1535.7373 -816.9846 -1129.9266 -543.3631 1482.4471 -416.4941 15.9289 1907.7230 -886.1379 1706.8436 788.7409 269.9750 961.1035 -1005.4326 1211.0846 -1284.0219 -1958.2454 239.0645 523.6492 -1189.5204 -961.9865 -1393.3187 -837.6786 -718.0090 740.7616 -574.8885 -638.2311 -1375.5593 1004.7244 -183.4398 -310.6414 -1597.3540 -42.5356 -203.9370 1271.5962 525.6993 -373.3337 -236.9056 -1594.5779 -187.4215 1542.0386 585.8669 3.5272 2287.0505 470.9205 -380.8969 914.6847 -1367.8715 -1469.4938 -599.5546 1336.2797 -1623.7411 -266.7780 -194.2132 -21.5322 -707.2604 -1803.4459 714.2710 883.9299 -1083.1639 1718.6409 -1103.5012 1012.0427 -186.5298 1913.6233 19.0026 -320.7006 1472.4353 290.5293 -830.9002 1535.2795 -1101.6914 294.4031 -476.5406 1006.8983 288.8573 -1176.6396 -390.0207 -234.8982 -1551.7483 881.9248 -1730.2158 530.5099 96.9110 -594.7816 62.7276 848.4220 679.8221 -921.7773 1187.2192 127.3672 1466.8516 -1014.2147 -481.2098 2850.5835 -346.7532 460.1349 -425.8097 240.2544 -921.9576 -460.9793 151.5093 838.6241 -165.8591 113.4775 934.7144 446.1466 -670.7150 1492.6880 -1682.5145 -194.5405 -281.4317 204.4459 -787.2148 -2110.6050 150.7764 788.4575 -1675.6051 -1197.8295 -1003.6418 408.7849 -767.6901 494.9617 86.7781 -1282.3690 849.8113 2222.1785 -307.4654 1010.9673 -491.7346 -1062.1704 1391.2926 -71.5143 -812.9705 924.2363 -310.7397 329.0324 493.6268 -1533.1180 64.1486 -197.0077 -1372.8209 -682.1866 696.6425 -631.4318 3214.4380 -238.1491 1886.0410 -189.1037 -308.8947 -2067.5176 -451.3136 511.8868 -123.9406 -1032.2073 -190.3362 2159.4556 1150.7563 302.4799 -75.0563 -502.9253 1573.1942 -215.2468 -141.5008 840.4586 661.1333 -351.6246 -1281.2791 -1264.7809 -520.4031 -404.6331 -832.0398 -1632.6566 -421.7800 -758.6841 -1016.0110 48.3373 -341.6413 -518.2812 1629.8069 655.1689 -85.4731 530.4131 -2542.4270 245.6171 483.1075 1431.8405 -104.0979 685.5754 372.7537 810.8719 -1331.1818 678.0564 1008.7376 2653.8596 330.6115 270.7914 -2662.1304 -642.7260 -780.2114 1384.2910 603.6296 -513.9855 -1341.4558 -409.6427 -1301.7872 1428.1172 2033.4501 -57.6408 1439.9539 1592.4095 1118.0812 -1493.0637 1251.1848 846.3929 -559.2778 -9.0340 547.4324 -1954.0912 97.1832 -223.4745 797.9865 210.3465 684.2597 1009.5978 525.3726 -1312.3877 -1566.4154 435.8233 -1813.2609 542.9440 -1602.8669 -465.6454 220.0380 370.0697 546.4343 647.0281 -2304.9736 146.1149 -622.2864 -276.3779 -1379.7811 -507.1959 -119.1253 1042.4785 2011.5538 1545.7191 804.7244 -859.9117 -299.5149 928.5117 1829.3584 47.4843 -341.9583 -188.6914 162.3053
120.1599 258.1600 -337.5948 -796.3213 -6.4008 485.6102 1043.5265 223.0859 678.8616 965.3768 -1052.4753 -617.4918 -1108.8679 -896.4189 -116.3467 -1256.4858 -242.5340 48.5649 -463.2303 225.6649 759.7396 1212.7003 539.2007 -711.3391 754.0421 -90.7544 416.0740 1051.6646 -770.7347 825.2909 -626.1304 348.5989 -229.9367 -418.4005 190.5238 -494.3334 -30.3385 -75.4515 233.2965 226.3201 432.1570 -1355.3552 -2007.6846 -212.4715 1172.5026 623.7387 862.6969 414.9000 -1131.7905 317.9881 -12.1466 -1456.5049 676.5400 -1303.1166 -602.2167 -206.1489 -733.7189 767.6105 -924.6070 980.3210 1495.0859 -182.4958 -399.7709 908.1862 734.4640 1063.7836 639.5563 548.2108 -565.5139 438.8899 487.2868 1050.2081 -767.0638 140.0421 237.1641 1219.5610 32.4487 155.7060 -970.7933 -401.3341 285.0642 180.8555 1217.4688 143.1117 -1177.3494 -447.2968 -2.7029 -1746.0992 -359.5349 290.7937 -698.3041 1044.3304 1121.9507 457.7426 -1020.1910 1239.6482 203.6655 148.2418 16.4561 539.9766 1376.8545 -545.3489 -674.8676 826.9738 -1312.1014 842.5109 -772.6369 142.4021 -1461.0565 -14.5559 244.8534 -1124.1050 -221.8347 634.3300 -1172.1281 841.1311 -224.7156 363.8676 -768.7194 -220.5747 898.3112 297.7847 179.3178 1184.7440 -673.2853 1320.9115 -404.9952 -73.9582 454.0797 -47.9169 -647.7048 -519.0021 703.9720 -906.1183 -97.2635 -1119.8953 774.3195 367.4342 -2176.3308 264.7219 -351.2581 325.1000 -183.4464 703.8745 351.9594 -115.6715 -640.2668 126.6236 -86.6827 -713.6160 -340.5824 512.1033 -1139.6235 1284.5410 148.5421 214.8705 -156.0509 601.0219 1611.3713 -115.1113 -601.9423 1279.2555 914.5507 766.2272 -312.0473 586.0811 -377.8607 -66.2501 979.0568 -648.7891 -1696.6179 234.7599 -771.7828 375.4159 810.9210 -1062.2068 54.6469 620.6465 -705.6446 237.1549 -251.1545 -376.8688 1170.4679 -48.9109 150.4389 1048.0963 520.8406 -531.8665 482.1087 -2454.1157 181.8544 -1439.9076 144.3389 235.8115 1578.4207 344.5953 -390.8311 94.6199 788.0895 145.3464 -1648.6582 -878.5801 -230.9305 57.2664 383.9258 -1201.1010 164.3727 108.0332 -641.6602 -504.7399 268.4588 978.1990 965.5970 397.2898 308.9319 635.2736 1246.4930 322.0223 579.2455 775.7373 -36.9017 260.7919 395.7169 -1244.3196 -500.1810 65.2298 -404.9716 1941.0204 -187.5332 -368.8223 -1093.1339 79.4786 -523.3942 -284.5706 -619.1104 1016.3466 -517.6900 -770.1641 -2026.1283 -252.4297 -206.7381 2032.4402 490.6891 595.6686 -1056.8583 -460.8027 392.4274 1024.1852 312.7285 993.8882 -1090.3396 -1552.4924 43.9760 -1099.3940 -1215.7496 -853.6356 1139.8813 -955.2423 -646.1398 426.9145 6.9040 -417.9731 1491.8947 -74.2448 170.6519 -609.2357 -160.5395 -522.3604 -770.7841 -401.0524 1001.9636 1195.8956 -332.7409 1384.3804 -414.4991 1223.6995 355.5071 -167.9712 -282.5314 -417.1795 -494.0348 1759.7461 -111.5233 475.1281 211.0257 1053.4337 387.1939 90.9255 -795.9249 -1535.7780 -1180.0941 -614.3383 656.5269 228.6628 -708.9158 -1396.6176 -36.2925 261.0911 144.0650 -123.8377
14.6432 31.4745 -41.1649 -97.1187 -0.7491 59.2653 127.2649 27.2402 82.7579 117.7588 -128.3864 -75.2769 -135.2385 -109.3252 -14.2059 -153.2115 -29.6015 5.9275 -56.5079 27.5493 92.6335 147.9153 65.7833 -86.7596 91.9799 -11.0829 50.7304 128.2501 -93.9974 100.6591 -76.3810 42.5336 -28.0494 -51.0459 23.2942 -60.3071 -3.7144 -9.1903 28.4721 27.6128 52.6853 -165.3068 -244.8416 -25.9198 142.9914 76.1044 105.2277 50.5942 -137.9935 38.7834 -1.4468 -177.6476 82.4938 -158.9470 -73.4492 -25.1349 -89.4751 93.6035 -112.7777 119.5869 182.3152 -22.2898 -48.7746 110.7639 89.5690 129.7421 78.0070 66.9057 -68.9915 53.5280 59.4365 128.0720 -93.5972 17.0580 28.9376 148.7771 3.9411 18.9890 -118.4177 -48.9626 34.7445 22.0634 148.4660 17.4104 -143.5725 -54.5700 -0.3326 -212.9686 -43.8482 35.4697 -85.1563 127.3827 136.8718 55.8318 -124.4343 151.1851 24.8130 18.0794 2.0228 65.8950 167.9287 -66.5340 -82.2886 100.8919 -160.0644 102.7639 -94.2252 17.3421 -178.1940 -1.7903 29.8491 -137.1092 -27.0384 77.3438 -142.9934 102.5801 -27.4513 44.3392 -93.7472 -26.8933 109.5923 36.2669 21.8672 144.5147 -82.0820 161.1406 -49.3636 -9.0662 55.3771 -5.8671 -79.0152 -63.2781 85.8240 -110.5264 -11.5343 -136.6154 94.4382 44.8109 -265.3795 32.2620 -42.8548 39.6336 -22.3836 85.8594 42.8906 -14.1172 -78.0703 15.4504 -10.5100 -87.0678 -41.5546 62.4465 -138.9513 156.6705 18.1563 26.2184 -19.0241 73.2831 196.4969 -14.0779 -73.4420 156.0113 111.5540 93.4236 -38.0340 71.5165 -46.1271 -8.1118 119.3821 -79.1142 -206.9301 28.6610 -94.1421 45.8088 98.9221 -129.5807 6.6186 75.6704 -86.0528 28.9743 -30.6394 -46.0287 142.7755 -5.9637 18.3114 127.8395 63.5644 -64.8756 58.8308 -299.2695 22.1680 -175.5956 17.5892 28.7328 192.5034 42.0321 -47.6303 11.5517 96.1181 17.7391 -201.1294 -107.0993 -28.1687 6.9983 46.8270 -146.4491 20.0468 13.1847 -78.2947 -61.5648 32.7329 119.2889 117.7705 48.4808 37.6935 77.4769 152.0603 39.2972 70.6245 94.6153 -4.4652 31.8424 48.2672 -151.7458 -60.9970 7.9840 -49.3594 236.7437 -22.8830 -44.9843 -133.3728 9.6888 -63.8367 -34.6621 -75.4681 123.9501 -63.1243 -93.8533 -247.0919 -30.7541 -25.1946 247.8764 59.8555 72.6360 -128.9180 -56.2422 47.8148 124.9422 38.1593 121.2200 -132.9529 -189.3417 5.3875 -134.0669 -148.3312 -104.1289 138.9790 -116.5223 -78.8155 52.0857 0.8849 -50.9773 181.9528 -9.0692 20.8306 -74.2744 -19.6106 -63.7104 -93.9944 -48.9302 122.1715 145.8910 -40.5932 168.8857 -50.5593 149.2584 43.3152 -20.4618 -34.4641 -50.8598 -60.2394 214.6202 -13.6410 57.9825 25.6951 128.4577 47.2254 11.1318 -97.0495 -187.2896 -143.9449 -74.9557 80.0777 27.8794 -86.4771 -170.3487 -4.4840 31.7872 17.5918 -15.1106
41.7984 89.7747 -117.4670 -276.9783 -2.2250 168.8795 363.0087 77.6314 236.1000 335.7560 -366.0190 -214.7811 -385.6597 -311.8168 -40.4408 -436.9393 -84.3418 16.8644 -161.1024 78.4643 264.2730 421.8037 187.5634 -247.3782 262.2388 -31.5856 144.7371 365.7719 -268.0721 287.0376 -217.8287 121.2423 -80.0000 -145.5195 66.2544 -171.9873 -10.5900 -26.2421 81.1680 78.7304 150.2502 -471.3842 -698.2626 -73.8980 407.7817 216.9490 300.0205 144.2921 -393.6295 110.5754 -4.2521 -506.5959 235.3595 -453.2277 -209.4131 -71.7196 -255.1824 267.0133 -321.6359 340.9838 519.9663 -63.4962 -139.0267 315.8362 255.4628 370.0139 222.4229 190.6945 -196.6726 152.6953 169.5311 365.2786 -266.8177 48.7357 82.4998 424.1457 11.2694 54.1607 -337.6330 -139.5760 99.1425 62.9192 423.4247 49.7730 -409.4897 -155.5808 -0.9421 -607.2928 -125.0237 101.1573 -242.8842 363.2159 390.2026 159.1918 -354.8623 431.1357 70.8272 51.5759 5.7046 187.8161 478.8956 -189.6502 -234.7327 287.6169 -456.3718 293.0565 -268.7450 49.5226 -508.1314 -5.0439 85.2154 -390.9359 -77.1217 220.6441 -407.6646 292.5287 -78.1845 126.5501 -267.3667 -76.6850 312.4270 103.5509 62.3843 412.0279 -234.1478 459.4177 -140.8531 -25.7584 157.9628 -16.6683 -225.2913 -180.4610 244.8477 -315.2529 -33.8218 -389.2582 269.3433 127.7871 -756.9095 92.0617 -122.1679 113.0058 -63.7695 244.8119 122.4127 -40.2433 -222.6739 44.0486 -30.1457 -248.2519 -118.4889 178.0892 -396.3504 446.7416 51.6783 74.7124 -54.3231 209.0034 560.4547 -40.0198 -209.3639 444.9466 318.0724 266.5070 -108.5692 203.8490 -131.3910 -23.0015 340.5078 -225.6626 -590.0930 81.6356 -268.4234 130.5439 282.0582 -369.4280 18.9559 215.9140 -245.4177 82.5696 -87.3414 -131.0922 407.1176 -16.9823 52.3427 364.5663 181.1706 -184.9568 167.6680 -853.5316 63.1896 -500.8320 50.2095 81.9999 549.0032 119.8660 -135.8774 32.9241 274.0732 50.4954 -573.4479 -305.5913 -80.3389 19.8983 133.5449 -417.7144 57.1444 37.5653 -223.1720 -175.5783 93.4042 340.2433 335.8768 138.1458 107.4551 220.9371 433.5357 112.0517 201.4700 269.7801 -12.8320 90.7314 137.6289 -432.7812 -173.9757 22.7201 -140.8328 675.1417 -65.2024 -128.3024 -380.1856 27.5994 -182.0422 -98.9765 -215.3410 353.5055 -180.0132 -267.8648 -704.7148 -87.7943 -71.8774 706.9014 170.6557 207.1704 -367.5814 -160.3080 136.4409 356.2065 108.8292 345.6643 -379.1943 -539.9553 15.2824 -382.3807 -422.8594 -296.8696 396.4525 -332.2435 -224.7634 148.4964 2.4051 -145.3509 518.8640 -25.7970 59.3961 -211.8638 -55.8334 -181.7301 -268.0900 -139.5005 348.4648 415.9527 -115.7311 481.4814 -144.1383 425.6448 123.6344 -58.4032 -98.3050 -145.1354 -171.8286 612.0971 -38.7839 165.2526 73.3761 366.3735 134.6651 31.5957 -276.8169 -534.1603 -410.4531 -213.6380 228.3259 79.5436 -246.5388 -485.7246 -12.6595 90.8362 50.0991 -43.0848
-133.7873 -287.3463 375.7721 886.4823 7.1479 -540.5981 -1161.5999 -248.3937 -755.6503 -1074.6344 1171.6172 687.4249 1234.3754 997.8603 129.4699 1398.7358 269.9797 -54.1167 515.6215 -251.1642 -845.7096 -1349.9431 -600.2081 791.8358 -839.3466 101.0107 -463.1453 -1170.7068 857.9639 -918.6955 696.9421 -388.0708 255.9636 465.7600 -212.0997 550.2686 33.7826 83.9601 -259.7088 -251.9014 -481.0321 1508.7059 2234.8657 236.5272 -1305.1691 -694.3665 -960.2834 -461.7865 1259.8601 -353.9655 13.5661 1621.3571 -753.1324 1450.5636 670.3561 229.4571 816.7800 -854.4958 1029.2438 -1091.2997 -1664.3264 203.1722 445.0870 -1010.9863 -817.5903 -1184.1486 -711.9600 -610.2296 629.5491 -488.6143 -542.4031 -1169.0248 853.8710 -155.8881 -264.0216 -1357.5509 -36.1352 -173.3271 1080.6869 446.7756 -317.3593 -201.3136 -1355.2267 -159.3517 1310.5425 497.8395 2.9429 1943.7598 400.2440 -323.7413 777.3337 -1162.5421 -1248.9246 -509.5467 1135.6459 -1380.0442 -226.6742 -165.0563 -18.3182 -601.1275 -1532.6753 607.0583 751.2320 -920.5340 1460.6351 -937.8956 860.0732 -158.5392 1626.3588 16.1914 -272.5505 1251.3669 246.9766 -706.1331 1304.8116 -936.2763 250.1746 -405.0438 855.7480 245.5672 -999.9788 -331.4891 -199.6154 -1318.8126 749.5472 -1470.4662 450.9002 82.2958 -505.4862 53.3405 721.0070 577.7732 -783.6431 1009.0148 108.2810 1246.6489 -861.6680 -408.9730 2422.6150 -294.6934 391.0095 -361.8914 204.2074 -783.5635 -391.8108 128.7466 712.7343 -141.0191 96.4685 794.3509 379.1388 -570.0552 1268.6010 -1429.8719 -165.3945 -239.1552 173.7763 -669.0948 -1793.6931 128.1388 670.0325 -1424.0707 -1017.9845 -852.9462 347.4265 -652.4213 420.6638 73.6829 -1089.8389 722.2540 1888.6100 -261.3618 859.1622 -417.9459 -902.6990 1182.4153 -60.8211 -690.8492 785.4838 -264.0266 279.5839 419.5065 -1302.9473 54.4995 -167.4266 -1166.7061 -579.7543 592.0256 -536.6219 2731.8696 -202.4296 1602.9519 -160.7417 -262.5415 -1757.0896 -383.5810 435.0938 -105.3118 -877.2202 -161.7840 1835.2343 977.9681 257.0735 -63.7170 -427.3844 1336.9717 -182.9807 -120.2600 714.3273 561.8780 -298.8686 -1088.9036 -1074.9071 -442.2611 -343.9239 -707.1705 -1387.5652 -358.4241 -644.7951 -863.4952 41.1163 -290.3241 -440.5343 1385.1298 556.8071 -72.6379 450.7891 -2160.6694 208.7757 410.5427 1216.8606 -88.4829 582.6224 316.7737 689.1649 -1131.3787 576.2503 857.3452 2255.4397 280.9836 230.1199 -2262.4832 -546.2702 -663.1191 1176.4214 513.0143 -436.8303 -1140.1406 -348.1147 -1106.4159 1213.7445 1728.1799 -49.0098 1223.7887 1353.3500 950.2733 -1268.8911 1063.3176 719.3166 -475.2362 -7.7162 465.2428 -1660.7511 82.6518 -189.9535 678.1981 178.7350 581.4695 858.0121 446.4796 -1115.3959 -1331.3302 370.3597 -1541.0668 461.4049 -1362.1844 -395.7361 186.9645 314.4753 464.4021 549.9214 -1958.9038 124.1872 -528.8521 -234.9525 -1172.6464 -430.9911 -101.2836 886.0082 1709.6168 1313.6547 683.8781 -730.8243 -254.5135 789.1925 1554.7145 40.3609 -290.6003 -160.3224 137.8751
88.2478 189.4867 -247.9058 -584.7213 -4.7321 356.5783 766.2022 163.8056 498.4516 708.8530 -772.7529 -453.4131 -814.1130 -658.1771 -85.4089 -922.5485 -178.0963 35.7433 -340.1136 165.7024 557.7785 890.3835 395.8990 -522.3111 553.6118 -66.6632 305.5053 772.1783 -565.9137 605.9443 -459.7018 255.9180 -168.7957 -307.2015 139.9018 -362.9771 -22.2378 -55.3664 171.3400 166.1450 317.2917 -995.1450 -1474.0460 -155.9857 860.8768 457.9982 633.3909 304.6002 -830.9990 233.4756 -8.9243 -1069.3971 496.7349 -956.7979 -442.1608 -151.3685 -538.7788 563.5704 -678.8754 719.7736 1097.7404 -133.9585 -293.5037 666.7943 539.2511 781.0343 469.5773 402.5051 -415.2290 322.2541 357.7672 771.0405 -563.1683 102.8324 174.1330 895.4201 23.8216 114.3573 -712.8132 -294.7243 209.2999 132.7887 893.8492 105.0517 -864.3790 -328.4038 -1.9973 -1281.9994 -263.9563 213.5449 -512.7467 766.7786 823.7221 336.0615 -749.0488 910.1956 149.5040 108.8801 12.1105 396.5454 1010.9514 -400.3622 -495.4881 607.2072 -963.3923 618.5662 -567.3137 104.6015 -1072.7054 -10.6735 179.7612 -825.3742 -162.8484 465.7264 -860.6249 617.5421 -165.0166 267.1160 -564.4188 -161.9173 659.5805 218.6129 131.6622 869.8427 -494.3523 969.9059 -297.4244 -54.3074 333.4438 -35.1873 -475.5678 -381.0633 516.8719 -665.4878 -71.3751 -822.2550 568.5128 270.0764 -1597.9562 194.3306 -257.9182 238.6827 -134.6706 516.7842 258.4181 -84.9166 -470.1180 92.9703 -63.6208 -523.9724 -250.0891 375.9990 -836.7284 943.1531 109.1136 157.7622 -114.5790 441.2925 1183.0887 -84.5166 -441.9827 939.2697 671.4893 562.6100 -229.1313 430.3698 -277.4175 -48.6785 718.8341 -476.3613 -1245.6683 172.3728 -566.6982 275.6196 595.4083 -779.9197 40.1351 455.7267 -518.0818 174.1825 -184.4196 -276.7093 859.3956 -35.9547 110.4296 769.5544 382.4324 -390.4725 353.9796 -1801.9031 133.4801 -1057.2347 106.0103 173.1415 1158.9829 252.9819 -287.0167 69.4755 578.6099 106.7349 -1210.5183 -645.0872 -169.5540 42.0407 281.8560 -881.8641 120.6537 79.3192 -471.1348 -370.5781 197.1058 718.1938 709.0218 291.6845 226.7916 466.4577 915.1800 236.4396 425.3286 569.5352 -27.1030 191.5047 290.5295 -913.5959 -367.2344 47.8956 -297.3156 1425.1296 -137.7071 -270.8104 -802.6662 58.3462 -384.3477 -208.9700 -454.5064 746.1909 -380.0522 -565.4814 -1487.6316 -185.3059 -151.7854 1492.2703 360.2898 437.3351 -776.0017 -338.3439 288.1194 751.9870 229.5927 729.7369 -800.5707 -1139.8580 32.2967 -807.2219 -892.6207 -626.7372 836.9051 -701.3469 -474.4258 313.5296 5.0806 -306.8780 1095.4120 -54.4974 125.2331 -447.3532 -117.8788 -383.5605 -565.8917 -294.4664 735.6736 878.0576 -244.2880 1016.4421 -304.3551 898.4677 261.0356 -123.3312 -207.4285 -306.2818 -362.7311 1292.0801 -81.9436 348.8615 154.9377 773.4156 284.2962 66.7540 -584.3719 -1127.6331 -866.4418 -451.1045 482.0235 167.8990 -520.5048 -1025.4668 -26.6382 191.6613 105.7724 -90.9655
22.5524 48.4011 -63.2961 -149.3196 -1.1782 91.0296 195.5813 41.8068 127.2884 180.9938 -197.3465 -115.7685 -207.8884 -168.0652 -21.7860 -235.5417 -45.4722 9.1484 -86.8713 42.2833 142.4413 227.3705 101.0765 -133.3904 141.3824 -17.0615 78.0092 197.1768 -144.4580 154.7032 -117.4329 65.3331 -43.1221 -78.4019 35.7295 -92.6505 -5.6952 -14.1063 43.7299 42.3968 81.0278 -254.0703 -376.4357 -39.8683 219.8586 116.9474 161.7401 77.7614 -212.1648 59.6146 -2.3062 -273.0763 126.8532 -244.2949 -112.8738 -38.6501 -137.6155 143.9326 -173.3156 183.7779 280.3629 -34.2082 -74.9538 170.2777 137.7194 199.4107 119.8908 102.7771 -106.0093 82.3008 91.3427 196.8979 -143.7980 26.2642 44.4742 228.6300 6.0461 29.1818 -182.0379 -75.2339 53.4856 33.9046 228.2549 26.8431 -220.6942 -83.8614 -0.5219 -327.3640 -67.3747 54.5357 -130.9432 195.7607 210.3631 85.7586 -191.2536 232.4550 38.1736 27.8046 3.0885 101.2896 258.1150 -102.2518 -126.5435 155.0607 -245.9996 157.9795 -144.8613 26.7055 -273.9075 -2.6860 45.9050 -210.7367 -41.5810 118.9403 -219.7518 157.6753 -42.1562 68.2316 -144.1216 -41.3409 168.3911 55.8378 33.6139 222.0999 -126.2212 247.6496 -75.9326 -13.8922 85.1661 -8.9836 -121.4083 -97.3120 131.9742 -169.9288 -18.2371 -209.9555 145.1699 68.8759 -407.7260 49.6372 -65.8478 60.9186 -34.3777 131.9571 65.9909 -21.6895 -120.0618 23.7231 -16.2598 -133.7885 -63.8419 96.0195 -213.6573 240.8091 27.8911 40.2673 -29.2603 112.7261 302.1118 -21.6027 -112.8528 239.8349 171.4624 143.6327 -58.5141 109.8983 -70.8496 -12.4290 183.5108 -121.6576 -318.0830 44.0515 -144.7428 70.3933 152.0554 -199.1688 10.2372 116.3748 -132.2985 44.4823 -47.0837 -70.6223 219.4540 -9.1701 28.2325 196.4975 97.6707 -99.6897 90.3763 -460.1262 34.0617 -269.9837 27.0419 44.2238 295.9815 64.5964 -73.2757 17.6998 147.7558 27.2484 -309.0621 -164.7452 -43.2666 10.7215 71.9690 -225.1571 30.8004 20.1984 -120.3163 -94.6247 50.3015 183.3665 181.0535 74.4762 57.9459 119.1344 233.7068 60.3480 108.6216 145.4142 -6.9839 48.8957 74.2301 -233.2764 -93.7719 12.2543 -75.8756 363.8843 -35.1936 -69.1295 -204.9411 14.8855 -98.1300 -53.3669 -116.0639 190.5578 -97.0066 -144.3888 -379.8599 -47.3209 -38.7518 380.9584 92.0205 111.6362 -198.1132 -86.3824 73.5721 192.0234 58.6687 186.3275 -204.4275 -291.0891 8.2535 -206.1033 -227.8938 -160.0736 213.6957 -179.0626 -121.1562 80.0544 1.2898 -78.3519 279.6810 -13.9402 32.0048 -114.1933 -30.0941 -97.9343 -144.4881 -75.2125 187.8660 224.2063 -62.3634 259.4786 -77.7040 229.4388 66.6849 -31.4708 -52.9501 -78.2102 -92.6185 329.9670 -20.9272 89.0533 39.5829 197.4801 72.5956 17.0226 -149.2220 -287.9460 -221.2664 -115.1639 123.0821 42.8899 -132.9183 -261.8333 -6.8072 48.9577 26.9873 -23.2259
-247.0578 -530.5699 694.0152 1636.9835 13.2196 -998.2524 -2145.1660 -458.6412 -1395.5082 -1984.4664 2163.5615 1269.4053 2279.3740 1842.6948 239.0910 2582.8982 498.5333 -99.9446 952.1934 -463.8871 -1561.7312 -2492.8401 -1108.4248 1462.2942 -1550.0166 186.5907 -855.3041 -2161.9075 1584.3657 -1696.4893 1287.0558 -716.5870 472.6807 860.0891 -391.6775 1016.2700 62.2983 155.0289 -479.5919 -465.2049 -888.3112 2786.1580 4127.0518 436.7195 -2410.2083 -1282.2385 -1773.3264 -852.8299 2326.5435 -653.6523 25.0094 2994.0667 -1390.6821 2678.7048 1237.8120 423.7260 1508.3698 -1577.9523 1900.6106 -2015.2214 -3073.3464 375.1626 821.8050 -1866.9091 -1509.7886 -2186.7676 -1314.6936 -1126.8578 1162.5579 -902.2642 -1001.6605 -2158.8164 1576.8046 -287.8598 -487.5105 -2506.9229 -66.6959 -320.0957 1995.6298 825.0551 -585.9567 -371.7926 -2502.6030 -294.2178 2420.1084 919.4490 5.5894 3589.3545 739.0409 -597.7656 1435.5188 -2146.7588 -2306.2871 -940.9101 2097.1008 -2548.3379 -418.6435 -304.7343 -33.8533 -1110.0271 -2830.2776 1121.0319 1387.2119 -1699.9960 2697.2656 -1731.8518 1588.2572 -292.7545 3003.3298 29.8872 -503.3322 2310.8330 456.0012 -1303.9956 2409.4626 -1728.9628 462.0057 -747.9138 1580.2161 453.3606 -1846.6060 -612.1614 -368.6338 -2435.3247 1384.0760 -2715.4426 832.5821 152.0143 -933.4494 98.5035 1331.5022 1066.9110 -1447.1251 1863.2843 199.8784 2302.0762 -1591.7506 -755.2365 4473.8364 -543.9314 722.0920 -668.2538 377.0835 -1446.9048 -723.5233 237.7535 1316.1599 -260.3407 178.1222 1466.9540 700.0923 -1052.6776 2342.7014 -2640.5608 -305.3937 -441.6829 320.8188 -1235.4927 -3312.4087 236.6431 1237.4214 -2629.7241 -1879.9912 -1575.0808 641.5036 -1204.7472 776.7689 136.1978 -2012.5165 1333.6711 3487.6221 -482.5710 1586.5754 -771.7309 -1666.9531 2183.5171 -112.2919 -1275.8035 1450.5254 -487.5753 516.2980 774.7440 -2406.0535 100.5788 -309.1685 -2154.5527 -1070.6263 1093.2775 -991.0382 5044.8159 -373.8044 2959.9746 -296.7943 -484.8047 -3244.7153 -708.3077 803.4103 -194.5100 -1619.9644 -298.7455 3389.0615 1805.9697 474.7753 -117.6469 -789.2310 2469.0039 -337.9114 -222.0856 1319.0669 1037.5928 -551.8634 -2010.8674 -1985.0131 -816.6531 -635.0706 -1305.8806 -2562.3396 -661.9797 -1190.7134 -1594.6315 75.8679 -536.1061 -813.4585 2557.7959 1028.1504 -134.1140 832.4680 -3990.0457 385.5097 758.1514 2247.1606 -163.3617 1075.9352 584.9395 1272.6323 -2089.1438 1064.1378 1583.1870 4164.9648 518.8615 424.9427 -4177.9595 -1008.7277 -1224.4133 2172.4861 947.2129 -806.6556 -2105.4275 -642.8865 -2043.0931 2241.3467 3191.3562 -90.4364 2259.8635 2499.0625 1754.6989 -2343.1719 1963.6221 1328.3761 -877.6988 -14.2119 859.1584 -3066.7927 152.5835 -350.7638 1252.4114 330.0546 1073.8733 1584.4655 824.4917 -2059.6831 -2458.3330 683.9366 -2845.7510 852.1366 -2515.5549 -730.7207 345.2491 580.7764 857.5992 1015.5256 -3617.3411 229.3480 -976.5854 -433.8010 -2165.3914 -795.9600 -186.9666 1636.1234 3156.9917 2425.8665 1262.8859 -1349.5372 -470.0470 1457.2816 2870.9626 74.5796 -536.6063 -296.1402 254.6393
150.6279 323.5059 -423.1195 -997.9730 -8.0791 608.6059 1307.7915 279.6171 850.7515 1209.8571 -1319.0120 -773.8699 -1389.6227 -1123.3513 -145.7363 -1574.6462 -303.9520 60.9206 -580.4883 282.7566 952.0963 1519.7356 675.7337 -891.4881 944.9373 -113.7419 521.4063 1318.0387 -965.9340 1034.2762 -784.6398 436.8741 -288.1721 -524.3751 238.8262 -619.5713 -37.9506 -94.5183 292.3932 283.5804 541.6106 -1698.5624 -2516.0232 -266.2761 1469.3956 781.6967 1081.0698 519.9562 -1418.3685 398.4832 -15.2868 -1825.2998 847.8098 -1633.0105 -754.6431 -258.3517 -919.5712 962.0072 -1158.6888 1228.5823 1873.6681 -228.6936 -501.0000 1138.1626 920.3868 1333.1100 801.4902 686.9728 -708.7406 550.0414 610.6147 1316.0938 -961.3548 175.4928 297.2521 1528.3412 40.6875 195.1652 -1216.6356 -502.9949 357.2014 226.6377 1525.7246 179.3884 -1475.3607 -560.4894 -3.3733 -2188.1882 -450.5729 364.3974 -875.1503 1308.7639 1405.9933 573.6310 -1278.5065 1553.5983 255.2342 185.8432 20.6023 676.7329 1725.5049 -683.3776 -845.6804 1036.3490 -1644.3997 1055.7871 -968.2770 178.4674 -1830.9695 -18.2097 306.8789 -1408.8137 -278.0659 794.9758 -1468.8986 1054.0751 -281.6575 455.9964 -963.3737 -276.3440 1125.7299 373.1900 224.7408 1484.7024 -843.8071 1655.4313 -507.6176 -92.6943 569.0754 -60.0171 -811.7567 -650.4504 882.2461 -1135.9663 -121.8526 -1403.4052 970.3917 460.4341 -2727.4197 331.8274 -439.9150 407.4409 -229.9014 882.0726 441.1293 -144.9483 -802.3735 158.6904 -108.5804 -894.2979 -426.8063 641.7440 -1428.1836 1609.8094 186.1062 269.2826 -195.6250 753.2210 2019.3888 -144.2363 -754.3626 1603.2130 1146.1063 960.2245 -391.1620 734.4426 -473.5264 -82.9915 1226.9329 -813.0929 -2126.1768 294.2113 -967.2937 470.5289 1016.2425 -1331.2062 68.4916 777.8123 -884.3165 297.2678 -314.7661 -472.2990 1466.8772 -61.3918 188.4673 1313.4923 652.7266 -666.5157 604.2099 -3075.5471 227.8906 -1804.5452 180.9256 295.5260 1978.1434 431.8472 -489.7897 118.5906 987.5869 182.1167 -2066.1729 -1101.0210 -289.4240 71.7269 481.1913 -1505.2280 206.0154 135.3171 -804.1478 -632.5481 336.4592 1225.9034 1210.1353 497.8618 387.2228 796.1397 1562.0848 403.5540 725.9258 972.1281 -46.2752 326.8283 495.9026 -1559.3521 -626.8325 81.7436 -507.5203 2432.4961 -235.0125 -462.1932 -1369.9479 99.6063 -655.9506 -356.5964 -775.8152 1273.6558 -648.7371 -965.1901 -2539.1396 -316.3503 -259.0763 2547.0415 614.9500 746.5102 -1324.4193 -577.5025 491.8126 1283.5726 391.9067 1245.5696 -1366.4641 -1945.5864 55.1840 -1377.7388 -1523.5541 -1069.7684 1428.4856 -1197.0862 -809.8839 535.0659 8.5505 -523.7822 1869.7214 -93.0148 213.8360 -763.5253 -201.2625 -654.6685 -965.9777 -502.6406 1255.6802 1498.7228 -416.9974 1734.9252 -519.4728 1533.6171 445.5015 -210.5145 -354.0306 -522.8260 -619.0712 2205.2896 -139.8010 595.3666 264.5102 1320.1901 485.2540 113.9583 -997.4191 -1924.6865 -1478.8912 -769.9337 822.7833 286.5393 -888.4316 -1750.2766 -45.4286 327.1859 180.5155 -155.2413
-133.3165 -286.3193 374.5025 883.3237 7.1324 -538.6937 -1157.5691 -247.4785 -753.0933 -1070.8763 1167.5520 685.0286 1230.0138 994.4390 129.0154 1393.8341 269.0648 -53.9031 513.8275 -250.2990 -842.7347 -1345.2435 -598.0994 789.0767 -836.4210 100.6974 -461.5495 -1166.6632 854.9493 -915.4803 694.5681 -386.6913 255.1333 464.1785 -211.3356 548.4184 33.5953 83.6587 -258.7937 -251.0143 -479.3931 1503.5037 2227.0630 235.6630 -1300.6354 -691.9100 -956.9683 -460.2053 1255.4646 -352.7278 13.5114 1615.6515 -750.4424 1445.5065 667.9997 228.6364 813.9110 -851.4783 1025.6106 -1087.4702 -1658.4620 202.4192 443.4931 -1007.4396 -814.7098 -1180.0033 -709.4404 -608.0499 627.3419 -486.9009 -540.5073 -1164.9530 850.8621 -155.3772 -263.1012 -1352.7734 -36.0183 -172.6992 1076.9149 445.2078 -316.1857 -200.6055 -1350.4445 -158.8094 1305.9727 496.1546 2.9878 1936.9662 398.8133 -322.5581 774.6057 -1158.4332 -1244.5144 -507.7483 1131.6311 -1375.1613 -225.9469 -164.4682 -18.2689 -598.9482 -1527.3392 604.9653 748.6004 -917.3395 1455.5195 -934.5605 857.0502 -157.9511 1620.6808 16.1208 -271.6239 1247.0387 246.0848 -703.7056 1300.2313 -933.0342 249.2730 -403.6297 852.7475 244.6544 -996.4545 -330.3364 -198.9267 -1314.2118 746.8982 -1465.3068 449.2994 82.0497 -503.6894 53.1517 718.4787 575.7766 -780.9194 1005.4980 107.8766 1242.2811 -858.9410 -407.5387 2414.2195 -293.6716 389.6712 -360.3054 203.4518 -780.8027 -390.3633 128.2978 710.2468 -140.4618 96.1340 791.5945 377.7966 -568.0829 1264.1940 -1424.9137 -164.7916 -238.3664 173.1374 -666.7267 -1787.4767 127.6756 667.7209 -1419.0188 -1014.4476 -850.0117 346.2226 -650.1415 419.1871 73.4656 -1086.0039 719.6967 1882.0138 -260.4240 856.1736 -416.4393 -899.4922 1178.2661 -60.5767 -688.4911 782.7664 -263.1245 278.6021 418.0183 -1298.3866 54.3303 -166.8530 -1162.6589 -577.7207 589.9539 -534.7643 2722.3420 -201.7301 1597.2869 -160.1568 -261.6094 -1750.9598 -382.1965 433.5589 -104.9599 -874.1315 -161.2073 1828.8212 974.6028 256.2051 -63.4936 -425.9291 1332.3911 -182.3250 -119.7767 711.8306 559.9181 -297.7557 -1085.1254 -1071.1544 -440.6662 -342.6723 -704.6818 -1382.6848 -357.1710 -642.5450 -860.5060 40.9626 -289.2880 -438.9081 1380.2893 554.8359 -72.3743 449.2727 -2153.1846 208.0232 409.1067 1212.5979 -88.1879 580.6273 315.6434 686.7576 -1127.3196 574.2709 854.3347 2247.5693 279.9829 229.2815 -2254.5608 -544.3274 -660.7782 1172.3376 511.2244 -435.2737 -1136.1063 -346.8752 -1102.5240 1209.5228 1722.1512 -48.7855 1219.4810 1348.5862 946.9063 -1264.5098 1059.5995 716.8170 -473.6026 -7.6755 463.6201 -1654.9288 82.3500 -189.2890 675.8391 178.0981 579.4940 855.0364 444.9601 -1111.4425 -1326.5831 369.1566 -1535.6453 459.8053 -1357.4509 -394.3409 186.3070 313.3536 462.7782 548.0245 -1952.0394 123.7165 -526.9894 -234.0894 -1168.5361 -429.4929 -100.8946 882.8929 1703.6095 1309.0902 681.4696 -728.2619 -253.7086 786.3788 1549.2783 40.2317 -289.5941 -159.7875 137.4662
-164.0756 -352.4494 460.9691 1087.3156 8.7074 -662.9747 -1424.7776 -304.6288 -926.8812 -1318.0710 1437.0137 843.1352 1513.9639 1223.9387 158.7817 1715.5480 331.1205 -66.4033 632.4842 -308.1130 -1037.2847 -1655.7043 -736.2332 971.2214 -1029.5533 123.9456 -568.0839 -1435.9686 1052.3162 -1126.7882 854.9147 -475.9832 313.9551 571.2573 -260.1916 674.9799 41.3785 102.9857 -318.5215 -308.9784 -590.0426 1850.5552 2741.2200 290.1062 -1600.8326 -851.6755 -1177.8472 -566.4745 1545.2910 -434.1702 16.6403 1988.6792 -923.7225 1779.1329 822.1464 281.4483 1001.8588 -1048.0884 1262.3693 -1338.4678 -2041.3292 249.1793 545.8206 -1239.9933 -1002.8188 -1452.4565 -873.2142 -748.4531 772.1655 -599.3163 -665.3281 -1433.8738 1047.3180 -191.2081 -323.7938 -1665.0817 -44.3131 -212.5988 1325.4946 548.0163 -389.1481 -246.9296 -1662.2131 -195.4516 1607.4170 610.6572 3.7349 2384.0264 490.8515 -397.0031 953.4627 -1425.8735 -1531.7997 -624.9315 1392.8965 -1692.5834 -278.0867 -202.4630 -22.5115 -737.2730 -1879.8770 744.5388 921.3693 -1129.0688 1791.5466 -1150.3274 1054.9324 -194.4222 1994.7640 19.7806 -334.3201 1534.8041 302.8863 -866.1303 1600.3494 -1148.3834 306.8970 -496.7564 1049.5288 301.1302 -1226.4966 -406.5774 -244.8513 -1617.5448 919.2788 -1803.6016 553.0191 100.9919 -619.9819 65.4048 884.3811 708.6016 -961.1846 1237.5614 132.7396 1528.9618 -1057.1995 -501.6226 2971.4824 -361.5067 479.5684 -443.8188 250.7662 -961.0455 -480.5261 157.9302 874.2097 -172.8909 118.2928 974.3084 465.0630 -699.1584 1555.9568 -1753.8901 -202.8411 -293.4159 213.0774 -820.6149 -2200.0742 157.1939 821.8817 -1746.6345 -1248.6798 -1046.1492 426.0997 -800.1799 515.9384 90.4204 -1336.7147 885.8535 2316.4543 -320.5254 1053.8325 -512.5847 -1107.2009 1450.2891 -74.5819 -847.3548 963.4481 -323.8670 342.9521 514.5804 -1598.0598 66.8369 -205.3501 -1431.0404 -711.1008 726.1380 -658.2076 3350.7590 -248.2602 1965.9740 -197.0945 -321.9988 -2155.1497 -470.5068 533.5914 -129.1370 -1075.9874 -198.4281 2251.0239 1199.5660 315.3212 -78.1588 -524.2426 1639.8979 -224.4061 -147.5240 876.1271 689.1974 -366.5207 -1335.6322 -1318.4805 -542.3894 -421.8215 -867.3619 -1701.8905 -439.6236 -790.8898 -1059.1562 50.3898 -356.1403 -540.2941 1698.8929 682.9072 -89.1131 552.9467 -2650.1377 256.0768 503.5849 1492.5315 -108.5055 714.6267 388.5087 845.2735 -1387.6080 706.7714 1051.5055 2766.3452 344.6208 282.2332 -2774.9155 -669.9611 -813.2668 1442.9000 629.1870 -535.7576 -1398.4280 -426.9931 -1357.0524 1488.6951 2119.7161 -60.0706 1501.0289 1659.8730 1165.4733 -1556.3533 1304.2351 882.2866 -582.9575 -9.4515 570.6731 -2036.9733 101.3843 -232.9634 831.8207 219.2517 713.2287 1052.3958 547.6495 -1368.0249 -1632.8635 454.2639 -1890.1598 565.9649 -1670.8262 -485.4021 229.3659 385.7403 569.5865 674.4843 -2402.6704 152.3373 -648.6422 -288.1335 -1438.2277 -528.6558 -124.1894 1086.6946 2096.8674 1611.2670 838.8120 -896.3732 -312.2063 967.8868 1906.9017 49.5155 -356.4149 -196.6923 169.1676
-282.8912 -607.5958 794.7052 1874.4390 15.0722 -1143.0806 -2456.2864 -525.2545 -1597.8875 -2272.3987 2477.3918 1453.5348 2609.9888 2109.9675 273.7461 2957.5764 570.8821 -114.4312 1090.3611 -531.1099 -1788.2778 -2854.4089 -1269.1934 1674.3708 -1774.8479 213.6416 -979.3127 -2475.4983 1814.2091 -1942.6002 1473.7583 -820.5407 541.2331 984.8828 -448.4908 1163.6676 71.3840 177.4830 -549.1946 -532.6855 -1017.2031 3190.2429 4725.6841 500.1154 -2759.8323 -1468.2837 -2030.5706 -976.5537 2664.0037 -748.4911 28.6209 3428.3518 -1592.4750 3067.2441 1417.3870 485.1875 1727.1143 -1806.8562 2176.3652 -2307.5603 -3519.1819 429.5840 941.0360 -2137.7456 -1728.7582 -2503.9338 -1505.4502 -1290.3606 1331.2141 -1033.1288 -1146.9958 -2471.9487 1805.5267 -329.6381 -558.2796 -2870.5876 -76.4014 -366.5871 2285.1072 944.6846 -670.9603 -425.6893 -2865.6199 -336.8407 2771.1609 1052.8055 6.3878 4110.0151 846.2940 -684.5133 1643.7162 -2458.1794 -2640.8242 -1077.4120 2401.3350 -2918.0203 -479.3747 -349.0114 -38.7684 -1271.0153 -3240.8770 1283.5939 1588.4895 -1946.5417 3088.5557 -1983.0946 1818.6674 -335.2115 3438.9556 34.2142 -576.3441 2645.9800 522.2410 -1493.1613 2758.9885 -1979.7971 529.0630 -856.3793 1809.3982 519.1190 -2114.4395 -700.8900 -422.1483 -2788.6257 1584.8799 -3109.2803 953.3989 174.0831 -1068.8452 112.8036 1524.6608 1221.6630 -1657.0623 2133.5659 228.8891 2636.0105 -1822.6390 -864.8575 5122.7227 -623.1744 826.8202 -765.1492 431.7319 -1656.5181 -828.5070 272.2177 1507.0846 -298.0983 203.8762 1679.7939 801.7114 -1205.3318 2682.4604 -3023.5566 -349.6535 -505.7572 367.3426 -1414.6771 -3792.8455 270.9579 1416.8745 -3011.2009 -2152.6411 -1803.5348 734.6081 -1379.5619 889.4244 155.8929 -2304.4954 1527.1740 3993.4663 -552.6249 1816.7653 -883.7154 -1908.7493 2500.2361 -128.5737 -1460.8733 1660.9252 -558.3262 591.1935 887.1105 -2755.1074 115.2069 -353.9781 -2467.0986 -1225.9624 1251.8431 -1134.8275 5776.6729 -428.0221 3389.3103 -339.8365 -555.1309 -3715.4329 -811.0385 919.9407 -222.6914 -1854.9718 -342.0784 3880.7563 2068.0122 543.6049 -134.7512 -903.7341 2827.1182 -386.9665 -254.2476 1510.3890 1188.1517 -631.9177 -2302.5505 -2272.9390 -935.1582 -727.1927 -1495.3425 -2934.0408 -757.9593 -1363.4539 -1825.8990 86.8646 -613.8996 -931.4755 2928.9194 1177.3091 -153.5828 953.2679 -4568.8809 441.4769 868.1334 2573.0999 -187.0554 1232.0374 669.8328 1457.2516 -2392.2275 1218.4694 1812.8240 4769.1431 594.0980 486.6211 -4784.0430 -1155.0459 -1402.0958 2487.6636 1084.7019 -923.6564 -2410.8091 -736.1466 -2339.5251 2566.4314 3654.3306 -103.5298 2587.7473 2861.6506 2009.2512 -2683.1182 2248.4456 1521.0386 -1004.9868 -16.2952 983.7911 -3511.6885 174.7813 -401.6408 1434.0217 377.9775 1229.6342 1814.2773 944.1032 -2358.4734 -2815.0183 783.1987 -3258.6284 975.7298 -2880.3953 -836.7289 395.4248 664.9950 981.9603 1162.8024 -4142.1401 262.6325 -1118.3029 -496.7570 -2479.5481 -911.3949 -214.0896 1873.4030 3615.0059 2777.7363 1446.0952 -1545.3085 -538.2533 1668.7500 3287.4551 85.3335 -614.4503 -339.1371 291.6155
468.3743 1005.9475 -1315.7999 -3103.3843 -25.0307 1892.5278 4066.7715 869.5258 2645.5918 3762.2156 -4101.6450 -2406.5266 -4321.2925 -3493.4175 -453.2886 -4896.7310 -945.0757 189.4399 -1805.2151 879.3917 2960.7837 4725.9634 2101.3618 -2772.1787 2938.4680 -353.6873 1621.4772 4098.5322 -3003.6536 3216.2527 -2440.0715 1358.4612 -896.1371 -1630.6215 742.5334 -1926.6445 -118.1515 -293.8947 909.2402 881.9471 1684.1520 -5281.9893 -7824.0449 -827.9857 4569.2969 2430.9253 3361.9114 1616.8470 -4410.6797 1239.2245 -47.3678 -5676.1528 2636.5896 -5078.3320 -2346.7004 -803.3307 -2859.4941 2991.5295 -3603.2363 3820.4988 5826.5356 -711.2240 -1557.9858 3539.3147 2862.2344 4145.6392 2492.4280 2136.2905 -2203.9998 1710.4985 1899.0173 4092.7117 -2989.3591 545.7533 924.3618 4752.6353 126.4790 606.8550 -3783.3008 -1564.0687 1110.8401 704.8113 4744.4316 557.7654 -4588.0537 -1743.0964 -10.5538 -6804.7456 -1401.1229 1133.3315 -2721.4060 4069.8745 4372.2734 1783.7943 -3975.7361 4831.1704 793.7364 577.8209 64.1843 2104.4236 5365.8154 -2125.2285 -2629.9573 3222.8357 -5113.5117 3283.3162 -3011.1157 554.9673 -5693.7407 -56.6581 954.2744 -4380.8501 -864.5153 2472.1626 -4567.9199 3277.8521 -875.8222 1417.9292 -2995.7773 -859.5046 3500.8015 1160.4595 698.8610 4616.9492 -2623.9897 5147.9185 -1578.4694 -288.2390 1769.6619 -186.7161 -2524.2463 -2022.6801 2743.4932 -3532.4612 -379.0523 -4364.3291 3017.6470 1431.8663 -8481.4258 1031.7745 -1368.9434 1266.8525 -714.8132 2743.0679 1371.9675 -450.7494 -2495.1804 493.5449 -337.6712 -2781.0625 -1327.2974 1995.6705 -4441.2173 5005.9717 578.9114 837.3068 -608.2430 2342.2031 6279.6802 -448.5771 -2345.7771 4985.4302 3564.0161 2986.0547 -1216.2333 2284.0847 -1472.5798 -258.1499 3815.4253 -2528.4170 -6611.8091 914.8695 -3007.8787 1463.0262 3160.2502 -4139.5308 212.8347 2418.7913 -2749.9163 924.3856 -978.8372 -1468.7086 4561.4678 -190.7062 586.1381 4084.6062 2029.7052 -2072.5657 1878.8363 -9564.0576 708.6314 -5611.5967 562.6359 919.0504 6151.4971 1342.8140 -1523.0734 368.7469 3071.1365 566.3681 -6425.1094 -3423.9153 -899.9763 223.1023 1496.2991 -4680.8115 640.5904 420.9612 -2500.6965 -1967.0265 1046.1862 3812.2144 3763.1406 1548.2094 1203.9850 2475.7322 4857.6504 1254.9946 2257.4043 3023.0510 -143.8548 1016.3924 1542.1226 -4849.1968 -1949.2057 254.2646 -1578.1937 7564.4067 -730.8227 -1437.2987 -4260.1812 309.7097 -2039.8097 -1109.0398 -2412.6846 3960.6938 -2017.3412 -3001.4390 -7896.0327 -983.6602 -805.6321 7920.6860 1912.3188 2321.3372 -4118.6299 -1795.8842 1529.2258 3991.4185 1218.8065 3873.3872 -4249.1431 -6050.1748 171.4717 -4284.3252 -4737.8555 -3326.5996 4442.2490 -3722.6924 -2518.3455 1663.8873 26.9430 -1628.8041 5814.1543 -289.2568 664.9734 -2374.2678 -625.8203 -2035.8334 -3003.8467 -1563.0133 3904.7793 4660.6855 -1296.7468 5395.0645 -1615.4032 4768.9688 1385.3187 -654.6602 -1100.9949 -1625.8625 -1925.1804 6857.9448 -434.7404 1851.5007 822.4374 4105.1802 1508.9426 354.4152 -3101.7085 -5985.1187 -4598.9834 -2394.1750 2558.5256 891.1171 -2762.7200 -5442.8145 -141.3396 1017.3818 561.4041 -482.7415
114.5068 245.9628 -321.7467 -758.8047 -6.1105 462.7025 994.3828 212.5956 646.8676 919.9113 -1002.9233 -588.4714 -1056.5869 -854.1882 -110.7933 -1197.2549 -231.1081 46.3258 -441.4306 215.0124 723.9250 1155.5490 513.8622 -677.8440 718.5214 -86.5198 396.5059 1002.1453 -734.4594 786.4266 -596.5603 332.1184 -219.1318 -398.6766 181.6047 -471.0666 -28.9268 -71.8784 222.3643 215.6380 411.7955 -1291.5088 -1913.0950 -202.4615 1117.2679 594.4150 822.0274 395.3261 -1078.4841 303.0129 -11.6092 -1387.8848 644.6831 -1241.6866 -573.7983 -196.4092 -699.1580 731.4999 -881.0022 934.2237 1424.6665 -173.8989 -380.9498 865.4537 699.8818 1013.6705 609.3809 522.3732 -538.9000 418.2383 464.3141 1000.7372 -730.9182 133.4689 225.9995 1162.1211 30.9260 148.3459 -925.1039 -382.4634 271.6387 172.3255 1160.1254 136.4279 -1121.8123 -426.1844 -2.6252 -1663.8445 -342.6003 277.0900 -665.4581 995.1409 1069.1481 436.1024 -972.1328 1181.2563 194.0650 141.3118 15.6314 514.5718 1311.9995 -519.6385 -643.0900 788.0214 -1250.2874 802.8298 -736.2833 135.6989 -1392.1967 -13.7904 233.3832 -1071.1642 -211.3826 604.4841 -1116.8972 801.4962 -214.1388 346.6988 -732.4756 -210.1820 855.9539 283.7248 170.8900 1128.9215 -641.6251 1258.7271 -385.9200 -70.4498 432.7485 -45.6513 -617.1962 -494.5699 670.8625 -863.7756 -92.6127 -1067.1215 737.8652 350.0858 -2073.8396 252.2693 -334.7805 309.7544 -174.7868 670.7225 335.3851 -109.9446 -610.1191 120.6368 -82.5540 -680.0500 -324.5873 487.9378 -1085.9100 1224.0554 141.5703 204.7927 -148.7375 572.7296 1535.4757 -109.6897 -573.6286 1218.9866 871.4938 730.1108 -297.4352 558.4618 -360.0714 -63.0909 932.9401 -618.2697 -1616.7256 223.6801 -735.4666 357.7219 772.7411 -1012.1971 52.0711 591.4293 -672.3951 226.0130 -239.3179 -359.1183 1115.3397 -46.6686 143.3171 998.7751 496.3643 -506.7245 459.4069 -2338.5232 173.2770 -1372.1129 137.5793 224.7488 1504.0884 328.3841 -372.4265 90.1630 750.9210 138.4977 -1571.0179 -837.1754 -220.0654 54.5811 365.8576 -1144.5129 156.6380 102.9384 -611.4348 -480.9709 255.8275 932.1193 920.2064 378.5382 294.3996 605.3729 1187.7377 306.8312 551.9646 739.1724 -35.1671 248.5090 377.0348 -1185.6986 -476.5562 62.1820 -385.9015 1849.5922 -178.6772 -351.4346 -1041.6166 75.7489 -498.7298 -271.1323 -589.9650 968.4092 -493.2591 -733.8925 -1930.7167 -240.5473 -196.9691 1936.6750 467.6210 567.6099 -1007.0820 -439.1107 373.9768 975.9369 298.0098 947.1120 -1038.9502 -1479.3518 41.9020 -1047.5793 -1158.4604 -813.4085 1086.2203 -910.2610 -615.7494 406.8628 6.5970 -398.2735 1421.6166 -70.7159 162.5663 -580.5361 -153.0181 -497.7723 -734.4938 -382.1922 954.7529 1139.5692 -317.0418 1319.1743 -394.9720 1166.1139 338.7793 -160.0802 -269.2235 -397.5578 -470.7402 1676.8284 -106.2745 452.7052 201.1251 1003.7780 368.9591 86.6477 -758.4270 -1463.4272 -1124.4979 -585.4255 625.5976 217.9435 -675.5204 -1330.8717 -34.5326 248.8153 137.2800 -118.0142
-184.8895 -397.1095 519.4250 1225.1167 9.8978 -747.0940 -1605.4333 -343.2713 -1044.4377 -1485.2268 1619.2281 950.0133 1705.9081 1379.0582 178.9327 1933.0281 373.1219 -74.7674 712.6475 -347.1634 -1168.8036 -1865.6782 -829.5605 1094.3455 -1160.0190 139.6062 -640.1006 -1617.9885 1185.7651 -1269.6969 963.2672 -536.3011 353.7933 643.6888 -293.1293 760.5863 46.6477 116.0293 -358.9698 -348.1607 -664.8200 2085.1379 3088.6858 326.9227 -1803.8556 -959.6267 -1327.1559 -638.2915 1741.2109 -489.1819 18.7658 2240.7610 -1040.8489 2004.7543 926.4503 317.1328 1128.8507 -1180.9713 1422.4348 -1508.1913 -2300.1042 280.7711 615.0482 -1397.2185 -1129.9324 -1636.5732 -983.9800 -843.3536 870.0056 -675.2792 -749.6762 -1615.6858 1180.1019 -215.4331 -364.9026 -1876.2020 -49.9498 -239.5478 1493.5494 617.5206 -438.5685 -278.2436 -1872.9583 -220.1826 1811.2317 688.1132 4.1386 2686.3306 553.0811 -447.4073 1074.3241 -1606.6052 -1726.0706 -704.2009 1569.5135 -1907.2091 -313.3171 -228.1109 -25.3503 -830.7652 -2118.2510 838.9895 1038.2212 -1272.2644 2018.6577 -1296.1438 1188.7026 -219.0916 2247.7402 22.4001 -376.7213 1729.4481 341.2780 -975.9042 1803.2412 -1294.0088 345.7825 -559.7385 1182.6345 339.3182 -1382.0062 -458.1084 -275.9000 -1822.6080 1035.8727 -2032.2175 623.1299 113.7424 -698.5939 73.6579 996.5212 798.4569 -1083.0337 1394.5067 149.6003 1722.9352 -1191.2819 -565.2565 3348.2168 -407.3214 540.4173 -500.1606 282.2443 -1082.8765 -541.4875 177.9548 985.2950 -194.8392 133.3033 1097.9022 524.0158 -787.7955 1753.2814 -1976.1869 -228.5339 -330.5737 240.1118 -924.6446 -2479.0413 177.0731 926.0423 -1968.1208 -1406.9393 -1178.7944 480.1713 -901.6763 581.3046 101.8888 -1506.1781 998.1450 2610.1396 -361.1928 1187.4121 -577.5408 -1247.5754 1634.1927 -84.0339 -954.8191 1085.6096 -364.9595 386.3888 579.8064 -1800.7643 75.2888 -231.4194 -1612.4495 -801.2955 818.1970 -741.6954 3775.5884 -279.7271 2215.2695 -222.0842 -362.7981 -2428.4285 -530.1353 601.2957 -145.5564 -1212.3859 -223.5393 2536.3936 1351.6487 355.2984 -88.0740 -590.7135 1847.7936 -252.8714 -166.1755 987.1639 776.5459 -413.0168 -1504.9290 -1485.6001 -611.2064 -475.2586 -977.3372 -1917.6786 -495.4399 -891.1293 -1193.4025 56.8088 -401.2313 -608.7975 1914.2950 769.4887 -100.4035 623.0232 -2986.1819 288.5235 567.3900 1681.7819 -122.2633 805.2223 437.8056 952.4500 -1563.5474 796.4124 1184.8949 3117.0786 388.2934 318.0235 -3126.8577 -754.9178 -916.4069 1625.8840 708.9404 -603.7025 -1575.7101 -481.1402 -1529.0903 1677.4401 2388.4500 -67.7002 1691.3168 1870.3464 1313.2762 -1753.6543 1469.5542 994.1844 -656.8454 -10.6182 642.9871 -2295.2334 114.1886 -262.5138 937.3209 247.0563 803.6924 1185.8353 617.0447 -1541.4805 -1839.8745 511.9225 -2129.8113 637.7238 -1882.6305 -546.9219 258.3812 434.6637 641.8459 759.9955 -2707.2864 171.6135 -730.8953 -324.6619 -1620.5778 -595.6861 -139.9132 1224.4891 2362.7605 1815.5367 945.1382 -1010.0220 -351.7668 1090.6357 2148.6499 55.8096 -401.6377 -221.6163 190.5719
-38.2626 -82.1841 107.5138 253.5682 2.0330 -154.6332 -332.2609 -71.0377 -216.1391 -307.3600 335.1086 196.6525 353.0839 285.4554 37.0374 400.0877 77.2411 -15.4322 147.4847 -71.8776 -241.9250 -386.1226 -171.6908 226.4980 -240.0854 28.8991 -132.4839 -334.8834 245.4088 -262.7607 199.4006 -111.0307 73.2839 133.1848 -60.6915 157.3690 9.6240 24.0534 -74.2216 -72.0453 -137.6292 431.5584 639.2955 67.6494 -373.3587 -198.5843 -274.7199 -132.0968 360.3756 -101.2454 3.8850 463.7610 -215.3747 414.8929 191.7537 65.6683 233.6346 -244.4238 294.4051 -312.1685 -476.1027 58.1123 127.2669 -289.1777 -233.8694 -338.7421 -203.5870 -174.5434 180.0931 -139.7484 -155.1462 -334.4151 244.2404 -44.5822 -75.5390 -388.3519 -10.3129 -49.5581 309.1308 127.7891 -90.7490 -57.5665 -387.6338 -45.5660 374.8800 142.4617 0.8220 555.9321 114.4766 -92.5676 222.3062 -332.5219 -357.2223 -145.7283 324.8079 -394.7249 -64.9019 -47.2143 -5.2257 -171.9538 -438.3991 173.6655 214.8472 -263.3256 417.8065 -268.2625 246.0149 -45.3535 465.2246 4.6077 -77.9672 357.9499 70.5921 -202.0242 373.2299 -267.8195 71.5499 -115.9012 244.7812 70.2370 -285.9861 -94.8434 -57.1089 -377.2081 214.3633 -420.5984 128.9779 23.5508 -144.5954 15.1970 206.2383 165.2903 -224.1581 288.6237 31.0102 356.5972 -246.5855 -116.9845 692.9589 -84.3184 111.8565 -103.5295 58.3677 -224.1120 -112.0459 36.8590 203.9154 -39.9706 27.5947 227.2337 108.4489 -163.0564 362.8661 -409.0091 -47.3102 -68.4494 49.7556 -191.3736 -513.0914 36.6625 191.6705 -407.3066 -291.1932 -243.9903 99.3937 -186.5992 120.3252 21.1296 -311.7574 206.5965 540.2366 -74.7445 245.7784 -119.5471 -258.2039 338.2296 -17.4158 -197.6321 224.7039 -75.5142 79.9670 119.9857 -372.6531 15.5525 -47.8788 -333.7034 -165.8189 169.3036 -153.5082 781.3790 -57.9303 458.5116 -45.9415 -75.0720 -502.6013 -109.6868 124.4437 -30.1423 -250.9234 -46.2693 524.9548 279.7667 73.4867 -18.2518 -122.2681 382.4812 -52.3434 -34.3990 204.3202 160.6802 -85.4892 -311.4799 -307.4807 -126.4905 -98.3478 -202.2957 -396.8484 -102.5058 -184.4431 -246.9875 11.7599 -82.9983 -125.9585 396.2077 159.2267 -20.7754 128.9509 -618.0493 59.7011 117.4162 348.0701 -25.2973 166.6644 90.5512 197.1378 -323.5940 164.8306 245.2330 645.1076 80.3804 65.8568 -647.1430 -156.2337 -189.6540 336.5052 146.6866 -124.9242 -326.1138 -99.5723 -316.4203 347.2015 494.2997 -14.0124 350.0370 387.0465 271.7992 -362.9470 304.1541 205.7660 -135.9251 -2.2008 133.1150 -475.0774 23.6017 -54.3385 193.9938 51.0974 166.3152 245.4421 127.7163 -319.0539 -380.7980 105.9514 -440.7831 131.9974 -389.6729 -113.2280 53.4886 89.9754 132.8054 157.3143 -560.3160 35.5277 -151.2620 -67.2161 -335.4276 -123.2893 -28.9419 253.4034 489.0434 375.7917 195.6268 -209.0794 -72.8164 225.7072 444.7011 11.5846 -83.1118 -45.8614 39.4670
242.5156 520.8504 -681.2366 -1606.7915 -12.9930 979.8469 2105.6252 450.2645 1369.8430 1947.9957 -2123.7300 -1245.9847 -2237.3677 -1808.7467 -234.6548 -2535.2812 -489.3638 98.0777 -934.6672 455.2662 1532.9998 2446.9111 1087.9983 -1435.3262 1521.5096 -183.1478 839.5294 2122.0903 -1555.1758 1665.2366 -1263.3927 703.3184 -463.9473 -844.3090 384.4594 -997.5677 -61.1960 -152.1877 470.7809 456.6678 871.9534 -2734.8433 -4051.0049 -428.7192 2365.8130 1258.6519 1740.6478 837.1699 -2283.6782 641.6068 -24.5411 -2938.8970 1365.1533 -2629.3354 -1215.0253 -415.9403 -1480.5096 1548.8920 -1865.6279 1978.0543 3016.7576 -368.2056 -806.7154 1832.5377 1481.9607 2146.4304 1290.5212 1106.1316 -1141.1047 885.6346 983.2207 2119.0410 -1547.7670 282.5845 478.5984 2460.7146 65.4933 314.2234 -1958.9426 -809.8461 575.2130 364.8849 2456.5386 288.8134 -2375.4929 -902.5073 -5.4955 -3523.2231 -725.4497 586.7841 -1409.0208 2107.2583 2263.7656 923.5438 -2058.5010 2501.4397 410.9464 299.1442 33.2083 1089.5690 2778.2085 -1100.3695 -1361.6901 1668.6890 -2647.5972 1699.9789 -1559.0161 287.3835 -2948.0242 -29.3699 494.0719 -2268.2708 -447.6276 1279.9470 -2365.0938 1697.1385 -453.4826 734.1201 -1551.1060 -445.0072 1812.6108 600.8723 361.8543 2390.5129 -1358.5623 2665.4006 -817.2477 -149.2546 916.2802 -96.6886 -1306.9493 -1047.2614 1420.4917 -1829.0065 -196.1628 -2259.6948 1562.4150 741.3770 -4391.4307 534.2019 -708.7960 655.9312 -370.0953 1420.2393 710.1873 -233.3840 -1291.9170 255.5509 -174.5269 -1439.9854 -687.2102 1033.2910 -2299.4868 2591.9404 299.7157 433.5258 -314.8813 1212.7354 3251.4124 -232.2789 -1214.5747 2581.2854 1845.3474 1546.0571 -629.7717 1182.5729 -762.4373 -133.6097 1975.5040 -1309.0999 -3423.3474 473.6910 -1557.3271 757.5000 1636.2423 -2143.2817 110.2364 1252.3793 -1423.7858 478.6042 -506.7915 -760.4300 2361.7739 -98.7747 303.4624 2114.9084 1050.9395 -1073.1168 972.8550 -4951.9604 366.9016 -2905.4619 291.3163 475.8269 3184.9810 695.2924 -788.6757 190.9719 1590.1329 293.2291 -3326.6980 -1772.7677 -466.0108 115.4874 774.6896 -2423.4822 331.6692 217.9873 -1294.7455 -1018.5131 541.6096 1973.7930 1948.4973 801.5844 623.4049 1281.8782 2515.1638 649.7599 1168.7482 1565.2526 -74.4749 526.2372 798.4788 -2510.7163 -1009.2251 131.6223 -817.1494 3916.5544 -378.3657 -744.1984 -2205.7244 160.3594 -1056.1521 -574.2715 -1249.2267 2050.6477 -1044.5286 -1554.0217 -4088.2725 -509.2530 -417.0913 4100.9834 990.1284 1201.9540 -2132.4941 -929.8912 791.8047 2066.6169 631.0728 2005.5254 -2200.0920 -3132.5869 88.7471 -2218.3057 -2453.1045 -1722.4031 2300.0444 -1927.4631 -1303.8636 861.5058 13.9488 -843.2916 3010.3506 -149.7993 344.2613 -1229.3232 -323.9987 -1054.0507 -1555.2771 -809.3010 2021.7373 2413.0667 -671.4271 2793.3477 -836.3727 2469.1897 717.3007 -338.9161 -570.0502 -841.7698 -996.7979 3550.7395 -225.1092 958.6483 425.8342 2125.5815 781.2381 183.5166 -1606.0071 -3098.8501 -2381.1682 -1239.5918 1324.6923 461.3782 -1430.4343 -2818.0684 -73.1440 526.6954 290.6716 -249.9749
16.5967 35.6386 -46.5209 -109.7739 -0.8698 67.0334 143.8780 30.7746 93.6483 133.1154 -145.1516 -85.0984 -152.8545 -123.6076 -16.0001 -173.2623 -33.4528 6.6784 -63.8713 31.0653 104.7350 167.2580 74.3556 -98.0705 104.0076 -12.4883 57.3788 145.0418 -106.2842 113.7948 -86.3454 48.1072 -31.7113 -57.7713 26.2809 -68.2254 -4.1825 -10.3999 32.1092 31.2686 59.6026 -186.9321 -276.8037 -29.3297 161.6862 86.0003 119.0046 57.2072 -156.0760 43.8949 -1.6984 -200.8020 93.3559 -179.6756 -83.0340 -28.4138 -101.1909 105.8102 -127.4883 135.1869 206.1475 -25.1527 -55.1449 125.2497 101.2910 146.6777 88.1642 75.6583 -77.9947 60.5185 67.1640 144.7856 -105.7926 19.3365 32.6932 168.1579 4.4751 21.4810 -133.8784 -55.3083 39.2598 24.9451 167.8819 19.6781 -162.3387 -61.6771 -0.3990 -240.7953 -49.5494 40.1185 -96.2941 144.0234 154.7030 63.0799 -140.7221 170.9570 28.0952 20.4382 2.2769 74.4620 189.8535 -75.1969 -93.0817 114.0102 -180.9909 116.1605 -106.5645 19.6097 -201.5123 -1.9765 33.7534 -155.0131 -30.6178 87.4542 -161.6715 116.0023 -31.0462 50.1912 -106.0310 -30.3790 123.8813 41.0464 24.7108 163.3862 -92.7986 182.1668 -55.8548 -10.2194 62.6419 -6.6126 -89.3000 -71.5809 97.1038 -124.9321 -13.4289 -154.4699 106.7331 50.6466 -300.0930 36.4829 -48.4847 44.8258 -25.3014 97.0554 48.5598 -15.9698 -88.3235 17.4719 -11.8685 -98.0772 -46.9706 70.6058 -157.1661 177.1279 20.4537 29.6398 -21.5426 82.8356 222.2262 -15.8933 -82.9927 176.3593 126.1084 105.6428 -43.0580 80.8234 -52.1178 -9.1032 134.9970 -89.4708 -233.9364 32.3777 -106.4298 51.7915 111.7795 -146.5225 7.4582 85.5832 -97.3540 32.6965 -34.6246 -51.9562 161.4275 -6.7775 20.7328 144.5531 71.8284 -73.3252 66.4679 -338.4174 25.0912 -198.5721 19.9063 32.5420 217.6832 47.5177 -53.8993 13.0398 108.6862 20.0270 -227.3435 -121.1315 -31.8553 7.8798 52.9265 -165.5784 22.6742 14.8935 -88.4877 -69.5717 36.9690 134.9033 133.1761 54.7668 42.5867 87.6070 171.9371 44.3629 79.8487 106.9677 -5.0647 35.9961 54.5316 -171.5670 -68.9671 8.9737 -55.8453 267.6705 -25.9099 -50.8043 -150.8138 10.9736 -72.1615 -39.2038 -85.3764 140.1362 -71.3822 -106.1751 -279.4226 -34.7801 -28.4931 280.2519 67.7026 82.1497 -145.7691 -63.6000 54.1004 141.2650 43.1150 137.0410 -150.3642 -214.0646 6.0892 -151.5496 -167.7072 -117.7390 157.2232 -131.7074 -89.1282 58.8803 1.0180 -57.6056 205.7068 -10.2274 23.5325 -83.9826 -22.1682 -72.0627 -106.2713 -55.3144 138.1576 164.8891 -45.9133 190.9290 -57.1528 168.7266 49.0117 -23.1514 -38.9420 -57.4861 -68.0608 242.6702 -15.3299 65.5038 29.0157 145.2846 53.3607 12.5490 -109.7627 -211.7715 -162.7633 -84.7290 90.5050 31.5548 -97.8072 -192.5977 -5.0646 36.0103 19.8900 -17.1125
-472.1454 -1014.0722 1326.4817 3128.6077 25.2416 -1907.8701 -4099.8691 -876.6339 -2667.1414 -3792.7666 4134.9858 2426.0518 4356.4014 3521.7908 456.9589 4936.5117 952.7858 -191.0380 1819.8812 -886.5657 -2984.8984 -4764.3945 -2118.4336 2794.7385 -2962.3486 356.5743 -1634.6261 -4131.8350 3028.0840 -3242.3701 2459.9421 -1369.5259 903.4512 1643.8862 -748.5981 1942.2661 119.1220 296.3350 -916.5884 -889.0793 -1697.8303 5324.8989 7887.6738 834.7116 -4606.4434 -2450.6719 -3389.2698 -1629.9907 4446.4912 -1249.3086 47.8077 5722.2681 -2658.0378 5119.6309 2365.8257 809.8907 2882.7654 -3015.8586 3632.5305 -3851.5576 -5873.9771 717.0043 1570.6917 -3568.0999 -2885.5027 -4179.4126 -2512.7344 -2153.6909 2221.8611 -1724.4508 -1914.4241 -4125.9434 3013.6721 -550.1791 -931.8726 -4791.2778 -127.5129 -611.7924 3814.0750 1576.8387 -1119.9573 -710.5478 -4783.0459 -562.3293 4625.3496 1757.2234 10.6754 6860.0913 1412.5201 -1142.5548 2743.5459 -4103.0234 -4407.8110 -1798.2709 4008.0459 -4870.4961 -800.1904 -582.4897 -64.6901 -2121.4858 -5409.3984 2142.5676 2651.3328 -3249.0251 5155.1465 -3309.9990 3035.5723 -559.5479 5740.0352 57.1303 -962.0123 4416.5166 871.5634 -2492.2646 4605.0366 -3304.5232 882.9429 -1429.5000 3020.1614 866.4666 -3529.2834 -1169.9662 -704.5378 -4654.4624 2645.3582 -5189.7334 1591.2559 290.5833 -1784.0389 188.2035 2544.7302 2039.0675 -2765.7996 3561.1790 382.0786 4399.8647 -3042.1960 -1443.4972 8550.4014 -1040.1649 1380.0634 -1277.1239 720.6242 -2765.3508 -1382.8044 454.3697 2515.4482 -497.5551 340.4269 2803.7302 1338.4067 -2011.9216 4477.3442 -5046.6792 -583.6254 -844.1294 613.1459 -2361.2703 -6330.7700 452.2004 2364.8223 -5025.9771 -3593.0527 -3010.3440 1226.1924 -2302.6348 1484.5530 260.1728 -3846.4197 2548.9985 6665.6177 -922.3547 3032.3123 -1474.9662 -3185.9282 4173.1416 -214.6383 -2438.3701 2772.2893 -931.8084 986.8244 1480.6648 -4598.5156 192.2667 -590.8787 -4117.8721 -2046.1892 2089.4714 -1894.0729 9641.8818 -714.3589 5657.2266 -567.2146 -926.5514 -6201.4512 -1353.7651 1535.5117 -371.7194 -3096.0500 -570.9799 6477.3418 3451.7319 907.3481 -224.8515 -1508.4672 4718.8232 -645.7996 -424.4059 2521.0527 1983.0443 -1054.7048 -3843.1770 -3793.7429 -1560.7661 -1213.7834 -2495.8892 -4897.2271 -1265.1216 -2275.7273 -3047.6260 144.9885 -1024.6627 -1554.7107 4888.6611 1965.0543 -256.2770 1591.0115 -7625.8901 736.8107 1449.0139 4294.8003 -312.2319 2056.4045 1118.0857 2432.3347 -3992.9114 2033.8005 3025.8674 7960.2090 991.5665 812.1989 -7985.0693 -1927.8588 -2340.2498 4152.1104 1810.4930 -1541.6255 -4023.9297 -1228.7313 -3904.8569 4283.7339 6099.3979 -172.8273 4319.2256 4776.3682 3353.6646 -4478.4082 3752.9595 2538.7812 -1677.4181 -27.1712 1642.0640 -5861.4360 291.7080 -670.3690 2393.6113 630.9018 2052.3940 3028.3003 1575.8082 -3936.5242 -4698.5869 1307.2760 -5438.9282 1628.5494 -4807.7495 -1396.5638 659.8936 1109.9402 1639.0953 1940.8727 -6913.6982 438.2921 -1866.4972 -829.1569 -4138.5889 -1521.1619 -357.3469 3127.0054 6033.8296 4636.3525 2413.5845 -2579.2798 -898.3679 2785.2424 5487.0435 142.4484 -1025.6094 -565.9480 486.6263
113.0681 242.9515 -317.7193 -749.5511 -6.0112 457.0309 982.1932 209.9993 638.9495 908.6519 -990.6212 -581.2123 -1043.6368 -843.6917 -109.4279 -1182.6323 -228.2397 45.7668 -435.9779 212.3823 715.0374 1141.3850 507.4854 -669.5029 709.6912 -85.4361 391.5782 989.8420 -725.3817 776.7527 -589.3226 328.0888 -216.4366 -393.8221 179.3742 -465.2798 -28.5371 -71.0020 219.5849 212.9699 406.7148 -1275.6515 -1889.6287 -200.0349 1103.5359 587.0882 811.9473 390.4690 -1065.2231 299.2812 -11.4322 -1370.8871 636.7471 -1226.5045 -566.7551 -194.0155 -690.6451 722.4960 -870.2233 922.6437 1407.2312 -171.7516 -376.2562 854.7806 691.2732 1001.1960 601.9922 515.9464 -532.2613 413.1050 458.6529 988.5050 -721.9840 131.7639 223.2472 1147.7800 30.5683 146.5575 -913.7202 -377.7531 268.2576 170.2366 1145.8339 134.7160 -1108.0317 -420.9461 -2.5551 -1643.4674 -338.3668 273.6884 -657.2534 982.9153 1055.9589 430.8459 -960.1714 1166.8356 191.6598 139.5483 15.5075 508.2723 1295.8993 -513.2579 -635.1506 778.2914 -1234.9821 792.9302 -727.1896 134.0097 -1375.1289 -13.6582 230.4354 -1058.0413 -208.8061 597.0629 -1103.2070 791.6207 -211.5654 342.4815 -723.5255 -207.6090 845.4594 280.3146 168.8037 1115.1079 -633.7268 1243.3059 -381.1754 -69.5909 427.3745 -45.0912 -609.6518 -488.5310 662.5906 -853.1278 -91.5265 -1054.0271 728.8042 345.7722 -2048.3804 249.1752 -330.6407 305.9078 -172.6683 662.3920 331.2729 -108.8814 -602.6126 119.1841 -81.5642 -671.6524 -320.6137 482.2713 -1072.6123 1209.0146 139.8316 202.2168 -146.9111 565.6923 1516.6558 -108.3574 -566.5363 1204.0232 860.7422 721.1880 -293.7482 551.6566 -355.6602 -62.3383 921.4086 -610.6416 -1596.8386 220.9580 -726.4438 353.3955 763.2136 -999.7284 51.3838 584.1512 -664.1469 223.2273 -236.3948 -354.6776 1101.6512 -46.0563 141.5602 986.4724 490.2454 -500.5498 453.7862 -2309.8301 171.1032 -1355.2496 135.8454 221.9613 1485.6593 324.3198 -367.8722 89.0640 741.7217 136.8322 -1551.7146 -826.8975 -217.3327 53.8978 361.3787 -1130.4645 154.6765 101.6781 -603.9921 -475.1141 252.6698 920.6883 908.8925 373.9583 290.7867 597.9134 1173.2206 303.0358 545.1662 730.1185 -34.7360 245.4684 372.4737 -1171.1399 -470.7401 61.3865 -381.1549 1826.9055 -176.5220 -347.1009 -1028.8622 74.7832 -492.6063 -267.8476 -582.6962 956.5585 -487.2185 -724.8638 -1907.0072 -237.5713 -194.5440 1912.9188 461.8465 560.6286 -994.6658 -433.7915 369.3541 964.0162 294.3765 935.4565 -1026.2534 -1461.1707 41.4057 -1034.7246 -1144.2838 -803.4291 1072.8223 -899.0432 -608.1432 401.8268 6.5164 -393.3652 1404.1952 -69.8871 160.6153 -573.3894 -151.1270 -491.6594 -725.4423 -377.4843 943.0643 1125.6219 -313.1491 1302.9678 -390.1174 1151.7677 334.5536 -158.0802 -265.9079 -392.6680 -464.9377 1656.2673 -104.9824 447.1462 198.6040 991.4325 364.4256 85.6491 -749.1099 -1445.4398 -1110.6913 -578.2050 617.8968 215.1990 -667.2326 -1314.5243 -34.1331 245.6816 135.5856 -116.6019
-187.7792 -403.2232 527.4548 1243.9987 9.9814 -758.6069 -1630.1443 -348.5477 -1060.4939 -1508.0891 1644.1499 964.6943 1732.1608 1400.3524 181.6631 1962.8188 378.8271 -75.9406 723.6295 -352.4959 -1186.7985 -1894.3734 -842.3304 1111.2028 -1177.9548 141.7569 -649.9617 -1642.8864 1204.0046 -1289.2286 978.1018 -544.6073 359.2256 653.6057 -297.6288 772.2785 47.3845 117.8090 -364.4726 -353.5542 -675.0613 2117.3118 3136.2334 331.8717 -1831.6024 -974.3651 -1347.6301 -648.0756 1768.0203 -496.6820 18.9606 2275.2844 -1056.8268 2035.5880 940.6162 322.0498 1146.2533 -1199.1469 1444.3455 -1531.3716 -2335.5803 285.0876 624.5377 -1418.6876 -1147.3511 -1661.7631 -999.1082 -856.3477 883.4611 -685.5923 -761.2218 -1640.5696 1198.2681 -218.7302 -370.4879 -1905.1005 -50.6805 -243.1987 1516.4685 626.9614 -445.2804 -282.5356 -1901.8444 -223.5706 1839.0721 698.7040 4.2670 2727.6396 561.6309 -454.2269 1090.8630 -1631.3645 -1752.6329 -715.0001 1593.6749 -1936.5684 -318.1481 -231.5930 -25.7633 -843.5216 -2150.8044 851.9184 1054.2046 -1291.8961 2049.7361 -1316.0620 1206.9777 -222.4184 2282.2720 22.6990 -382.5278 1756.0833 346.5421 -990.9457 1831.0428 -1313.8734 351.0680 -568.3254 1200.8280 344.5414 -1403.2723 -465.1652 -280.1376 -1850.6796 1051.7845 -2063.5859 632.6837 115.5210 -709.3146 74.8419 1011.8259 810.7922 -1099.6949 1415.9747 151.9105 1749.4369 -1209.6179 -573.9140 3399.8167 -413.5899 548.7375 -507.8154 286.5191 -1099.5232 -549.8330 180.6432 1000.1844 -197.8379 135.3497 1114.8223 532.0107 -799.9858 1780.5792 -2006.6296 -232.0256 -335.6841 243.7791 -938.8622 -2517.1753 179.8278 940.3489 -1998.4034 -1428.6453 -1196.9756 487.5040 -915.5197 590.3096 103.4674 -1529.3865 1013.4528 2650.3301 -366.7484 1205.7249 -586.4492 -1266.7838 1659.3038 -85.3649 -969.5405 1102.3153 -370.5343 392.3517 588.7247 -1828.4452 76.4650 -234.9022 -1637.2966 -813.5922 830.8016 -753.1044 3833.7241 -284.0779 2249.3418 -225.5213 -368.3964 -2465.7583 -538.2511 610.5563 -147.8525 -1231.0277 -227.0001 2575.4299 1372.4763 360.7679 -89.4290 -599.8264 1876.2354 -256.7896 -168.7852 1002.4255 788.4756 -419.3289 -1528.1173 -1508.4894 -620.5639 -482.6096 -992.3915 -1947.2307 -503.0293 -904.8380 -1211.7842 57.6861 -407.3777 -618.1287 1943.7957 781.3578 -101.9312 632.6380 -3032.1880 292.9451 576.1043 1707.6936 -124.1255 817.6671 444.5793 967.1198 -1587.6082 808.6781 1203.0795 3165.0842 394.2592 322.9131 -3174.9712 -766.5776 -930.5450 1650.9080 719.8643 -613.0034 -1599.9000 -488.5546 -1552.6649 1703.3022 2425.2109 -68.7262 1717.3732 1899.1523 1333.4652 -1780.6482 1492.2001 1009.4384 -666.9787 -10.8012 652.8924 -2330.5593 115.9470 -266.5449 951.7190 250.7899 816.0594 1204.0652 626.5327 -1565.2555 -1868.1594 519.7990 -2162.5752 647.5513 -1911.6549 -555.3174 262.3574 441.3208 651.7136 771.7294 -2748.9939 174.3175 -742.1329 -329.6909 -1645.5626 -604.8528 -142.0644 1243.3533 2399.0894 1843.4951 959.6555 -1025.5745 -357.1923 1107.4141 2181.7397 56.6583 -407.7827 -225.0297 193.4920
-87.6182 -188.2067 246.2098 580.7017 4.6933 -354.0990 -760.9843 -162.6559 -495.0099 -703.9367 767.4922 450.3000 808.5450 653.6712 84.8294 916.2039 176.9030 -35.4309 337.7751 -164.5398 -553.9954 -884.2979 -393.1663 518.7056 -549.8173 66.1754 -303.4191 -766.9274 562.0520 -601.8743 456.5558 -254.1700 167.7196 305.0716 -138.9734 360.4898 22.0733 55.0285 -170.1622 -165.0203 -315.0782 988.3440 1463.9452 154.9482 -854.9464 -454.8851 -629.0488 -302.5573 825.3251 -231.8775 8.8778 1062.0894 -493.3547 950.1992 439.1123 150.3205 535.0764 -559.7220 674.2172 -714.8694 -1090.1890 133.0512 291.5029 -662.2141 -535.5646 -775.7430 -466.3750 -399.6990 412.3548 -320.0501 -355.3317 -765.8166 559.2927 -102.0992 -172.9744 -889.2604 -23.6627 -113.5667 707.9287 292.7067 -207.8598 -131.9080 -887.7659 -104.3839 858.4567 326.1176 1.9957 1273.2563 262.1581 -212.0959 509.2036 -761.5101 -818.0824 -333.7602 743.8832 -903.9465 -148.4478 -108.1380 -12.0181 -393.7843 -1004.0329 397.6224 492.0855 -603.0146 956.7838 -614.3211 563.4147 -103.8622 1065.3348 10.5913 -178.5485 819.6872 161.7749 -462.5506 854.7288 -613.2768 163.8703 -265.3540 560.5566 160.8238 -655.0707 -217.1149 -130.7697 -863.8717 490.9474 -963.2160 295.3888 53.8994 -331.1254 34.9804 472.3105 378.4244 -513.3279 660.9862 70.9063 816.6294 -564.6470 -267.9356 1586.9761 -193.0472 256.1141 -237.0459 133.7806 -513.2689 -256.6366 84.3664 466.9050 -92.3608 63.1814 520.3516 248.3660 -373.4095 831.0137 -936.4191 -108.3501 -156.6702 113.7805 -438.2652 -1174.9677 83.9194 438.9305 -932.8307 -666.8708 -558.7458 227.5688 -427.3500 275.5220 48.2921 -713.9327 473.1027 1237.1837 -171.1716 562.7490 -273.7396 -591.2994 774.5270 -39.8564 -452.5698 514.5364 -172.9522 183.1226 274.8449 -853.5091 35.6769 -109.7245 -764.3072 -379.8431 387.8049 -351.5709 1789.5118 -132.6427 1050.0139 -105.2668 -171.9098 -1151.0184 -251.3013 285.0144 -68.9914 -574.6459 -105.9664 1202.2213 640.6584 168.4100 -41.7498 -279.9840 875.8121 -119.8391 -78.7752 467.9152 368.0911 -195.7365 -713.3055 -704.1790 -289.6678 -225.2788 -463.2564 -908.9124 -234.8203 -422.3732 -565.6746 26.9137 -190.2085 -288.5491 907.3222 364.6898 -47.5854 295.3201 -1415.3489 136.7295 268.9511 797.0980 -57.9383 381.6830 207.4929 451.4313 -741.0620 377.4724 561.6500 1477.4534 184.0391 150.7108 -1482.0558 -357.8248 -434.3683 770.6913 336.0320 -286.1342 -746.8341 -228.0434 -724.7437 795.0605 1132.0592 -32.0681 801.7153 886.5222 622.4059 -831.1564 696.5577 471.2290 -311.3279 -5.0243 304.7903 -1087.9001 54.1217 -124.4290 444.2263 117.0927 380.8998 562.0536 292.4365 -730.6171 -872.0583 242.6152 -1009.4944 302.2528 -892.3088 -259.2486 122.5103 206.0131 304.1884 360.2725 -1283.1780 81.3492 -346.4464 -153.8828 -768.1042 -282.3509 -66.3278 580.3521 1119.8726 860.4940 447.9768 -478.7086 -166.7569 516.9266 1018.4093 26.4649 -190.4272 -105.0304 90.3241
-443.1078 -951.5648 1244.6571 2935.6858 23.6268 -1790.2076 -3846.9688 -822.5363 -2502.5583 -3558.9170 3880.0186 2276.5017 4087.6614 3304.5789 428.7485 4631.9170 894.0584 -179.1796 1707.6561 -831.8795 -2800.7219 -4470.4995 -1987.7552 2622.3701 -2779.7222 334.5649 -1533.8103 -3877.0278 2841.3484 -3042.4160 2308.1558 -1285.1580 847.6787 1542.3806 -702.3949 1822.4933 111.7234 277.9936 -860.1294 -834.2815 -1593.1266 4996.4775 7401.1978 783.2499 -4322.3755 -2299.5266 -3180.2241 -1529.4427 4172.3364 -1172.2659 44.8556 5369.3813 -2494.0300 4803.8320 2219.9355 759.9200 2704.9917 -2829.9041 3408.4795 -3613.9846 -5511.5879 672.7261 1473.7742 -3347.9993 -2707.5647 -3921.5989 -2357.7195 -2020.7970 2084.8591 -1618.0040 -1796.3370 -3871.5168 2827.7542 -516.1951 -874.3223 -4495.7905 -119.6409 -574.0219 3578.8132 1479.5701 -1050.8020 -666.7932 -4488.0620 -527.5948 4340.0654 1648.9377 10.0039 6436.9775 1325.3676 -1071.9569 2574.3562 -3849.8105 -4135.9946 -1687.3613 3760.8704 -4570.0654 -750.7828 -546.5825 -60.7091 -1990.6831 -5075.7539 2010.3531 2487.7927 -3048.6367 4837.0791 -3105.8320 2848.3650 -524.9702 5386.0312 53.5762 -902.6972 4144.0698 817.8018 -2338.5610 4320.9937 -3100.6992 828.5417 -1341.2587 2833.8225 813.0814 -3311.5391 -1097.7361 -661.1044 -4367.3735 2482.1316 -4869.6484 1493.1309 272.6351 -1673.9768 176.5741 2387.8933 1913.3059 -2595.2200 3341.5642 358.4514 4128.4062 -2854.6199 -1354.4274 8023.0337 -976.0041 1294.9436 -1198.4330 676.2264 -2594.7449 -1297.5117 426.3873 2360.3296 -466.8748 319.4009 2630.7910 1255.5969 -1887.8190 4201.1753 -4735.3823 -547.3236 -792.1381 575.3484 -2215.6704 -5940.2778 424.3246 2219.0967 -4716.0098 -3371.3450 -2824.6523 1150.5092 -2160.5769 1393.0022 244.1646 -3609.2307 2391.7524 6254.4507 -865.4641 2845.3740 -1383.9834 -2989.4324 3915.8716 -201.4246 -2287.9836 2601.3459 -874.4758 925.9360 1389.3193 -4314.9253 180.4357 -554.3386 -3863.8186 -1920.0934 1960.5737 -1777.2665 9047.0430 -670.3798 5308.2129 -532.1761 -869.3929 -5818.9790 -1270.2485 1440.7905 -348.8179 -2905.1353 -535.7130 6077.8501 3238.8706 851.3382 -211.0381 -1415.4592 4427.7275 -605.9490 -398.2275 2365.5547 1860.7452 -989.6667 -3606.1431 -3559.7820 -1464.6313 -1138.8959 -2341.9153 -4595.1201 -1187.1337 -2135.3367 -2859.6282 136.1109 -961.4907 -1458.7654 4587.0776 1843.8756 -240.5550 1492.8939 -7155.5728 691.3473 1359.5823 4029.8899 -292.9659 1929.5907 1048.9705 2282.2439 -3746.5891 1908.3784 2839.1548 7469.2466 930.5181 762.0380 -7492.5835 -1808.9631 -2195.8486 3895.9751 1698.7291 -1446.6244 -3775.6577 -1152.9069 -3664.0393 4019.5027 5723.1694 -162.1790 4052.7935 4481.7427 3146.8315 -4202.0996 3521.4897 2382.1689 -1573.9551 -25.4297 1540.8287 -5499.8511 273.6125 -629.0049 2245.9927 591.9333 1925.8046 2841.5005 1478.6259 -3693.7065 -4408.7012 1226.6310 -5103.4897 1528.1191 -4511.1938 -1310.4888 619.2043 1041.5118 1537.9351 1821.1229 -6487.2095 411.3379 -1751.3536 -778.0154 -3883.3257 -1427.4108 -335.2737 2934.0959 5661.5786 4350.3789 2264.8315 -2420.2620 -842.9315 2613.4521 5148.6909 133.6591 -962.4052 -531.0807 456.6360
-107.1867 -230.1906 301.1134 710.2623 5.7172 -433.1403 -930.7520 -199.0311 -605.4818 -861.1182 938.7474 550.7819 989.0265 799.5396 103.7540 1120.7028 216.3438 -43.3815 413.1909 -201.2533 -677.6282 -1081.6215 -480.8967 634.4675 -672.5516 81.0153 -371.1049 -938.0410 687.4576 -736.0958 558.4620 -310.8867 205.1225 373.2116 -169.9129 440.9639 27.0366 67.2264 -208.1549 -201.8344 -385.4381 1208.8815 1790.6669 189.4928 -1045.7902 -556.3601 -769.4419 -370.0412 1009.4738 -283.6226 10.8591 1299.1281 -603.4150 1162.2740 537.1030 183.8444 654.4427 -684.6331 824.6450 -874.4146 -1333.5380 162.7814 356.5813 -810.0724 -655.0527 -948.8330 -570.4824 -488.8600 504.4299 -391.4453 -434.6293 -936.7385 684.1084 -124.8968 -211.5832 -1087.7372 -28.9651 -138.8993 865.9251 357.9557 -254.2614 -161.3210 -1085.8300 -127.6806 1050.0544 398.9543 2.4520 1557.4094 320.7126 -259.3886 622.8046 -931.4516 -1000.6732 -408.2416 909.9061 -1105.7823 -181.6259 -132.2061 -14.6948 -481.6193 -1228.0438 486.3836 601.9178 -737.6645 1170.2878 -751.4292 689.1055 -127.0362 1303.1046 12.9841 -218.3957 1002.6185 197.8935 -565.7953 1045.4065 -750.1877 200.4347 -324.5181 685.6395 196.7074 -801.2307 -265.5268 -160.0161 -1056.7046 600.5377 -1178.1935 361.2390 65.9553 -404.9913 42.7951 577.7155 462.9057 -627.8793 808.4926 86.7121 998.8641 -690.6392 -327.6827 1941.1602 -236.1214 313.3105 -289.9395 163.5697 -627.8269 -313.9428 103.1474 571.0743 -112.9689 77.2494 636.5281 303.7702 -456.7690 1016.4306 -1145.7279 -132.5414 -191.3199 139.1953 -536.0756 -1437.2084 102.6785 536.9243 -1141.0435 -815.6758 -683.3917 278.3901 -522.7484 337.0206 59.0835 -873.2149 578.6691 1513.2208 -209.4116 688.3967 -334.8352 -723.2621 947.4069 -48.7496 -553.5970 629.3299 -211.5932 223.9909 336.1411 -1043.9639 43.6534 -134.1418 -934.8729 -464.5573 474.3795 -430.0440 2188.9690 -162.1979 1284.2916 -128.8033 -210.3493 -1407.8815 -307.2957 348.6012 -84.3862 -702.8967 -129.5889 1470.5040 783.6411 205.9906 -51.0369 -342.4344 1071.2688 -146.6291 -96.3059 572.3115 450.2335 -239.4777 -872.4434 -861.3134 -354.3125 -275.5894 -566.6555 -1111.8030 -287.2448 -516.6617 -691.8740 32.9184 -232.6375 -352.9394 1109.8573 446.1252 -58.1931 361.2101 -1731.2555 167.2970 328.9596 975.0037 -70.8844 466.8552 253.8320 552.1957 -906.4727 461.7563 686.9527 1807.2001 225.0996 184.3515 -1812.7415 -437.6780 -531.2663 942.6505 411.0208 -349.9991 -913.5302 -278.9231 -886.5411 972.5228 1384.7279 -39.2377 980.5548 1084.3590 761.3306 -1016.7109 851.9811 576.3611 -380.8220 -6.1644 372.8014 -1330.6827 66.2292 -152.1831 543.4324 143.2218 465.9288 687.4902 357.6975 -893.6546 -1066.6743 296.7649 -1234.7640 369.7278 -1091.4769 -317.0474 149.7906 252.0007 372.0929 440.6584 -1569.5382 99.5614 -423.7337 -188.2801 -939.5619 -345.3531 -81.1217 709.8748 1369.8075 1052.5791 547.9516 -585.5280 -203.9805 632.3480 1245.7058 32.3363 -232.8440 -128.4855 110.4770
189.5230 407.0013 -532.2869 -1255.5388 -10.1412 765.6401 1645.2595 351.8273 1070.3777 1522.1011 -1659.4662 -973.6047 -1748.2910 -1413.3528 -183.3925 -1981.0553 -382.3942 76.6093 -730.2928 355.7993 1197.8660 1912.0017 850.1156 -1121.5508 1188.8430 -143.0902 655.9792 1658.1298 -1215.2169 1301.1360 -987.1581 549.6311 -362.5686 -659.7134 300.3547 -779.4631 -47.7966 -118.9303 367.8737 356.8410 681.3712 -2136.9363 -3165.3564 -334.9573 1848.6536 983.4233 1360.1296 654.1617 -1784.4202 501.3589 -19.1924 -2296.3604 1066.7063 -2054.5686 -949.4977 -324.9999 -1156.8469 1210.2671 -1457.7412 1545.6061 2357.2312 -287.7561 -630.3353 1431.9564 1157.9934 1677.1803 1008.3608 864.3095 -891.6364 692.0278 768.3015 1655.7822 -1209.3767 220.7841 373.9520 1922.7748 51.1628 245.4592 -1530.6046 -632.8328 449.4447 285.1846 1919.4620 225.6575 -1856.2034 -705.1273 -4.2697 -2753.0332 -566.8456 458.5331 -1100.9725 1646.5638 1768.9091 721.6203 -1608.4441 1954.5657 321.1343 233.7461 25.9856 851.3342 2170.8005 -859.8361 -1064.0413 1303.8591 -2068.7649 1328.2723 -1218.1764 224.5222 -2303.4968 -22.8978 386.0342 -1772.4014 -349.7129 1000.1977 -1848.0187 1326.1624 -354.3305 573.6249 -1212.0217 -347.7264 1416.3414 469.4962 282.7177 1867.8860 -1061.5795 2082.6980 -638.5834 -116.5382 715.8910 -75.5021 -1021.2113 -818.3470 1109.9150 -1429.0825 -153.3277 -1765.7172 1220.8452 579.3035 -3431.3262 417.4099 -553.9246 512.5636 -289.2199 1109.7292 554.9576 -182.3568 -1009.4612 199.6765 -136.6274 -1125.1134 -536.9867 807.3667 -1796.8145 2025.2510 234.2322 338.7728 -245.8032 947.6133 2540.6108 -181.4979 -949.0511 2016.9283 1441.8907 1208.0764 -492.0944 924.0871 -595.8075 -104.3981 1543.5829 -1022.8746 -2674.9219 370.1745 -1216.8694 591.9242 1278.5223 -1674.7361 86.1270 978.5795 -1112.5044 373.9533 -395.9847 -594.1639 1845.4474 -77.1752 237.1176 1652.5032 821.1436 -838.5611 760.1208 -3869.3616 286.7180 -2270.2783 227.6143 371.8219 2488.6812 543.3295 -616.2108 149.1825 1242.4907 229.1202 -2599.3806 -1385.1896 -364.0836 90.2472 605.3405 -1893.7605 259.1398 170.3174 -1011.6794 -795.8202 423.2663 1542.3136 1522.4863 626.3345 487.1003 1001.5570 1965.3798 507.6607 913.2786 1223.0227 -58.1998 411.1010 623.9362 -1961.8606 -788.5918 102.8487 -638.4827 3060.3257 -295.6884 -581.4870 -1723.5554 125.3197 -825.2057 -448.7118 -976.1138 1602.3776 -816.2405 -1214.2910 -3194.5334 -397.9605 -325.9305 3204.4434 773.6673 939.1816 -1666.3181 -726.5729 618.6755 1614.8009 493.0698 1567.0460 -1719.1073 -2447.7524 69.3498 -1733.2904 -1916.8379 -1345.8314 1797.2330 -1506.0645 -1018.8400 673.1741 10.8988 -658.9718 2352.2046 -117.0536 269.0381 -960.5862 -253.2193 -823.6368 -1215.2869 -632.3956 1579.7633 1885.5437 -524.6508 2182.6514 -653.5616 1929.3967 560.4536 -264.7721 -445.4160 -657.7869 -778.8919 2774.5215 -175.8501 749.0563 332.6866 1660.8564 610.4884 143.3672 -1254.8735 -2421.3857 -1860.6146 -968.6130 1035.0793 360.4960 -1117.7339 -2201.9766 -57.2213 411.5938 227.1195 -195.2804
33.2112 71.2411 -93.1252 -219.7130 -1.7888 134.0142 287.9218 61.5797 187.2738 266.4156 -290.3892 -170.3617 -305.9434 -247.2867 -32.1106 -346.6841 -66.8892 13.4178 -127.7672 62.2094 209.6294 334.5526 148.7350 -196.2785 208.0287 -25.0317 114.8096 290.1625 -212.6461 227.7065 -172.7581 96.1902 -63.4375 -115.4622 52.5922 -136.4039 -8.3720 -20.7998 64.3785 62.4117 119.2346 -373.9507 -553.9326 -58.6379 323.4772 172.1095 238.0407 114.4708 -312.2701 87.7538 -3.3740 -401.8820 186.6375 -359.5150 -166.1552 -56.8990 -202.4503 211.7892 -255.1114 270.5038 412.5276 -50.3304 -110.3134 250.5839 202.6848 293.5160 176.4791 151.1887 -156.0612 121.0982 134.3947 289.7599 -211.6021 38.6419 65.4202 336.4599 8.9537 42.9883 -267.8686 -110.7479 78.6712 49.9123 335.9241 39.4875 -324.8012 -123.3275 -0.7489 -481.7355 -99.2324 80.2542 -192.6593 288.1338 309.5289 126.2974 -281.4626 342.0645 56.1771 40.9087 4.5386 148.9780 379.8618 -150.4678 -186.2166 228.1692 -362.0370 232.4661 -213.2123 39.2974 -403.0985 -3.9962 67.5437 -310.1790 -61.2408 175.0374 -323.3769 232.0993 -61.9860 100.4113 -212.1106 -60.8491 247.8293 82.1383 49.5011 326.8775 -185.7446 364.4539 -111.7738 -20.3927 125.2878 -13.1950 -178.6753 -143.2074 194.2108 -250.0930 -26.8731 -308.9984 213.6143 101.3320 -600.4474 73.0374 -96.9561 89.6783 -50.5726 194.2301 97.1327 -31.8895 -176.6589 34.9526 -23.9161 -196.8833 -93.9937 141.3167 -314.4336 354.4374 40.9543 59.2981 -43.1151 166.1602 444.6055 -31.7578 -166.0618 352.9720 252.3279 211.4331 -86.1309 161.6868 -104.2620 -18.2455 270.1407 -179.0078 -468.1083 64.7712 -212.9733 103.5802 223.7215 -293.0716 15.1163 171.2743 -194.7251 65.4641 -69.2901 -103.9616 322.8987 -13.5179 41.4610 289.1961 143.6798 -146.7729 133.0197 -677.1143 50.1325 -397.3246 39.8426 65.0823 435.5008 95.0693 -107.8414 26.1144 217.4377 40.1386 -454.8828 -242.4187 -63.7093 15.7825 105.9353 -331.3729 45.3640 29.8102 -177.0175 -139.2626 74.0687 269.8931 266.4467 109.6037 85.2195 175.2706 343.9189 88.8711 159.8390 214.0043 -10.1951 71.9463 109.1666 -343.3527 -138.0225 17.9826 -111.7046 535.5371 -51.7937 -101.7570 -301.6313 21.9480 -144.4166 -78.5067 -170.8342 280.3986 -142.8166 -212.4943 -559.0295 -69.6248 -57.0156 560.7857 135.4241 164.3603 -291.6242 -127.1420 108.2576 282.6152 86.3061 274.2666 -300.8922 -428.3724 12.1566 -303.3263 -335.4302 -235.5283 314.5191 -263.5436 -178.2980 117.8110 1.8865 -115.3292 411.6544 -20.4764 47.0748 -168.0980 -44.3000 -144.1208 -212.6523 -110.6714 276.5065 329.9904 -91.7808 381.9478 -114.3716 337.5953 98.1027 -46.3454 -77.9322 -115.0483 -136.3280 485.5534 -30.7784 131.0672 58.2519 290.6510 106.8099 25.0670 -219.6104 -423.7718 -325.6349 -169.5549 181.1246 63.1152 -195.6138 -385.3285 -10.0157 71.9832 39.7048 -34.1948
-233.3393 -501.0948 655.4363 1545.9323 12.4735 -942.7504 -2025.8506 -433.1240 -1317.9111 -1874.1646 2043.2316 1198.7924 2152.5942 1740.2506 225.7826 2439.2520 470.8402 -94.3327 899.2432 -438.0491 -1474.9027 -2354.1929 -1046.7522 1380.9446 -1463.8468 176.1774 -807.7127 -2041.6560 1496.2642 -1602.1217 1215.4694 -676.7437 446.4252 812.3031 -369.8661 959.7213 58.8050 146.4138 -452.9448 -439.3832 -838.9520 2631.1953 3897.5554 412.4280 -2276.1665 -1210.9375 -1674.7678 -805.4505 2197.1689 -617.3229 23.6305 2827.5078 -1313.3955 2529.7610 1169.0724 400.1613 1424.4781 -1490.2351 1794.9348 -1903.0966 -2902.4314 354.2326 776.1356 -1763.1196 -1425.8097 -2065.1794 -1241.5758 -1064.2275 1097.9354 -852.0424 -945.9513 -2038.7638 1489.0969 -271.8602 -460.4289 -2367.5295 -62.9651 -302.2814 1884.6292 779.1373 -553.3815 -351.1169 -2363.4712 -277.8492 2285.5195 868.3108 5.2957 3389.7607 697.9918 -564.5121 1355.6018 -2027.3585 -2177.9873 -888.5487 1980.4774 -2406.6199 -395.3896 -287.7907 -31.9617 -1048.2871 -2672.8989 1058.7019 1310.1256 -1605.4183 2547.2483 -1635.5828 1499.9438 -276.4514 2836.3115 28.1828 -475.3497 2182.3286 430.6643 -1231.4933 2275.4663 -1632.8711 436.2868 -706.3458 1492.3357 428.1602 -1743.8940 -578.0834 -348.1333 -2299.9185 1307.1350 -2564.3716 786.3073 143.5250 -881.5162 92.9991 1257.4285 1007.6055 -1366.6412 1759.6879 188.7607 2174.0444 -1503.2308 -713.2831 4225.0513 -513.9541 681.9473 -631.1135 356.0924 -1366.4425 -683.2903 224.5611 1243.0059 -245.8645 168.1775 1385.3590 661.1717 -994.1566 2212.4097 -2493.7024 -288.4014 -417.1058 302.9637 -1166.8402 -3127.8855 223.4870 1168.5817 -2483.5034 -1775.3932 -1487.5140 605.8855 -1137.7814 733.6025 128.5537 -1900.6582 1259.5469 3293.6292 -455.7336 1498.3424 -728.8421 -1574.2303 2062.0786 -106.0537 -1204.8514 1369.8505 -460.4512 487.6230 731.5909 -2272.2559 95.0855 -291.9536 -2034.7463 -1011.0755 1032.4568 -935.8879 4764.3286 -353.0400 2795.3655 -280.2694 -457.8431 -3064.2947 -668.9013 758.7393 -183.6864 -1529.8727 -282.1201 3200.6191 1705.6190 448.3375 -111.1282 -745.3672 2331.7039 -319.1397 -209.7569 1245.6979 979.9304 -521.1545 -1899.0396 -1874.5994 -771.2279 -599.7916 -1233.2777 -2419.8550 -625.1467 -1124.4838 -1505.9224 71.6289 -506.3041 -768.2034 2415.5950 970.9952 -126.6296 786.1957 -3768.1697 364.0976 715.9678 2122.1729 -154.2951 1016.1374 552.4503 1201.9316 -1972.9388 1004.9201 1495.1438 3933.3689 490.0191 401.3117 -3945.6633 -952.5978 -1156.3743 2051.6719 894.5956 -761.8430 -1988.3136 -607.1151 -1929.5084 2116.6926 3013.8643 -85.4409 2134.2046 2360.0972 1657.1290 -2212.9343 1854.4092 1254.4683 -828.8469 -13.4065 811.4302 -2896.3096 144.0860 -331.2465 1182.7809 311.7450 1014.1509 1496.3530 778.6521 -1945.1920 -2321.6196 645.9822 -2687.5193 804.7007 -2375.6460 -690.0616 326.0897 548.4615 809.9059 959.0234 -3416.2275 216.5653 -922.2722 -409.6801 -2045.0322 -751.6487 -176.5418 1545.0593 2981.4812 2290.9626 1192.6532 -1274.5120 -443.9575 1376.2389 2711.3354 70.3932 -506.8367 -279.6793 240.4796
100.2188 215.3287 -281.6231 -664.1885 -5.3051 405.0870 870.3415 186.0985 566.1885 805.2670 -877.8630 -515.0375 -924.8718 -747.6407 -97.0098 -1048.0747 -202.2925 40.4977 -386.3687 188.1933 633.7135 1011.4457 449.7002 -593.3079 628.9105 -75.7032 347.0243 877.1680 -642.8071 688.4047 -522.2465 290.7005 -191.8114 -348.9995 158.9514 -412.3069 -25.2538 -62.8619 194.5983 188.8066 360.4450 -1130.5181 -1674.5787 -177.2212 977.9379 520.3061 719.5506 346.0387 -943.9984 265.2360 -10.1085 -1214.8628 564.2546 -1086.9103 -502.2216 -171.9051 -611.9712 640.2463 -771.1990 817.6845 1247.1089 -152.2138 -333.4597 757.5408 612.6211 887.2616 533.5112 457.2395 -471.7537 366.0804 406.4307 875.9529 -639.7562 116.7970 197.8512 1017.1683 27.0752 129.9171 -809.7214 -334.7091 237.7501 150.8185 1015.3930 119.3788 -981.9827 -373.1052 -2.2457 -1456.3649 -299.9098 242.5483 -582.4277 871.0728 935.7764 381.7799 -850.9094 1034.0663 169.8880 123.6464 13.7809 450.4128 1148.3839 -454.8540 -562.8855 689.7676 -1094.4015 702.7119 -644.4535 118.7777 -1218.6211 -12.1325 204.2238 -937.6176 -185.0555 529.1198 -977.6860 701.5737 -187.4580 303.4878 -641.1590 -184.0073 749.2687 248.3137 149.6306 988.1874 -561.6110 1101.7675 -337.8696 -61.6963 378.7621 -39.9992 -540.2692 -432.9304 587.1945 -756.0670 -81.1488 -934.0649 645.8802 306.4736 -1815.2458 220.8270 -292.9789 271.1091 -152.9683 587.0538 293.6092 -96.4850 -534.0552 105.6084 -72.2415 -595.2328 -284.0988 427.1129 -950.5703 1071.3779 123.9072 179.1815 -130.1786 501.3219 1344.0129 -95.7190 -502.0174 1067.0127 762.7166 639.1148 -260.3099 488.9023 -315.1598 -55.2609 816.6477 -541.1639 -1415.0297 195.8471 -643.7534 313.1503 676.3203 -885.9352 45.5597 517.6996 -588.5644 197.7942 -209.4757 -314.3363 976.2924 -40.7736 125.4383 874.2112 434.4322 -443.5699 402.1838 -2046.9445 151.6820 -1201.0276 120.4280 196.6898 1316.6046 287.3712 -325.9856 78.9384 657.3243 121.2508 -1375.1322 -732.8190 -192.5888 47.7592 320.2205 -1001.7953 137.1795 90.0611 -535.2345 -421.0483 223.9211 815.9199 805.4160 331.4077 257.6976 529.8867 1039.6945 268.6076 483.1474 647.0022 -30.7735 217.4642 330.0775 -1037.9197 -417.1851 54.4002 -337.7635 1618.9929 -156.4862 -307.5805 -911.7435 66.2882 -436.5850 -237.3443 -516.3827 847.7297 -431.7216 -642.3973 -1689.9855 -210.5239 -172.4151 1695.2227 409.3311 496.8210 -881.4705 -384.3806 327.3503 854.3057 260.8550 829.0530 -909.3936 -1294.8792 36.6607 -916.9746 -1014.0466 -711.9511 950.7943 -796.7405 -538.9889 356.0468 5.8332 -348.6336 1244.3838 -61.9094 142.3535 -508.1761 -133.9304 -435.6751 -642.8515 -334.5215 835.7179 997.5449 -277.5135 1154.6646 -345.7314 1020.6494 296.4634 -140.0971 -235.6037 -347.9474 -411.9936 1467.7491 -93.1063 396.2565 176.0107 878.6140 322.9410 75.8666 -663.8170 -1280.9845 -984.3156 -512.4327 547.5759 190.7256 -591.3381 -1164.8965 -30.2661 217.6752 120.2003 -103.3330
-191.2229 -410.7328 537.2615 1267.1625 10.1850 -772.6962 -1660.5193 -355.0318 -1080.2029 -1536.1272 1674.7562 982.6355 1764.4282 1426.4167 185.0630 1999.3960 385.9229 -77.3788 737.0862 -359.0562 -1208.9041 -1929.6335 -857.9892 1131.9700 -1199.8154 144.4484 -662.0650 -1673.4906 1226.3912 -1313.2419 996.3011 -554.6577 365.9157 665.7807 -303.1502 786.6892 48.2382 119.9904 -371.2404 -360.1143 -687.6456 2156.7141 3194.6362 338.0787 -1865.7142 -992.5442 -1372.7526 -660.1311 1800.9565 -505.9745 19.3371 2317.6079 -1076.5242 2073.5435 958.2059 328.0039 1167.5580 -1221.4841 1471.2493 -1559.9886 -2379.0935 290.4518 636.1925 -1445.1412 -1168.6908 -1692.7611 -1017.7206 -872.2626 899.9456 -698.4481 -775.3840 -1671.0983 1220.6111 -222.7838 -377.4172 -1940.6021 -51.6367 -247.7488 1544.7448 638.6291 -453.6191 -287.7772 -1937.2086 -227.7421 1873.3719 711.6904 4.2781 2778.4783 572.1059 -462.7725 1111.1959 -1661.8037 -1785.2295 -728.3402 1623.3217 -1972.6257 -324.0811 -235.9149 -26.2117 -859.2518 -2190.9341 867.7717 1073.8662 -1315.8910 2087.9097 -1340.6244 1229.4482 -226.5967 2324.8218 23.1026 -389.6436 1788.8094 352.9846 -1009.4102 1865.1819 -1338.3926 357.6476 -578.9520 1223.2579 350.9737 -1429.4193 -473.8324 -285.3839 -1885.1742 1071.3877 -2101.9863 644.4878 117.7276 -722.5762 76.2317 1030.6896 825.9072 -1120.1991 1442.3566 154.7451 1782.0166 -1232.1370 -584.6317 3463.0662 -421.3009 558.9436 -517.2922 291.8882 -1120.0344 -560.0546 184.0121 1018.8486 -201.5563 137.8593 1135.5555 541.9199 -814.9166 1813.4132 -2043.9818 -236.3981 -341.9215 248.3213 -956.3695 -2564.0442 183.1831 958.1290 -2035.6123 -1455.2607 -1219.2271 496.5981 -932.6197 601.3251 105.4043 -1557.8906 1032.3894 2699.7112 -373.5956 1228.1663 -597.4130 -1290.3328 1690.2300 -86.9013 -987.6129 1122.8420 -377.4318 399.7015 599.7197 -1862.4948 77.9243 -239.3112 -1667.7638 -828.7273 846.3198 -767.1465 3905.1592 -289.3730 2291.2476 -229.7593 -375.2906 -2511.7495 -548.3089 621.8808 -150.5321 -1253.9819 -231.2321 2623.4346 1398.0187 367.4850 -91.0759 -610.9411 1911.2318 -261.5586 -171.8731 1021.0423 803.1422 -427.1947 -1556.5679 -1536.5571 -632.1288 -491.6227 -1010.9131 -1983.4414 -512.3873 -921.7864 -1234.3365 58.7600 -415.0049 -629.6604 1979.9790 795.8904 -103.8216 644.4074 -3088.6133 298.4123 586.8638 1739.5302 -126.4502 832.9059 452.7994 985.1097 -1617.1879 823.7403 1225.5154 3224.0583 401.6685 328.9231 -3234.1360 -780.8232 -947.8155 1681.6940 733.2726 -624.3704 -1629.7770 -497.6089 -1581.5850 1735.0051 2470.3938 -70.0365 1749.3695 1934.5146 1358.3530 -1813.8693 1520.0049 1028.2850 -679.3755 -11.0139 665.0822 -2373.9783 118.1149 -271.4991 969.4971 255.5332 831.2430 1226.5153 638.2473 -1594.3733 -1903.0564 529.4974 -2202.9055 659.6221 -1947.2672 -565.6359 267.2922 449.5369 663.8500 786.1461 -2800.1926 177.5406 -755.9517 -335.8287 -1676.2264 -616.1380 -144.7023 1266.4615 2443.8274 1877.8260 977.5779 -1044.6984 -363.8667 1128.0623 2222.3853 57.6863 -415.4198 -229.2415 197.1566
226.0126 485.4327 -634.8911 -1497.5612 -12.0433 913.2904 1962.4403 419.6064 1276.6763 1815.5376 -1979.3749 -1161.2875 -2085.2825 -1685.7871 -218.6937 -2362.9187 -456.0898 91.4136 -871.1400 424.3631 1428.7316 2280.5371 1014.0380 -1337.7678 1417.9834 -170.6637 782.4402 1977.7540 -1449.4348 1552.0217 -1177.4891 655.5455 -432.4468 -786.8557 358.2989 -929.6945 -56.9621 -141.8395 438.7914 425.5652 812.6771 -2548.8789 -3775.5991 -399.5627 2204.9565 1173.0408 1622.2615 780.1936 -2128.3948 598.0172 -22.8587 -2739.0789 1272.2286 -2450.5168 -1132.4159 -387.6764 -1379.8778 1443.5466 -1738.7184 1843.5880 2811.6792 -343.2386 -751.8455 1707.9675 1381.1868 2000.5194 1202.7527 1030.9186 -1063.5292 825.4150 916.3347 1974.9631 -1442.5052 263.3391 446.0619 2293.4207 61.0543 292.8368 -1825.6820 -754.7932 536.0826 340.1012 2289.4678 269.1686 -2213.9854 -841.1148 -5.1131 -3283.6897 -676.0686 546.8682 -1313.2468 1963.9086 2109.8926 860.7903 -1918.4686 2331.3447 382.9570 278.8219 30.9916 1015.4870 2589.2739 -1025.5677 -1269.0953 1555.1510 -2467.5686 1584.3678 -1453.0295 267.8098 -2747.5769 -27.3370 460.4762 -2114.0503 -417.2483 1192.9211 -2204.2593 1581.7712 -422.6767 684.2448 -1445.6270 -414.7719 1689.2783 560.0093 337.2502 2227.9509 -1266.2034 2484.1970 -761.6725 -139.0723 853.9358 -90.0864 -1218.0513 -976.0612 1323.8629 -1704.6241 -182.8745 -2106.0347 1456.1998 690.8939 -4092.7673 497.9053 -660.6418 611.3444 -344.9762 1323.7241 661.9902 -217.5325 -1204.0508 238.1278 -162.9024 -1342.0364 -640.5014 963.0202 -2143.1685 2415.6289 279.3484 404.0857 -293.5423 1130.3140 3030.3118 -216.4977 -1132.0187 2406.0754 1719.8358 1440.9526 -586.9435 1102.1809 -710.5993 -124.5626 1841.1664 -1220.0824 -3190.5566 441.4634 -1451.4604 706.0308 1525.0242 -1997.5652 102.7720 1167.1740 -1326.9858 446.0763 -472.3146 -708.7170 2201.1609 -92.0430 282.8773 1971.0757 979.4430 -1000.1790 906.6602 -4615.1738 341.9575 -2707.9214 271.4859 443.5211 2968.4417 648.0129 -735.0266 177.9709 1482.0122 273.2988 -3100.4727 -1652.2189 -434.3167 107.6576 722.0252 -2258.7542 309.1337 203.1590 -1206.7269 -949.2377 504.8747 1839.6221 1815.9515 747.0859 580.9711 1194.7197 2344.1313 605.6013 1089.2894 1458.8353 -69.4508 490.4081 744.1964 -2340.0095 -940.5991 122.7338 -761.6027 3650.2698 -352.7061 -693.5980 -2055.7842 149.4957 -984.2950 -535.1279 -1164.2760 1911.2472 -973.5056 -1448.3776 -3810.2615 -474.6753 -388.7988 3822.1257 922.8129 1120.2009 -1987.4965 -866.5805 737.9477 1926.1401 588.1052 1869.1306 -2050.4341 -2919.5715 82.7400 -2067.4524 -2286.3110 -1605.2528 2143.6550 -1796.3556 -1215.2675 802.9106 13.0082 -785.9853 2805.6729 -139.6314 320.8819 -1145.7428 -301.9935 -982.4268 -1449.5081 -754.2823 1884.3286 2249.0181 -625.7045 2603.4001 -779.5694 2301.3040 668.4893 -315.8551 -531.2657 -784.5222 -929.0289 3309.3062 -209.7763 893.4573 396.9014 1981.0103 728.1522 171.0492 -1496.7783 -2888.1582 -2219.2798 -1155.3412 1234.6290 430.0008 -1333.1951 -2626.4451 -68.2364 490.9286 270.9401 -232.9833
-39.5258 -84.8925 111.0443 261.8518 2.1742 -159.6902 -343.1601 -73.4086 -223.2353 -317.4595 346.1067 203.0181 364.6373 294.7672 38.2691 413.2024 79.7101 -16.0133 152.3137 -74.1688 -249.8597 -398.7734 -177.3070 233.8971 -247.9585 29.8387 -136.8469 -345.8421 253.4540 -271.3667 205.9118 -114.6132 75.5831 137.6101 -62.5832 162.5404 9.9833 24.7975 -76.7165 -74.4035 -142.1170 445.7059 660.2280 69.8707 -385.5969 -205.1461 -283.6548 -136.4616 372.1839 -104.5561 3.9805 478.9743 -222.4470 428.5033 197.9856 67.7873 241.2960 -252.4556 304.0517 -322.3468 -491.6531 60.0405 131.4569 -298.6183 -241.4778 -349.8474 -210.3126 -180.2573 185.9751 -144.3504 -160.2478 -345.3132 252.2767 -46.0609 -77.9954 -401.0022 -10.6800 -51.2144 319.2301 131.9666 -93.7678 -59.5173 -400.3880 -47.0580 387.1637 147.0525 0.9465 574.1973 118.2646 -95.6547 229.6293 -343.4668 -368.9200 -150.5119 335.4431 -407.6516 -66.9773 -48.7584 -5.4209 -177.5597 -452.7531 179.3461 221.9117 -271.9536 431.4998 -277.0585 254.0805 -46.8734 480.4508 4.7485 -80.5031 369.6711 72.9823 -208.6136 385.4112 -276.5606 73.8899 -119.6299 252.7702 72.5261 -295.4025 -97.9513 -58.9389 -389.5477 221.4362 -434.4313 133.2121 24.3419 -149.3198 15.7597 212.9470 170.6646 -231.5235 298.0820 31.9717 368.2607 -254.6283 -120.8584 715.7038 -87.1268 115.4961 -106.9129 60.3219 -231.4755 -115.7704 38.0196 210.5271 -41.6582 28.4751 234.6500 111.9118 -168.4286 374.7404 -422.3946 -48.8222 -70.6494 51.3419 -197.6464 -529.8454 37.8477 197.9456 -420.6899 -300.4586 -251.9450 102.6295 -192.7053 124.2863 21.7893 -321.9337 213.3566 557.9028 -77.1923 253.8666 -123.4609 -266.6898 349.3667 -18.0021 -204.0736 232.0355 -77.9848 82.6049 123.9322 -384.8817 16.1093 -49.4634 -344.6834 -171.2474 174.9195 -158.5146 807.0595 -59.7947 473.4916 -47.4935 -77.5773 -519.0147 -113.3150 128.5324 -31.1338 -259.1501 -47.8092 542.1243 288.8945 75.9700 -18.7922 -126.2700 394.9661 -54.0950 -35.5284 210.9790 165.9639 -88.2721 -321.6400 -317.5268 -130.6635 -101.5778 -208.8742 -409.9072 -105.9100 -190.4782 -255.1110 12.1526 -85.7519 -130.1682 409.1547 164.4489 -21.4642 133.1563 -638.2676 61.6704 121.2568 359.4602 -26.1181 172.1088 93.5759 203.6147 -334.2170 170.2500 253.2892 666.2202 82.9630 67.9948 -668.3419 -161.3572 -195.8633 347.5542 151.5232 -129.0546 -336.7955 -102.8514 -326.8647 358.5613 510.5048 -14.4492 361.5137 399.8209 280.6944 -374.8769 314.0781 212.5120 -140.4250 -2.2496 137.3839 -490.6146 24.4079 -56.1169 200.3421 52.8205 171.7868 253.4858 131.9086 -329.5129 -393.2631 109.3852 -455.2397 136.2509 -402.4548 -116.9180 55.2343 92.8858 137.2026 162.5082 -578.6487 36.6832 -156.2428 -69.4231 -346.4104 -127.3369 -29.8748 261.7586 505.0278 388.0417 202.0232 -215.8800 -75.1905 233.1498 459.2498 11.8763 -85.8494 -47.4185 40.7304
33.5619 72.1004 -94.2913 -222.3366 -1.7980 135.5837 291.3945 62.3372 189.5947 269.6061 -293.8630 -172.4313 -309.6198 -250.3419 -32.4540 -350.8998 -67.7159 13.5869 -129.3783 62.9621 212.1218 338.5936 150.5813 -198.6023 210.5892 -25.3678 116.1648 293.7207 -215.2479 230.4191 -174.8451 97.3437 -64.2071 -116.8178 53.1485 -138.0498 -8.4244 -21.0950 65.1368 63.2018 120.6873 -378.4903 -560.6155 -59.2934 327.3935 174.1799 240.8766 115.8780 -316.0112 88.7765 -3.4461 -406.6768 188.9099 -363.8446 -168.1462 -57.5445 -204.8951 214.3665 -258.1974 273.6807 417.4529 -50.9642 -111.6202 253.5968 205.0329 297.0306 178.5798 153.0706 -157.9479 122.5650 136.0877 293.2303 -214.1930 39.1062 66.2039 340.5522 9.0806 43.4463 -271.0705 -112.0688 79.5884 50.5216 339.9605 39.9820 -328.7296 -124.9125 -0.7515 -487.5924 -100.3991 81.2144 -194.9544 291.6076 313.2946 127.8112 -284.8324 346.1005 56.9440 41.4071 4.6052 150.8029 384.4501 -152.2686 -188.4380 230.8966 -366.4086 235.2603 -215.7357 39.7566 -407.9383 -4.0662 68.3516 -313.8705 -61.9474 177.1054 -327.2744 234.7973 -62.7278 101.5899 -214.6182 -61.5968 250.8165 83.1536 50.0511 330.8040 -188.0430 368.8807 -113.1011 -20.6700 126.7773 -13.3605 -180.8679 -144.9044 196.6172 -253.0921 -27.1146 -312.6884 216.2149 102.5910 -607.7297 73.9577 -98.0826 90.7970 -51.1888 196.5553 98.2495 -32.2926 -178.7973 35.3727 -24.1553 -199.2439 -95.0848 142.9652 -318.1864 358.6971 41.4853 60.0112 -43.6371 167.8072 449.9087 -32.1471 -168.1127 357.2373 255.3931 214.2012 -87.1472 163.6336 -105.4691 -18.5191 273.3733 -181.2036 -473.7262 65.5252 -215.5091 104.8056 226.4722 -296.5757 15.2676 173.3683 -197.0467 66.2187 -70.1309 -105.2020 326.8247 -13.7112 42.0165 292.6776 145.4214 -148.4535 134.6315 -685.3065 50.8258 -402.0328 40.3217 65.8402 440.7742 96.2265 -109.1214 26.4074 220.0401 40.5836 -460.3361 -245.3134 -64.4654 15.9740 107.2227 -335.3755 45.9429 30.1621 -179.1367 -140.9233 74.9569 273.1359 269.6071 110.9156 86.2787 177.3827 348.0229 89.9460 161.7621 216.5986 -10.3174 72.8113 110.4919 -347.4232 -139.6308 18.1950 -113.1202 541.9705 -52.3591 -102.9684 -305.2274 22.1917 -146.1522 -79.4438 -172.8674 283.7977 -144.5359 -215.0690 -565.7554 -70.5111 -57.7364 567.5113 137.0184 166.3080 -295.0896 -128.6722 109.5937 285.9526 87.3469 277.5147 -304.4397 -433.4950 12.2796 -306.9653 -339.4454 -238.3272 318.3128 -266.7101 -180.4678 119.2295 1.9610 -116.7415 416.5816 -20.7105 47.6572 -170.0894 -44.8581 -145.8792 -215.2287 -112.0090 279.7388 333.9679 -92.9137 386.5396 -115.7318 341.7209 99.2311 -46.8854 -78.8680 -116.5360 -137.9632 491.3399 -31.1520 132.6772 58.9330 294.1293 108.1070 25.3861 -222.2065 -428.8496 -329.4998 -171.5044 183.3394 63.8466 -197.9205 -389.9625 -10.1078 72.9147 40.2051 -34.6017
102.4964 220.1456 -287.9301 -679.2139 -5.4304 414.1198 889.9861 190.2983 578.9651 823.2741 -897.6422 -526.6667 -945.6907 -764.5576 -99.1889 -1071.6729 -206.8350 41.4828 -395.0754 192.4270 647.9813 1034.2461 459.8601 -606.6743 643.0603 -77.4195 354.8397 896.9508 -657.3106 703.8446 -533.9964 297.3158 -196.1204 -356.8246 162.4936 -421.6342 -25.8149 -64.3423 198.9721 192.9618 368.5871 -1155.9073 -1712.2354 -181.1536 1000.0051 531.9835 735.7465 353.8699 -965.2612 271.1442 -10.3956 -1242.1772 576.9294 -1111.3512 -513.5742 -175.8441 -625.8165 654.6995 -788.5611 836.0717 1275.1023 -155.6663 -340.9120 774.5866 626.3901 907.2476 545.3997 467.5229 -482.3297 374.3815 415.5320 895.6749 -654.1948 119.4432 202.2346 1040.1227 27.7175 132.7926 -827.9288 -342.3210 243.0874 154.2694 1038.2780 122.0730 -1004.0892 -381.4427 -2.2907 -1489.2037 -306.5872 247.9792 -595.5654 890.6750 956.8271 390.3958 -870.0095 1057.2784 173.6827 126.4409 14.0647 460.5345 1174.2372 -465.0532 -575.5622 705.2794 -1119.0344 718.5520 -658.9562 121.4298 -1246.0525 -12.3364 208.8023 -958.7084 -189.2360 541.0626 -999.6713 717.3279 -191.6839 310.3019 -655.6169 -188.1278 766.1262 254.0221 152.9603 1010.3776 -574.2877 1126.6216 -345.3927 -63.0851 387.2705 -40.8534 -552.4114 -442.6212 600.4135 -772.9963 -82.9364 -955.0977 660.3505 313.3617 -1856.0977 225.7918 -299.6367 277.2219 -156.4274 600.2693 300.1862 -98.6774 -546.0171 107.9686 -73.9060 -608.6150 -290.4403 436.7652 -971.9369 1095.5208 126.7394 183.3169 -133.1448 512.6689 1374.2618 -98.1959 -513.3868 1090.9635 779.9807 653.5144 -265.8802 499.8753 -322.2523 -56.4515 834.9421 -553.2946 -1446.9630 200.2312 -658.2630 320.1895 691.6434 -905.9594 46.5743 529.3371 -601.8114 202.2619 -214.2375 -321.3936 998.2435 -41.7048 128.2619 893.8645 444.1512 -453.5957 411.1606 -2093.0225 155.0581 -1228.0826 123.1114 201.1512 1346.2076 293.8978 -333.2980 80.7202 672.0848 123.9417 -1406.1168 -749.3281 -196.9356 48.8409 327.4772 -1024.3529 140.1837 92.0984 -547.3096 -430.4558 228.9596 834.2544 823.5438 338.8154 263.4919 541.7812 1063.1311 274.5793 494.0364 661.5677 -31.5087 222.3863 337.5103 -1061.1887 -426.5794 55.6962 -345.3963 1655.4166 -159.9797 -314.5807 -932.3354 67.7463 -446.3867 -242.6663 -527.9812 866.7750 -441.5146 -656.8322 -1727.9833 -215.3000 -176.2455 1733.3713 418.4601 507.9901 -901.2620 -392.9828 334.6590 873.5097 266.6884 847.6407 -929.9014 -1324.0475 37.4633 -937.6099 -1036.8248 -728.0041 972.1337 -814.6560 -551.0891 364.1150 5.8794 -356.4874 1272.4078 -63.3571 145.5288 -519.5848 -136.9471 -445.5310 -657.3406 -342.1263 854.5331 1019.9299 -283.7428 1180.6193 -353.5369 1043.6599 303.1708 -143.2625 -240.9046 -355.8383 -421.3128 1500.8163 -95.0891 405.1496 180.0170 898.3790 330.2189 77.5596 -678.7857 -1309.7878 -1006.4345 -523.9431 559.9439 195.0599 -604.6436 -1191.1149 -30.9878 222.6891 122.8188 -105.6498
-165.2531 -354.8894 464.1510 1094.8951 8.8370 -667.6580 -1434.7987 -306.7914 -933.3915 -1327.3364 1447.0779 848.9859 1524.5240 1232.4359 159.8931 1727.5676 333.4332 -66.8614 636.8851 -310.2512 -1044.5405 -1667.3293 -741.3691 978.0291 -1036.7035 124.7885 -572.0580 -1445.9729 1059.6959 -1134.6495 860.8643 -479.2166 316.1407 575.2941 -262.0096 679.6641 41.6709 103.6765 -320.8217 -311.1208 -594.1605 1863.5109 2760.2991 292.1423 -1612.0497 -857.6407 -1186.0861 -570.4266 1556.0741 -437.1855 16.7369 2002.5867 -930.1779 1791.6226 827.8926 283.4397 1008.8663 -1055.4235 1271.2134 -1347.8635 -2055.5842 250.9020 549.6766 -1248.6830 -1009.8407 -1462.6652 -879.3376 -753.6808 777.6018 -603.4438 -669.9565 -1443.9153 1054.6720 -192.4953 -326.1552 -1676.7145 -44.5859 -214.1148 1334.7924 551.8432 -391.8982 -248.6288 -1673.8342 -196.7680 1618.5917 614.9358 3.7910 2400.7510 494.3063 -399.8712 960.1562 -1435.8350 -1542.5586 -629.3054 1402.6687 -1704.4799 -279.9872 -203.8864 -22.6441 -742.5171 -1893.0283 749.8143 927.8408 -1137.0292 1804.1373 -1158.3198 1062.3462 -195.7823 2008.7308 19.9305 -336.6360 1545.5735 304.9990 -872.1378 1611.5768 -1156.4045 308.9788 -500.2856 1056.9214 303.2224 -1235.1040 -409.3740 -246.5509 -1628.9095 925.7521 -1816.2180 556.8656 101.6732 -624.3640 65.8699 890.5172 713.5801 -967.9141 1246.1945 133.6673 1539.7345 -1064.6061 -505.1653 2992.2908 -363.9898 482.9831 -446.9224 252.1790 -967.7632 -483.9300 159.0519 880.3105 -174.1143 119.0681 981.1796 468.2964 -704.0870 1566.8215 -1766.1638 -204.2862 -295.4263 214.6176 -826.3199 -2215.4683 158.3147 827.6132 -1758.8712 -1257.3850 -1053.5323 429.1128 -805.5413 519.5212 91.0479 -1346.0630 892.0248 2332.6348 -322.7699 1061.1484 -516.1915 -1114.9484 1460.4452 -75.0871 -853.3643 970.1967 -326.1385 345.3313 518.2201 -1609.2905 67.2605 -206.7986 -1441.1042 -716.1118 731.1882 -662.8937 3374.2417 -250.0216 1979.8256 -198.4962 -324.2625 -2170.3140 -473.7487 537.3724 -130.1010 -1083.5131 -199.8833 2266.7913 1207.9728 317.5136 -78.7042 -527.8684 1651.3687 -226.0276 -148.5634 882.2427 693.9870 -369.0575 -1344.9622 -1327.6772 -546.2063 -424.7633 -873.4290 -1713.8292 -442.7417 -796.3681 -1066.5361 50.7466 -358.5836 -544.1146 1710.8114 687.6519 -89.6947 556.7712 -2668.6970 257.8920 507.0679 1502.9739 -109.2626 719.6674 391.2930 851.2029 -1397.3264 711.6675 1058.8835 2785.7173 346.9995 284.1971 -2794.3755 -674.6907 -818.9876 1453.1176 633.5981 -539.5291 -1408.1724 -430.0490 -1366.5682 1499.1395 2134.5281 -60.5176 1511.5101 1671.5535 1173.6277 -1567.2240 1313.3578 888.4709 -587.0756 -9.5832 574.7133 -2051.2803 102.0634 -234.6204 837.5969 220.8409 718.2220 1059.7413 551.4384 -1377.6194 -1644.3149 457.4580 -1903.3722 569.8862 -1682.5125 -488.7341 230.9188 388.4306 573.6163 679.1740 -2419.4829 153.3984 -653.2166 -290.1349 -1448.2727 -532.3208 -125.0831 1094.2771 2111.5842 1622.5098 844.6956 -902.6195 -314.3664 974.7179 1920.2021 49.8819 -358.8498 -198.0292 170.3079
27.3358 58.6102 -76.6110 -180.8083 -1.4725 110.2522 236.8621 50.6332 154.0781 219.1587 -238.9513 -140.2047 -251.6999 -203.5169 -26.4028 -285.2645 -55.0566 11.0070 -105.1326 51.2212 172.4592 275.3275 122.4038 -161.4913 171.1594 -20.6113 94.4851 238.7222 -174.9510 187.3241 -142.1336 79.1347 -52.1984 -95.0247 43.2195 -112.2322 -6.9206 -17.1490 52.9978 51.3765 98.1035 -307.7231 -455.7213 -48.2503 266.1710 141.5610 195.8775 94.1246 -256.9196 72.1848 -2.7878 -330.6535 153.6105 -295.7707 -136.7058 -46.7922 -166.5614 174.2297 -209.9012 222.5304 339.4554 -41.4149 -90.7473 206.1656 166.7452 241.5164 145.1798 124.4254 -128.3811 99.6524 110.6056 238.4169 -174.1207 31.7941 53.8764 276.7780 7.3519 35.3430 -220.4124 -91.1160 64.7374 41.0928 276.3481 32.4899 -267.1989 -101.5137 -0.6541 -396.4085 -81.6344 66.0345 -158.5751 237.1075 254.6751 103.8991 -231.6337 281.4560 46.2151 33.6378 3.7448 122.6052 312.5906 -123.7881 -153.1971 187.7175 -297.8620 191.2845 -175.4169 32.3020 -331.6746 -3.2641 55.5800 -255.1985 -50.3825 143.9714 -266.0626 190.9512 -51.0270 82.5588 -174.5318 -50.0640 203.9174 67.5937 40.6953 268.9463 -152.8291 299.8620 -91.9664 -16.8018 103.0706 -10.9091 -147.0194 -117.8291 159.8364 -205.7624 -22.0577 -254.2576 175.7808 83.4130 -494.0674 60.0976 -79.7527 73.7934 -41.6364 159.7905 79.9294 -26.2880 -145.3710 28.8043 -19.6628 -162.0167 -77.3318 116.2605 -258.7044 291.6353 33.7071 48.8124 -35.4865 136.4448 365.7969 -26.1106 -136.6273 290.3909 207.6094 173.9747 -70.8255 133.0706 -85.5237 -15.0384 222.2759 -147.2592 -385.1325 53.2949 -175.2168 85.2538 184.0356 -241.1573 12.3664 140.8621 -160.2121 53.8906 -57.0207 -85.5810 265.6940 -11.1268 34.1533 237.9559 118.2304 -120.7558 109.4471 -557.0977 41.2879 -326.8963 32.7681 53.5230 358.3156 78.2214 -88.7230 21.4683 178.8725 33.0435 -374.2124 -199.4685 -52.4681 12.9846 87.1309 -272.6188 37.2979 24.5536 -145.6950 -114.5929 60.9438 222.0573 219.2385 90.1973 70.1107 144.2237 282.9739 73.1199 131.4638 176.1083 -8.4065 59.2116 89.8304 -282.4780 -113.5527 14.8274 -91.9399 440.6250 -42.5829 -83.6805 -248.2128 18.0552 -118.8049 -64.5845 -140.6069 230.7265 -117.5393 -174.8567 -459.9576 -57.3117 -46.8803 461.3922 111.4332 135.2062 -239.9737 -104.6393 89.0725 232.4790 70.9904 225.6592 -247.5504 -352.4221 9.9916 -249.5322 -276.0602 -193.7667 258.7850 -216.8325 -146.6927 96.9465 1.5472 -94.8430 338.6715 -16.7847 38.7295 -138.3042 -36.4489 -118.5814 -175.0068 -91.0817 227.5268 271.5300 -75.5184 314.2859 -94.0722 277.8104 80.7170 -38.1285 -64.1571 -94.7017 -112.1459 399.5216 -25.3523 107.8480 47.8778 239.1109 87.9263 20.6758 -180.6830 -348.6607 -267.9026 -139.5083 149.0409 51.9160 -160.9324 -317.0450 -8.2456 59.2660 32.7176 -28.1563
-166.1688 -356.8348 466.7436 1100.9149 8.8539 -671.3206 -1442.6949 -308.4756 -938.4991 -1334.5691 1455.0284 853.7173 1532.9197 1239.2889 160.7760 1737.0189 335.2391 -67.2176 640.3686 -311.9424 -1050.3735 -1676.4652 -745.4361 983.4059 -1042.4497 125.4562 -575.1571 -1453.9414 1065.5364 -1140.9010 865.5782 -481.9135 317.8713 578.4352 -263.3679 683.4708 41.9387 104.2844 -322.5677 -312.8924 -597.4086 1873.7596 2775.5125 293.7025 -1620.9208 -862.3109 -1192.6240 -573.5450 1564.6097 -439.5555 16.8023 2013.5488 -935.3429 1801.4951 832.4699 285.0161 1014.4245 -1061.2441 1278.2513 -1355.2548 -2066.9043 252.3065 552.7109 -1255.5518 -1015.3522 -1470.6462 -884.2142 -757.8350 781.8463 -606.7869 -673.6744 -1451.8214 1060.4149 -193.6113 -327.8504 -1685.9822 -44.8646 -215.2600 1342.1016 554.8546 -394.0934 -250.0795 -1683.0869 -197.8522 1627.5726 618.3168 3.7793 2413.8599 497.0593 -402.0157 965.4264 -1443.7336 -1551.0294 -632.7742 1410.3352 -1713.7845 -281.6090 -204.9550 -22.8007 -746.5293 -1903.4290 753.8969 932.9590 -1143.2662 1813.9362 -1164.7175 1068.1627 -196.9158 2019.7559 20.0549 -338.5189 1554.0559 306.6778 -876.9694 1620.3684 -1162.7520 310.6806 -502.9451 1062.7257 304.8943 -1241.8667 -411.7019 -247.8895 -1637.7852 930.8351 -1826.1696 559.9471 102.2359 -627.7333 66.2345 895.4689 717.5147 -973.2610 1253.0911 134.4156 1548.1909 -1070.4454 -507.9271 3008.7517 -365.9827 485.6025 -449.4102 253.5728 -973.0642 -486.6032 159.8826 885.1501 -175.1186 119.7672 986.5541 470.7852 -707.9561 1575.4954 -1775.8313 -205.3583 -297.0817 215.8168 -830.9134 -2227.6531 159.1744 832.1751 -1768.5848 -1264.3206 -1059.2549 431.4121 -810.1954 522.3976 91.8051 -1353.4774 896.9125 2345.4873 -324.5287 1067.0645 -519.0148 -1121.0975 1468.4352 -75.4837 -858.0741 975.4589 -327.9153 347.2845 521.0296 -1618.1135 67.6949 -207.8782 -1448.9673 -719.9893 735.2350 -666.5127 3392.7842 -251.4120 1990.6152 -199.6241 -326.0737 -2182.1025 -476.3773 540.3340 -130.7830 -1089.4386 -200.8750 2279.2244 1214.5587 319.2419 -79.1100 -530.8027 1660.4305 -227.2448 -149.3766 887.0783 697.7811 -371.1522 -1352.3085 -1334.9460 -549.1804 -427.1414 -878.2432 -1723.2317 -445.1694 -800.7370 -1072.4053 51.0616 -360.5275 -547.0565 1720.1991 691.4552 -90.1710 559.8864 -2683.3733 259.3361 509.8657 1511.2125 -109.8323 723.6287 393.3969 855.8929 -1404.9645 715.6498 1064.6918 2801.0225 348.9628 285.7520 -2809.7656 -678.3650 -823.4872 1461.0403 637.0507 -542.5074 -1415.9177 -432.3316 -1374.0101 1507.3707 2146.2427 -60.8258 1519.8595 1680.7305 1180.0602 -1575.8475 1320.5480 893.3270 -590.2636 -9.5461 577.8268 -2062.4758 102.5708 -235.8922 842.2914 221.9628 722.2066 1065.5980 554.4922 -1385.2202 -1653.3158 459.9640 -1913.8143 573.0923 -1691.7797 -491.4088 232.1480 390.5795 576.8015 682.9770 -2432.7598 154.2890 -656.7620 -291.7831 -1456.2855 -535.3116 -125.7004 1100.2998 2123.1584 1631.3656 849.2858 -907.5937 -316.1108 980.0895 1930.7552 50.1063 -360.9305 -199.0938 171.2304
-87.6949 -188.3920 246.4032 581.1951 4.6807 -354.4377 -761.6081 -162.8376 -495.4250 -704.5090 768.1039 450.6468 809.2324 654.2313 84.8617 916.9590 177.0177 -35.4300 338.0744 -164.6844 -554.4493 -885.0330 -393.4619 519.1408 -550.3214 66.1968 -303.6551 -767.4958 562.4868 -602.3157 456.9463 -254.4279 167.8508 305.3405 -139.0992 360.7854 22.0644 55.0141 -170.2674 -165.1266 -315.3828 989.1642 1465.1930 155.0807 -855.6524 -455.2570 -629.5667 -302.8080 825.9648 -232.0901 8.8895 1062.9244 -493.7338 951.0181 439.4724 150.4465 535.4697 -560.2125 674.7468 -715.4507 -1091.1051 133.1806 291.7565 -662.8089 -536.0052 -776.3293 -466.7473 -400.0458 412.7060 -320.3155 -355.6015 -766.4159 559.8077 -102.2096 -173.1033 -889.9792 -23.6867 -113.6493 708.4575 292.8779 -208.0010 -131.9595 -888.4702 -104.4399 859.2040 326.4361 1.9372 1274.3058 262.3819 -212.2137 509.6307 -762.1520 -818.7794 -334.0393 744.5394 -904.7441 -148.6275 -108.2516 -12.0048 -394.0960 -1004.8682 397.9563 492.4451 -603.5765 957.6168 -614.8381 563.8168 -103.9320 1066.2302 10.6610 -178.7070 820.4049 161.8981 -462.9766 855.4269 -613.7984 163.9941 -265.5880 560.9908 160.9853 -655.5990 -217.2862 -130.8626 -864.6183 491.3911 -963.9780 295.5984 53.9789 -331.3944 34.9625 472.7334 378.7473 -513.7823 661.5491 70.9343 817.2636 -565.1519 -268.1480 1588.2570 -193.2068 256.3299 -237.2673 133.8650 -513.6922 -256.8343 84.4450 467.2951 -92.4144 63.2203 520.7711 248.5299 -373.7310 831.6896 -937.4365 -108.4464 -156.7772 113.8437 -438.6532 -1175.9622 83.9659 439.2998 -933.5941 -667.3880 -559.1967 227.7758 -427.7256 275.7639 48.3424 -714.2004 473.5007 1238.1635 -171.3443 563.2582 -273.9866 -591.7778 775.2108 -39.9093 -452.9420 514.9257 -173.0937 183.3120 275.0500 -854.2104 35.6990 -109.7518 -764.8886 -380.1467 388.0936 -351.8125 1791.0280 -132.7472 1050.8593 -105.3590 -172.0974 -1151.9655 -251.4606 285.1996 -69.0955 -575.0811 -106.0632 1203.1984 641.1603 168.5145 -41.8027 -280.2441 876.5869 -119.9592 -78.8006 468.3355 368.3535 -195.9089 -713.8807 -704.7100 -289.9259 -225.4812 -463.6274 -909.6708 -235.0342 -422.7324 -566.1269 26.9517 -190.3723 -288.7796 908.0729 365.0402 -47.5827 295.5493 -1416.5669 136.8537 269.1478 797.7573 -58.0147 381.9804 207.6574 451.7947 -741.7326 377.7638 562.0718 1478.6876 184.2008 150.8647 -1483.2782 -358.1158 -434.6917 771.2625 336.3240 -286.4026 -747.4467 -228.2608 -725.3232 795.7510 1132.9739 -32.1140 802.3558 887.2211 622.9405 -831.8735 697.1106 471.5912 -311.5415 -5.0836 305.0731 -1088.8080 54.1901 -124.5528 444.6629 117.1481 381.2375 562.4751 292.7339 -731.1937 -872.8024 242.8336 -1010.3337 302.4825 -893.0808 -259.4426 122.5903 206.1467 304.4548 360.4573 -1284.2560 81.4045 -346.7007 -154.0030 -768.7577 -282.5367 -66.4018 580.8259 1120.7844 861.2091 448.2756 -479.1436 -166.8203 517.3763 1019.2255 26.4834 -190.5088 -105.1419 90.4010
-198.9902 -427.3611 558.9244 1318.3981 10.6528 -804.0159 -1727.6698 -369.3940 -1123.9182 -1598.3335 1742.5160 1022.3066 1835.7603 1484.0746 192.5408 2080.2695 401.5032 -80.5236 766.8887 -373.5878 -1257.8473 -2007.6963 -892.6600 1177.6664 -1248.3611 150.2235 -688.8282 -1741.1615 1276.0352 -1366.3025 1036.5781 -577.1482 380.7084 692.7385 -315.4122 818.4426 50.1581 124.8441 -386.2826 -374.6627 -715.5106 2243.9143 3323.8364 351.7679 -1941.1506 -1032.7003 -1428.2118 -686.8465 1873.7656 -526.4758 20.1144 2411.3354 -1120.0583 2157.3547 996.9719 341.2755 1214.7946 -1270.8411 1530.6903 -1622.9619 -2475.2598 302.1746 661.8956 -1503.5992 -1215.9402 -1761.1868 -1058.8171 -907.5551 936.3031 -726.6094 -806.7003 -1738.6471 1269.9727 -231.8480 -392.6679 -2019.0375 -53.7524 -257.8341 1607.2614 664.4526 -471.9043 -299.4826 -2015.5308 -236.9255 1949.1154 740.4890 4.5248 2890.8420 595.2224 -481.4648 1156.1469 -1728.9789 -1857.4540 -757.7696 1688.9674 -2052.3809 -337.1735 -245.4591 -27.3193 -894.0273 -2279.4990 902.8717 1117.2661 -1369.1041 2172.3611 -1394.7993 1279.1746 -235.7160 2418.8130 24.0261 -405.3763 1861.0955 367.2880 -1050.2202 1940.5122 -1392.5220 372.0827 -602.3479 1272.6315 365.1285 -1487.1842 -493.0074 -296.8946 -1961.3854 1114.7528 -2186.9551 670.5903 122.4544 -751.7844 79.3566 1072.3131 859.2723 -1165.5032 1500.6149 160.9735 1854.0450 -1281.9413 -608.2930 3603.1392 -438.3329 581.5673 -538.2330 303.7123 -1165.3271 -582.7305 191.4683 1060.0206 -209.6807 143.4028 1181.4227 563.8015 -847.8150 1886.7631 -2126.6294 -245.9736 -355.7332 258.4561 -995.0787 -2667.7354 190.5949 996.5712 -2117.9111 -1514.0991 -1268.5270 516.7180 -970.3732 625.6464 109.6728 -1620.8633 1074.4257 2808.8350 -388.6862 1277.8885 -621.5691 -1342.5507 1758.5896 -90.4237 -1027.5237 1168.2114 -392.7352 415.8394 623.9586 -1937.8359 81.0432 -248.9877 -1735.2623 -862.2574 880.4839 -798.1730 4063.0732 -301.0954 2383.9082 -239.0123 -390.4825 -2613.2710 -570.4904 647.0373 -156.6206 -1304.6897 -240.6641 2729.4663 1454.5609 382.3009 -94.7985 -635.6782 1988.5354 -272.1875 -178.8085 1062.3689 835.6655 -444.4469 -1619.4906 -1598.6655 -657.7700 -511.4626 -1051.7285 -2063.6995 -533.1120 -958.9108 -1284.2886 61.1540 -431.7751 -655.1808 2060.0452 828.0667 -108.0140 670.4600 -3213.5244 310.5576 610.5598 1809.8483 -131.6134 866.5585 471.1305 1024.9786 -1682.5638 857.0621 1275.0800 3354.4434 417.9091 342.2525 -3364.8813 -812.4166 -986.1667 1749.6975 762.9280 -649.6426 -1695.6541 -517.7506 -1645.5400 1805.1412 2570.2466 -72.8471 1820.0529 2012.7997 1413.2479 -1887.1766 1581.4332 1069.8652 -706.8373 -11.4178 691.9926 -2469.9421 122.9167 -282.4682 1008.6655 265.8748 864.8635 1276.0582 664.0543 -1658.8900 -1979.9768 550.8887 -2291.9199 686.2542 -2025.9967 -588.4863 278.1017 467.6797 690.6949 817.8748 -2913.3899 184.7121 -786.5545 -349.3808 -1743.9443 -641.0619 -150.5631 1317.6876 2542.6030 1953.7123 1017.1444 -1086.9088 -378.5388 1173.6968 2312.2170 60.0578 -432.2257 -238.5244 205.0646
-218.6214 -469.5420 614.2001 1448.6316 11.6883 -883.4272 -1898.3500 -405.9225 -1234.9425 -1756.2225 1914.6182 1123.3593 2017.1353 1630.6945 211.5607 2285.7566 441.1220 -88.4209 842.6434 -410.4494 -1382.0300 -2206.0308 -980.8430 1293.9878 -1371.6982 165.1186 -756.8859 -1913.1912 1402.1173 -1501.3236 1139.0100 -634.1938 418.3123 761.1235 -346.5963 899.3237 55.2225 137.2341 -424.4478 -411.6489 -786.1287 2465.5869 3652.2664 386.5094 -2132.9778 -1134.7573 -1569.3380 -754.7350 2058.8779 -578.4422 22.1024 2649.6099 -1230.7512 2370.5134 1095.4437 375.0009 1334.8158 -1396.4496 1682.0138 -1783.4174 -2719.8188 331.9800 727.2327 -1652.1490 -1336.0576 -1935.1854 -1163.4731 -997.2500 1028.8152 -798.4295 -886.4713 -1910.4417 1395.4269 -254.7308 -431.4978 -2218.5208 -59.0174 -283.2588 1766.0034 730.1208 -518.5187 -329.0144 -2214.7324 -260.4063 2141.6917 813.6390 4.9290 3176.3826 654.0225 -529.0566 1270.2986 -1899.7946 -2040.9458 -832.6690 1855.8109 -2255.1404 -370.4815 -269.7312 -29.9865 -982.2885 -2504.6960 992.0256 1227.6569 -1504.3491 2386.9800 -1532.6459 1405.5680 -259.0540 2657.8074 26.4084 -445.4416 2044.9552 403.5917 -1153.9863 2132.2688 -1530.0712 408.8190 -661.9165 1398.3790 401.2001 -1634.0959 -541.6834 -326.2067 -2155.1536 1224.8602 -2403.0022 736.8696 134.4853 -826.0692 87.1247 1178.3120 944.1560 -1280.6674 1648.9321 176.9491 2037.2095 -1408.5791 -668.3676 3959.0818 -481.6158 638.9619 -591.4050 333.6620 -1280.4567 -640.2503 210.3515 1164.7271 -230.3777 157.5782 1298.1340 619.5762 -931.5766 2073.1277 -2336.7722 -270.2106 -390.9111 283.9474 -1093.3331 -2931.2908 209.4026 1095.0320 -2327.1780 -1663.6627 -1393.8744 567.7281 -1066.1284 687.4055 120.4760 -1781.0153 1180.2650 3086.6963 -427.0783 1404.1260 -682.9763 -1475.1973 1932.3107 -99.3763 -1129.0928 1283.6910 -431.5002 456.9091 685.6053 -2129.2332 89.0296 -273.5711 -1906.6798 -947.4882 967.4489 -877.0476 4464.4927 -330.8235 2619.4268 -262.6047 -429.0055 -2871.4727 -626.8056 710.9807 -172.1206 -1433.5925 -264.3867 2999.2253 1598.2406 420.0719 -104.1544 -698.5093 2184.9487 -299.0147 -196.5467 1167.3018 918.2017 -488.3979 -1779.5179 -1756.6357 -722.7332 -562.0372 -1155.6333 -2267.5344 -585.7868 -1053.7242 -1411.1573 67.1178 -474.4534 -719.9214 2263.5933 909.8551 -118.6785 736.6678 -3531.0039 341.1710 670.9276 1988.6030 -144.5456 952.1770 517.6547 1126.2167 -1848.8363 941.7046 1401.0671 3685.8240 459.1862 376.0492 -3697.3438 -892.6588 -1083.6000 1922.5349 838.3035 -713.8291 -1863.1663 -568.9494 -1808.1263 1983.4799 2824.2310 -80.0812 1999.8755 2211.5688 1552.8597 -2073.5911 1737.7051 1175.5560 -776.6879 -12.5358 760.3393 -2714.0186 135.0744 -310.4505 1108.2548 292.1256 950.3254 1402.2131 729.6010 -1822.7648 -2175.5696 605.2551 -2518.3887 754.0341 -2226.1204 -646.6688 305.5738 513.9121 758.9587 898.6746 -3201.2278 202.9374 -864.2621 -383.9452 -1916.2700 -704.4109 -165.4019 1447.8789 2793.8330 2146.7598 1117.5804 -1194.2909 -415.9605 1289.6742 2540.6760 66.0043 -474.9424 -262.0558 225.3380
-92.7978 -199.3119 260.7678 615.0023 4.9525 -375.0062 -805.9176 -172.2995 -524.3011 -745.5239 812.8030 476.8867 856.3105 692.2424 89.7795 970.3610 187.3217 -37.5553 357.7335 -174.2849 -586.7345 -936.5216 -416.4002 549.3573 -582.3070 70.0882 -321.2939 -812.1942 595.2078 -637.3500 483.5386 -269.2045 177.5982 323.1263 -147.1522 381.8205 23.4068 58.2062 -180.2052 -174.7160 -333.6895 1046.7030 1550.4271 164.0936 -905.4514 -481.7111 -666.2180 -320.3770 874.0635 -245.5470 9.3932 1124.8096 -522.4984 1006.3893 465.0189 159.1950 566.6483 -592.8094 714.0356 -757.0768 -1154.6324 140.8941 308.7428 -701.4102 -567.2179 -821.5259 -493.9154 -423.3178 436.7061 -338.9874 -376.3227 -811.0528 592.3644 -108.1744 -183.2155 -941.7792 -25.0331 -120.2437 749.7737 309.9152 -220.1515 -139.6190 -940.1924 -110.5549 909.1760 345.4130 2.0688 1348.4810 277.6502 -224.5679 539.3137 -806.4984 -866.4088 -353.4926 787.8477 -957.4498 -157.2829 -114.4901 -12.7152 -417.0207 -1063.3186 421.1589 521.1733 -638.6901 1013.3474 -650.6393 596.6902 -109.9524 1128.3116 11.2511 -189.1176 868.1704 171.2708 -489.8915 905.1793 -649.5690 173.5286 -280.9933 593.6906 170.2848 -693.7738 -229.9771 -138.5346 -914.9164 520.0242 -1020.1391 312.7765 57.1144 -350.7213 37.0050 500.2631 400.8422 -543.6926 700.0029 75.0784 864.8603 -598.0107 -283.7653 1680.7738 -204.4644 271.2725 -251.0438 141.6109 -543.5750 -271.8076 89.3047 494.4770 -97.8197 66.9442 551.1424 263.0666 -395.4846 880.1318 -992.0228 -114.7396 -165.9320 120.4913 -464.1898 -1244.4186 88.8828 464.8740 -987.9435 -706.2634 -591.7717 241.0510 -452.6286 291.7952 51.1319 -756.0621 501.0261 1310.2567 -180.9694 596.0496 -289.8947 -626.2131 820.2759 -42.1908 -479.3528 544.9399 -183.1792 193.9698 291.0334 -903.9193 37.8247 -116.1328 -809.4546 -402.2141 410.7072 -372.3452 1895.3147 -140.3902 1112.0155 -111.5027 -182.1271 -1219.0557 -266.0709 301.8629 -73.0939 -608.5869 -112.1952 1273.2284 678.5250 178.3449 -44.1842 -296.5167 927.5528 -126.9112 -83.3904 495.5695 389.7878 -207.2772 -755.4454 -745.7822 -306.7882 -238.5756 -490.5802 -962.6595 -248.7260 -447.3337 -599.0662 28.4743 -201.4120 -305.5974 960.9172 386.2459 -50.3816 312.7547 -1499.0165 144.8276 284.8362 844.2219 -61.3853 404.2280 219.7811 478.0974 -784.8777 399.7943 594.7925 1564.7572 194.8739 159.6158 -1569.6185 -378.9539 -460.0549 816.1440 355.9146 -303.0428 -790.9700 -241.5333 -767.5568 842.0493 1198.9666 -33.9753 849.0178 938.8590 659.2036 -880.2722 737.6920 499.0356 -329.6931 -5.3523 322.7848 -1152.1748 57.3602 -131.7850 470.5505 124.0047 403.4045 595.2366 309.7693 -773.7763 -923.5540 256.9563 -1069.0948 320.1339 -945.0504 -274.5193 129.7115 218.1684 322.2303 381.4912 -1359.0503 86.1522 -366.8658 -162.9520 -813.4801 -299.0038 -70.2486 614.6177 1186.0209 911.3309 474.4164 -506.9768 -176.6095 547.5050 1078.5676 27.9791 -201.5616 -111.2586 95.6859
793.3667 1703.9253 -2228.7295 -5256.7471 -42.3761 3205.6162 6888.6294 1472.9128 4481.2622 6372.7661 -6947.7104 -4076.3967 -7319.6245 -5917.4399 -767.7059 -8294.1816 -1600.9495 320.8319 -3057.7917 1489.5096 5015.1226 8005.0762 3559.4163 -4695.7026 4977.4048 -599.1003 2746.5178 6942.3579 -5087.8057 5447.9092 -4133.1597 2301.0938 -1517.9515 -2761.9502 1257.8770 -3263.4302 -200.0889 -497.8646 1540.2383 1493.8688 2852.6555 -8946.9941 -13252.8848 -1402.5424 7739.7744 4117.6230 5694.6704 2738.6865 -7471.1089 2099.0085 -80.3152 -9614.6133 4465.8906 -8601.9082 -3974.9954 -1360.7328 -4843.6274 5067.2305 -6103.4180 6471.3560 9869.3281 -1204.6056 -2639.0806 5995.1191 4848.2275 7022.1680 4221.8672 3618.5981 -3733.2871 2897.3328 3216.5710 6932.4814 -5063.5059 924.3579 1565.6615 8050.3350 214.2281 1027.9214 -6408.4556 -2649.4482 1881.6421 1193.8689 8036.4785 944.8052 -7771.4771 -2952.5173 -17.8654 -11526.2578 -2373.3442 1919.5830 -4609.7104 6893.7637 7406.0728 3021.5156 -6734.3833 8183.4360 1344.4053 978.7666 108.6884 3564.5762 9088.8896 -3599.8142 -4454.7754 5459.0078 -8661.5713 5561.4517 -5100.3423 940.0981 -9644.3682 -95.8795 1616.4144 -7420.6670 -1464.4297 4187.4805 -7737.4199 5552.2451 -1483.5405 2401.7520 -5074.3882 -1455.9092 5929.7935 1965.6206 1183.8263 7820.4946 -4444.6992 8719.7686 -2673.6990 -488.1387 2997.5342 -316.2611 -4275.7358 -3426.1235 4647.1099 -5983.5361 -641.8773 -7392.5366 5111.5093 2425.2534 -14366.3740 1747.6599 -2318.8401 2145.9211 -1210.8270 4646.3408 2323.3792 -763.5737 -4226.4727 835.9826 -571.9617 -4710.7974 -2248.3484 3380.3804 -7522.8003 8479.4678 980.6364 1418.3807 -1030.2646 3967.5022 10636.9424 -759.8699 -3973.5723 8444.6650 6036.9341 5058.0386 -2060.2449 3868.8350 -2494.3711 -437.1545 6462.8262 -4282.7998 -11199.4551 1549.7300 -5094.5537 2478.2507 5352.9829 -7011.8096 360.6535 4097.0259 -4657.9746 1565.8013 -1658.0409 -2487.7903 7726.4849 -323.1516 992.7379 6918.7847 3438.0801 -3510.7061 3182.5178 -16200.1006 1200.4095 -9505.2451 953.0049 1556.7358 10419.7461 2274.5537 -2579.9724 624.6793 5202.0239 959.3326 -10883.2256 -5799.5752 -1524.4678 377.9258 2534.5540 -7928.4902 1085.0641 713.0241 -4235.8101 -3331.9497 1772.1233 6457.3389 6374.3706 2622.4290 2039.4293 4193.5444 8228.2783 2125.7151 3823.6743 5120.5420 -243.6009 1721.6315 2612.1287 -8213.8848 -3301.6951 430.6318 -2673.3062 12813.0410 -1238.0040 -2434.5967 -7216.0713 524.6155 -3455.1758 -1878.4700 -4086.7417 6708.7822 -3417.1279 -5084.0054 -13374.7275 -1666.1437 -1364.6069 13416.4756 3239.2219 3932.0811 -6976.3784 -3041.9861 2590.4365 6760.9624 2064.4333 6560.9727 -7197.4814 -10248.1377 290.4450 -7257.1572 -8025.2754 -5634.7974 7524.5962 -6305.6538 -4265.6372 2818.4309 45.6025 -2759.0513 9848.4131 -489.9287 1126.3248 -4021.7422 -1059.9504 -3448.4153 -5088.1133 -2647.6562 6614.2061 7894.4858 -2196.4417 9138.5361 -2736.2708 8078.0430 2346.6262 -1108.8480 -1864.9225 -2753.8921 -3260.9795 11616.3740 -736.4644 3136.1116 1393.1521 6953.7397 2555.9236 600.3749 -5253.8467 -10137.9678 -7789.9497 -4055.4412 4333.7476 1509.4426 -4679.7437 -9219.3955 -239.4087 1723.2637 950.9457 -817.7669
-120.1297 -257.9496 337.3927 795.8137 6.4434 -485.3018 -1042.8159 -222.9848 -678.4207 -964.7235 1051.7615 617.0828 1108.0865 895.7981 116.2262 1255.6698 242.3196 -48.5711 462.9607 -225.4549 -759.2219 -1211.8894 -538.7902 710.8536 -753.5387 90.7071 -415.7873 -1050.9825 770.2230 -824.7159 625.6539 -348.3581 229.7821 418.1195 -190.3797 494.0856 30.3193 75.3965 -233.1751 -226.1270 -431.8585 1354.4357 2006.2533 212.2793 -1171.7058 -623.3403 -862.0641 -414.5620 1130.9939 -317.7288 12.1847 1455.5077 -676.1075 1302.2386 601.7673 205.9825 733.2915 -767.1324 923.9805 -979.6908 -1494.0687 182.3904 399.5033 -907.5746 -733.9341 -1063.0406 -639.1635 -547.7629 565.1483 -438.5658 -486.9896 -1049.4657 766.5522 -139.9723 -237.0289 -1218.6759 -32.4494 -155.6046 970.1429 401.1027 -284.8544 -180.7509 -1216.5724 -143.0920 1176.4955 446.9838 2.6929 1744.9342 359.2769 -290.6305 697.8111 -1043.6152 -1121.1434 -457.4267 1019.5109 -1238.8593 -203.5281 -148.1633 -16.4828 -539.6052 -1375.9200 544.9740 674.3709 -826.3928 1311.2452 -841.9619 772.0903 -142.3242 1460.0012 14.5593 -244.6882 1123.4105 221.6925 -633.9176 1171.2993 -840.5112 224.5708 -363.5765 768.2189 220.3719 -897.6971 -297.5774 -179.2295 -1183.8623 672.8720 -1320.0759 404.8001 73.8782 -453.7525 47.8887 647.3031 518.6305 -703.4730 905.7744 97.2137 1119.1198 -773.7836 -367.1489 2174.9082 -264.5466 350.9958 -324.8983 183.3052 -703.3923 -351.7050 115.5654 639.8267 -126.5866 86.5631 713.1459 340.3206 -511.7719 1138.8408 -1283.6921 -148.3869 -214.7226 155.9795 -600.6386 -1610.2615 115.0100 601.5177 -1278.4207 -913.8521 -765.7046 311.8439 -585.6829 377.5974 66.1893 -978.3375 648.3470 1695.4276 -234.5910 771.2792 -374.8233 -810.3790 1061.4535 -54.5470 -620.2429 705.1263 -237.0544 251.0457 376.6140 -1169.6876 48.9047 -150.3051 -1047.3639 -520.4449 531.4807 -481.8086 2452.5020 -181.7189 1438.9291 -144.3295 -235.6973 -1577.4092 -344.3553 390.5801 -94.5717 -787.4826 -145.1918 1647.5259 878.0238 230.7821 -57.2213 -383.7247 1200.2792 -164.2630 -107.9364 641.2448 504.4278 -268.3159 -977.5693 -964.9504 -396.9987 -308.7385 -634.8154 -1245.6438 -321.8347 -578.7927 -775.2075 36.9144 -260.6025 -395.4831 1243.4747 499.8571 -65.1994 404.6915 -1939.6953 187.4024 368.5746 1092.4178 -79.3925 523.0999 284.4093 618.6815 -1015.6126 517.3475 769.6251 2024.7593 252.2711 206.5672 -2031.0653 -490.3390 -595.2271 1056.1539 460.5370 -392.1510 -1023.4854 -312.5229 -993.2253 1089.6327 1551.4443 -43.9826 1098.6417 1214.9120 853.0163 -1139.0862 954.5914 645.8164 -426.6568 -6.8891 417.6254 -1490.8690 74.1667 -170.5314 608.8733 160.4896 522.0537 770.2892 400.8451 -1001.2753 -1195.1432 332.4952 -1383.4216 414.2377 -1222.9185 -355.2068 167.8014 282.3224 416.9217 493.6345 -1758.5720 111.4809 -474.7892 -210.9736 -1052.6606 -386.9594 -90.8756 795.3650 1534.7069 1179.2649 613.9274 -656.0630 -228.5478 708.4421 1395.6293 36.2336 -260.9172 -143.9474 123.7723
57.1724 122.7485 -160.6003 -378.7118 -3.0546 230.9493 496.3409 106.0969 322.8468 459.1515 -500.5650 -293.6992 -527.3483 -426.3661 -55.3016 -597.6019 -115.3535 23.1138 -220.2900 107.3125 361.3077 576.7353 256.4534 -338.3130 358.6027 -43.1977 197.8805 500.1904 -366.5591 392.5306 -297.7194 165.7848 -109.3774 -199.0076 90.6142 -235.1350 -14.3991 -35.8624 110.9556 107.6498 205.5355 -644.6359 -954.8743 -101.0060 557.6345 296.6635 410.3246 197.3106 -538.2693 151.2326 -5.8052 -692.6938 321.7754 -619.7537 -286.4566 -98.0251 -349.0170 365.0839 -439.7672 466.2852 711.0670 -86.7708 -190.1490 431.9607 349.2958 505.9322 304.1647 260.7185 -269.0079 208.7573 231.7178 499.4701 -364.8338 66.5864 112.7977 580.0322 15.4067 74.0383 -461.6832 -190.9056 135.6039 86.0279 579.0135 68.0912 -559.9258 -212.6920 -1.2774 -830.4463 -171.0533 138.2777 -332.1111 496.6866 533.5964 217.6868 -485.2010 589.5560 96.8474 70.5131 7.8021 256.8057 654.8426 -259.3631 -320.9567 393.2806 -624.0284 400.6972 -367.4860 67.7234 -694.9026 -6.9176 116.4519 -534.6793 -105.5180 301.7241 -557.4764 400.0569 -106.8886 173.0294 -365.5903 -104.9166 427.1969 141.6627 85.2601 563.4727 -320.2713 628.2458 -192.6433 -35.1490 215.9746 -22.7852 -308.0931 -246.8465 334.8034 -431.1094 -46.2331 -532.6261 368.2878 174.7353 -1035.0707 125.8845 -167.0914 154.6385 -87.2603 334.7513 167.4136 -54.9964 -304.5194 60.2148 -41.1998 -339.3982 -161.9581 243.5841 -542.0090 610.9501 70.6800 102.2164 -74.2211 285.8722 766.3868 -54.7554 -286.2875 608.4579 435.0001 364.4430 -148.4776 278.7516 -179.7392 -31.5033 465.6378 -308.6035 -806.9217 111.6600 -367.0909 178.5731 385.9865 -505.1946 25.9886 295.1686 -335.5952 112.7836 -119.4802 -179.2520 556.6802 -23.3021 71.5206 498.4680 247.6915 -252.9524 229.2733 -1167.2020 86.5061 -684.8510 68.6716 112.1875 750.7090 163.8616 -185.8775 44.9873 374.7681 69.1296 -784.1169 -417.8467 -109.8286 27.2060 182.5874 -571.2189 78.1411 51.3860 -305.1545 -240.0937 127.7131 465.2171 459.2403 188.9122 146.9544 302.1693 592.7949 153.1546 275.5174 368.8946 -17.5627 124.0844 188.2352 -591.8233 -237.8919 31.0174 -192.6034 923.1420 -89.2063 -175.3928 -519.9435 37.7998 -248.9500 -135.3309 -294.4500 483.3415 -246.2010 -366.2991 -963.6225 -120.0907 -98.3433 966.7093 233.3903 283.2761 -502.6320 -219.1636 186.6278 487.1459 148.7072 472.7468 -518.5862 -738.3614 20.9430 -522.8839 -578.1981 -405.9984 542.1493 -454.3271 -307.3310 203.0878 3.2870 -198.7888 709.6024 -35.2777 81.1497 -289.8212 -76.3540 -248.4803 -366.6060 -190.7686 476.5523 568.7989 -158.2642 658.4245 -197.1438 582.0223 169.0471 -79.8996 -134.3522 -198.4446 -234.9545 836.9493 -53.0483 225.9312 100.4106 501.0320 184.1362 43.2566 -378.4990 -730.4205 -561.2086 -292.2104 312.2383 108.7581 -337.1516 -664.2493 -17.2280 124.1818 68.5045 -58.9045
14.7158 31.5631 -41.2857 -97.3967 -0.7753 59.3944 127.5419 27.2987 83.0151 118.0412 -128.7146 -75.4788 -135.5580 -109.5638 -14.2152 -153.6419 -29.6552 5.9614 -56.6695 27.5411 92.8600 148.2791 65.9183 -86.9555 92.2013 -11.0576 50.8178 128.5938 -94.3032 100.9049 -76.5475 42.6622 -28.0798 -51.0993 23.3084 -60.4326 -3.6510 -9.2107 28.5118 27.6677 52.8852 -165.6823 -245.4698 -25.9341 143.3821 76.2930 105.4341 50.7498 -138.3826 38.9039 -1.5243 -178.0405 82.7133 -159.3118 -73.6508 -25.2076 -89.7606 93.8515 -112.9740 119.8475 182.7456 -22.3043 -48.8628 111.0665 89.8010 130.0810 78.1822 67.0410 -69.1288 53.6983 59.5717 128.4011 -93.8187 17.1278 29.0192 149.1217 3.9671 19.0223 -118.6874 -49.0944 34.7985 22.1375 148.8452 17.4654 -143.9224 -54.6774 -0.3454 -213.5026 -43.9182 35.5559 -85.3767 127.6438 137.1882 55.9418 -124.7205 151.5076 24.9285 18.1618 2.0321 65.9970 168.2938 -66.6660 -82.5197 101.1073 -160.4176 102.9503 -94.4615 17.4167 -178.6117 -1.7477 29.9483 -137.4422 -27.1604 77.5735 -143.3308 102.7978 -27.4847 44.4762 -93.9544 -26.9659 109.8314 36.4403 21.9238 144.8209 -82.3098 161.5501 -49.5146 -9.0356 55.5002 -5.7932 -79.1645 -63.3970 86.0376 -110.8102 -11.8835 -136.9325 94.6598 44.9078 -266.0820 32.3857 -42.9513 39.7490 -22.4276 86.0047 43.0358 -14.1353 -78.2525 15.4322 -10.5814 -87.2459 -41.6333 62.5804 -139.3291 156.9871 18.1881 26.2658 -19.0884 73.4943 197.0057 -14.0870 -73.6286 156.4017 111.8086 93.6787 -38.1652 71.6858 -46.1905 -8.1100 119.6487 -79.3115 -207.4096 28.6941 -94.3766 45.8944 99.1927 -129.5919 6.7478 75.8836 -86.2442 28.9958 -30.6976 -46.0746 143.1268 -6.0070 18.3927 128.1644 63.7280 -64.9935 58.9357 -300.0519 22.1863 -176.0370 17.6100 28.8168 192.9735 42.1559 -47.8153 11.5800 96.3579 17.8114 -201.5905 -107.3947 -28.2124 6.9941 46.9511 -146.8699 20.0813 13.1582 -78.4725 -61.6748 32.8152 119.6327 118.0845 48.6036 37.7470 77.6616 152.3978 39.3673 70.8311 94.8454 -4.5449 31.8394 48.4051 -152.1305 -61.1757 7.9872 -49.4756 237.3063 -22.9133 -45.0474 -133.6545 9.6926 -63.9980 -34.7790 -75.6914 124.2783 -63.2881 -94.1570 -247.7048 -30.8576 -25.2717 248.4294 60.0183 72.7950 -129.2092 -56.3362 47.9491 125.2009 38.2503 121.5259 -133.2960 -189.8085 5.3237 -134.4001 -148.6124 -104.4020 139.3610 -116.7786 -79.0393 52.2361 0.8250 -51.1090 182.3448 -9.0930 20.8456 -74.4703 -19.6610 -63.8423 -94.2081 -49.0405 122.5055 146.2126 -40.6702 169.2558 -50.6483 149.5933 43.4677 -20.5428 -34.4998 -50.9647 -60.4290 215.1581 -13.6343 58.0215 25.7727 128.7773 47.2951 11.1128 -97.3499 -187.7797 -144.2960 -75.1438 80.2616 27.9327 -86.6763 -170.7542 -4.4855 31.9198 17.6071 -15.1237
52.1817 112.0748 -146.5426 -345.6558 -2.7669 210.7995 452.9622 96.8923 294.6588 419.0751 -456.8317 -268.0156 -481.2964 -389.1142 -50.5026 -545.4172 -105.2436 21.0999 -201.0704 97.9148 329.7958 526.3727 234.0489 -308.7637 327.2699 -39.4003 180.5649 456.5002 -334.5671 358.2425 -271.7856 151.2925 -99.8197 -181.6227 82.6637 -214.5575 -13.1694 -32.7443 101.2948 98.2320 187.6111 -588.3134 -871.4250 -92.1877 508.9245 270.7772 374.4508 180.1145 -491.2560 138.0142 -5.3168 -632.2142 293.6570 -565.6664 -261.4032 -89.4942 -318.4727 333.1880 -401.3505 425.4843 648.9398 -79.2032 -173.5589 394.2213 318.7473 461.7452 277.6179 237.9082 -245.4784 190.4883 211.5168 455.8467 -332.9456 60.8209 102.9141 529.3831 14.1141 67.6116 -421.3540 -174.2070 123.6976 78.5456 528.4172 62.1143 -511.0339 -194.1853 -1.1512 -757.9128 -156.0836 126.2569 -303.1033 453.2974 486.9700 198.7061 -442.7882 538.0598 88.4063 64.3309 7.1495 234.3755 597.6597 -236.7016 -292.9506 358.9278 -569.5294 365.7060 -335.3791 61.8335 -634.1550 -6.3375 106.3043 -487.8963 -96.3150 275.3607 -508.7720 365.0699 -97.5558 157.9237 -333.6309 -95.7670 389.8976 129.2199 77.8476 514.2277 -292.2819 573.3877 -175.8026 -32.0759 197.0958 -20.7806 -281.1521 -225.2586 305.5876 -393.4381 -42.2272 -486.1100 336.1281 159.4806 -944.6460 114.9000 -152.4533 141.0960 -79.6303 305.4967 152.7785 -50.1790 -277.9041 54.9352 -37.5710 -309.7618 -147.8664 222.2694 -494.6412 557.5314 64.4865 93.2655 -67.7730 260.8810 699.4312 -49.9740 -261.2847 555.2596 396.9610 332.5789 -135.4550 254.4340 -163.9915 -28.7351 424.9674 -281.6467 -736.4169 101.9156 -335.0046 162.9621 352.0247 -461.0376 24.0440 269.3975 -306.2574 102.9587 -109.0418 -163.5699 508.0738 -21.2285 65.2920 454.9555 226.0665 -230.8640 209.2655 -1065.2556 78.9422 -625.0253 62.6885 102.3391 685.1644 149.5834 -169.6321 41.0648 342.0474 63.1046 -715.6033 -381.3616 -100.1901 24.8682 166.6448 -521.3431 71.3959 46.8673 -278.5169 -219.1053 116.5258 424.5729 419.0735 172.4536 134.0845 275.7364 541.0621 139.7644 251.4346 336.7035 -16.0227 113.2033 171.7664 -540.1037 -217.1168 28.3106 -175.8104 842.5432 -81.4305 -160.0929 -474.4975 34.4737 -227.2109 -123.5742 -268.7419 441.1554 -224.7043 -334.3020 -879.4647 -109.5880 -89.7175 882.2467 212.9939 258.5400 -458.7076 -200.0382 170.3369 444.5731 135.7430 431.4132 -473.2301 -673.8461 19.0632 -477.2185 -527.7124 -370.5130 494.8040 -414.6208 -280.4671 185.3213 2.9859 -181.4764 647.5777 -32.2062 74.0132 -264.4272 -69.6968 -226.7727 -334.5419 -174.1129 434.8751 519.1254 -144.4364 600.8885 -179.9293 531.1349 154.2426 -72.9177 -122.5848 -181.0957 -214.3920 763.8103 -48.4050 206.2292 91.6127 457.2096 168.0361 39.4726 -345.4712 -666.6680 -512.2036 -266.6569 284.9650 99.2781 -307.7328 -606.2134 -15.7644 113.3552 62.5300 -53.7451
-109.5736 -235.3073 307.7598 725.9305 5.8350 -442.6621 -951.2299 -203.4038 -618.7569 -879.9988 959.3856 562.9217 1010.7650 817.1314 106.0214 1145.3723 221.0671 -44.2839 422.2932 -205.7079 -692.5459 -1105.3871 -491.5080 648.4341 -687.3080 82.7324 -379.2768 -958.6792 702.5588 -752.2856 570.7121 -317.7374 209.6339 381.4040 -173.7020 450.6544 27.6107 68.7484 -212.6989 -206.2967 -393.9229 1235.4800 1830.0402 193.6643 -1068.7732 -568.5839 -786.3746 -378.1592 1031.6775 -289.8442 11.0749 1327.7153 -616.6889 1187.8479 548.8923 187.8980 668.8297 -699.7080 842.8348 -893.7038 -1362.8752 166.3865 364.3980 -827.8597 -669.4618 -969.6843 -583.0398 -499.6780 515.5454 -400.0757 -444.1667 -957.2905 699.2059 -127.6507 -216.2015 -1111.6532 -29.5729 -141.9358 884.9346 365.8541 -259.8605 -164.8453 -1109.7260 -130.4776 1073.1586 407.7400 2.4496 1591.6658 327.7269 -265.1237 636.5347 -951.9692 -1022.6923 -417.2556 929.8982 -1130.0660 -185.6303 -135.1235 -15.0281 -492.2857 -1255.0603 497.0984 615.1491 -753.8119 1196.0399 -767.9681 704.3483 -129.7808 1331.8401 13.2281 -223.2264 1024.6840 202.2649 -578.2458 1068.4634 -766.7289 204.8695 -331.6629 700.7458 201.0517 -818.8334 -271.4060 -163.5245 -1079.9457 613.7818 -1204.1376 369.2360 67.4409 -413.9489 43.6884 590.4429 473.0992 -641.6951 826.2542 88.6783 1020.8608 -705.8708 -334.8895 1983.8215 -241.3366 320.2115 -296.3070 167.1996 -641.6042 -320.8715 105.4235 583.6301 -115.4180 78.9813 650.5007 310.4571 -466.7868 1038.7915 -1170.9338 -135.4230 -195.8327 142.3045 -547.8837 -1468.8427 104.9511 548.6796 -1166.0951 -833.5891 -698.4724 284.4703 -534.2843 344.3783 60.3735 -892.4538 591.4382 1546.5037 -214.0269 703.5246 -342.2359 -739.1980 968.2611 -49.7901 -565.4658 643.2263 -216.2182 228.9853 343.5450 -1066.9253 44.5769 -137.1058 -955.3738 -474.7463 484.8033 -439.4888 2237.0583 -165.7365 1312.5830 -131.6367 -214.9852 -1438.8871 -314.0728 356.2477 -86.2812 -718.3673 -132.4697 1502.8959 800.8878 210.4832 -52.1968 -349.9973 1094.8307 -149.8324 -98.4617 584.9153 460.0989 -244.7265 -891.6857 -880.2338 -362.1314 -281.6177 -579.1100 -1136.2445 -293.5439 -528.0303 -707.0804 33.6554 -237.6938 -360.6944 1134.2531 455.9138 -59.5009 369.1560 -1769.3605 170.9359 336.1800 996.4852 -72.4530 477.1443 259.4046 564.3281 -926.4386 471.8504 702.0485 1846.9381 230.1025 188.4440 -1852.6866 -447.2905 -542.9276 963.3464 420.0339 -357.6944 -933.6110 -285.0138 -906.0010 993.8891 1415.1454 -40.0898 1002.1644 1108.2493 778.0970 -1039.0465 870.7684 589.0550 -389.1741 -6.3095 381.0268 -1359.9716 67.6711 -155.5320 555.3885 146.4230 476.1941 702.5668 365.6287 -913.3151 -1090.1860 303.2814 -1261.9438 377.8965 -1115.4719 -324.0014 153.0961 257.5142 380.2729 450.3024 -1604.0974 101.6961 -433.1184 -192.4035 -960.1810 -352.9413 -82.8983 725.4689 1399.9526 1075.7303 560.0510 -598.4279 -208.4490 646.2117 1273.0858 33.0734 -237.9532 -131.3253 112.9254
112.5823 241.7969 -316.1737 -745.8477 -5.9783 454.8319 977.3500 208.9880 635.8443 904.2067 -985.7595 -578.3504 -1038.5194 -839.5655 -108.9422 -1176.8367 -227.1059 45.5263 -433.8474 211.3148 711.5390 1135.7310 505.0097 -666.2303 706.2319 -85.0091 389.6731 985.0374 -721.8508 772.9703 -586.4322 326.4949 -215.3363 -391.9008 178.4670 -463.0061 -28.4377 -70.6222 218.5509 211.9442 404.7546 -1269.4076 -1880.3566 -198.9858 1098.1852 584.2271 808.0372 388.5793 -1060.0194 297.8539 -11.3930 -1364.1844 633.6259 -1220.4325 -563.9617 -193.0518 -687.2141 718.9883 -865.9951 918.2101 1400.2988 -170.8917 -374.4411 850.6541 687.9364 996.3081 599.0017 513.4378 -529.7059 411.0300 456.4019 983.5660 -718.4086 131.1539 222.1087 1142.2234 30.3502 145.8563 -909.2072 -375.9379 266.9606 169.3997 1140.2583 134.0589 -1102.6248 -418.8647 -2.5124 -1635.3516 -336.7427 272.4025 -654.0217 978.1144 1050.7660 428.6825 -955.4609 1161.0625 190.7712 138.9030 15.4155 505.7423 1289.5082 -510.7635 -632.0489 774.5033 -1228.9434 789.0987 -723.6744 133.3793 -1368.3544 -13.5400 229.3515 -1052.8417 -207.8153 594.1531 -1097.8146 787.7778 -210.5093 340.7891 -719.9345 -206.6029 841.3144 278.8868 167.9107 1109.5878 -630.6179 1237.2039 -379.4002 -69.2252 425.3045 -44.8300 -606.6038 -486.1339 659.3319 -848.9280 -91.1335 -1048.8455 725.1785 344.1248 -2038.3318 247.9187 -328.9462 304.4666 -171.7834 659.2516 329.6605 -108.3395 -599.6703 118.5904 -81.1499 -668.3531 -318.9969 479.6771 -1067.3618 1203.1274 139.1208 201.2545 -146.1954 562.9146 1509.1466 -107.8497 -563.7684 1198.1367 856.5173 717.6384 -292.2702 548.8884 -353.9190 -62.0080 916.9482 -607.6776 -1589.0464 219.8593 -722.9078 351.6181 759.4502 -994.8688 51.1820 581.2966 -660.6250 222.1667 -235.2276 -352.9442 1096.2106 -45.8292 140.8616 981.6376 487.8084 -498.0686 451.5471 -2298.5388 170.3302 -1348.6097 135.1923 220.8608 1478.3746 322.7436 -366.0358 88.5739 738.0825 136.1046 -1544.1675 -822.8726 -216.2488 53.6056 359.6190 -1124.9281 153.9318 101.1914 -600.9564 -472.7552 251.4470 916.2241 904.3953 372.1031 289.3292 594.9805 1167.4879 301.5725 542.4879 726.5142 -34.5461 244.2756 370.6671 -1165.4237 -468.4539 61.0652 -379.2858 1817.9631 -175.6933 -345.4319 -1023.8780 74.4040 -490.2415 -266.5529 -579.8171 951.8358 -484.7868 -721.3369 -1897.6440 -236.3985 -193.5822 1903.5986 459.5821 557.9139 -989.8463 -431.6391 367.5520 959.2983 292.9049 930.9267 -1021.2239 -1454.1051 41.2510 -1029.6533 -1138.6183 -799.5079 1067.6450 -894.6361 -605.2574 399.8912 6.4570 -391.4791 1397.3306 -69.5734 159.8127 -570.5392 -150.4080 -489.2846 -721.8978 -375.6850 938.4807 1120.1237 -311.6288 1296.5574 -388.2350 1146.1069 332.9364 -157.3488 -264.5815 -390.7298 -462.7028 1648.1683 -104.4495 444.9357 197.6745 986.5956 362.6632 85.1542 -745.4539 -1438.4324 -1105.2505 -575.4201 614.8900 214.1546 -663.9798 -1308.0643 -34.0156 244.5001 134.9086 -116.0218
-610.0250 -1310.0695 1713.5618 4041.6958 32.5759 -2464.6816 -5296.3110 -1132.5111 -3445.4812 -4899.7085 5341.7920 3134.1406 5627.7798 4549.6230 590.3023 6377.0664 1230.9012 -246.6781 2350.9546 -1145.2870 -3855.9382 -6154.7476 -2736.6458 3610.3213 -3826.9097 460.6201 -2111.6292 -5337.6729 3911.8042 -4188.5923 3177.7578 -1769.2678 1167.0868 2123.5667 -967.0086 2509.0837 153.8369 382.7740 -1184.1702 -1148.5933 -2193.2866 6878.9526 10189.5957 1078.3220 -5950.8286 -3165.8518 -4378.3765 -2105.6875 5744.2148 -1613.8334 61.7862 7392.2744 -3433.7473 6613.7007 3056.2512 1046.2559 3724.0386 -3896.0190 4692.6499 -4975.5332 -7588.0923 926.2646 2029.0549 -4609.4043 -3727.6091 -5399.0615 -3245.9910 -2782.2625 2870.3281 -2227.6624 -2473.1477 -5330.0269 3893.1995 -710.6862 -1203.7877 -6189.5728 -164.6772 -790.3174 4927.0986 2037.0142 -1446.7736 -917.9184 -6178.9146 -726.4216 5975.2358 2270.0706 13.7348 8862.0889 1824.7332 -1475.9485 3544.2051 -5300.3296 -5694.1958 -2323.0488 5177.7368 -6291.8594 -1033.6503 -752.5172 -83.5880 -2740.6079 -6988.0278 2767.7625 3425.1064 -4197.1807 6659.5576 -4275.9438 3921.4470 -722.7540 7415.1621 73.7447 -1242.7616 5705.4097 1125.9325 -3219.5793 5948.9800 -4268.9077 1140.7150 -1846.6046 3901.4858 1119.3832 -4559.1953 -1511.3369 -910.1946 -6012.8364 3417.3821 -6704.2891 2055.7097 375.3430 -2304.6660 243.1288 3287.4092 2634.1838 -3572.9692 4600.4165 493.5662 5683.8379 -3929.9912 -1864.7347 11045.7275 -1343.6599 1782.8492 -1649.9266 930.9854 -3572.4163 -1786.4053 587.0150 3249.5591 -642.7724 439.7139 3621.8904 1728.5618 -2599.0530 5783.9961 -6519.4126 -753.9499 -1090.5204 792.1488 -3050.4502 -8178.2900 584.2238 3055.0518 -6492.7207 -4641.5312 -3888.8787 1584.0026 -2974.6338 1917.8055 336.1068 -4968.9849 3292.8716 8610.7793 -1191.5142 3917.2961 -1905.4570 -4115.7192 5391.0791 -277.2230 -3149.9878 3581.3665 -1203.5161 1274.7936 1912.7596 -5940.6055 248.4284 -763.2858 -5319.5088 -2643.3921 2699.2969 -2446.8560 12455.6504 -922.9554 7308.1509 -732.7010 -1196.9376 -8011.2856 -1748.7957 1983.6505 -480.2433 -3999.6121 -737.5665 8367.6924 4459.1177 1172.0920 -290.5641 -1948.6996 6095.9404 -834.2580 -548.2605 3256.7124 2561.7544 -1362.5216 -4964.8018 -4900.9385 -2016.3179 -1568.0309 -3224.2039 -6326.4224 -1634.3365 -2939.8665 -3937.0171 187.3802 -1323.6237 -2008.4578 6315.2778 2538.5513 -331.1565 2055.3748 -9851.3965 951.8774 1871.8856 5548.1445 -403.3425 2656.5498 1444.3441 3142.1506 -5158.1343 2627.2988 3908.8782 10283.2930 1281.0375 1049.1987 -10315.4219 -2490.4648 -3023.1936 5363.8091 2338.8389 -1991.5757 -5198.2080 -1587.2518 -5044.5229 5533.8433 7879.4380 -223.3486 5579.6948 6170.2710 4332.3940 -5785.3359 4848.1528 3279.7222 -2166.9800 -35.0944 2121.2695 -7571.9990 376.7823 -866.0500 3092.1406 815.0303 2651.3953 3912.0098 2035.7109 -5085.3779 -6069.7603 1688.7742 -7026.1797 2103.8281 -6210.8511 -1804.1686 852.4656 1433.8621 2117.4177 2507.2344 -8931.3682 566.1998 -2411.2515 -1071.1250 -5346.3862 -1965.1873 -461.5819 4039.4724 7794.6670 5989.3794 3118.0452 -3332.0264 -1160.5029 3598.0745 7088.3350 184.0632 -1324.9760 -731.1116 628.6866
-189.3249 -406.6383 531.8658 1254.5411 10.0822 -764.9924 -1643.9885 -351.4566 -1069.4821 -1520.8726 1658.0889 972.9085 1746.8790 1412.2167 183.2197 1979.4806 382.0530 -76.5936 729.7623 -355.4938 -1196.9071 -1910.4788 -849.4845 1120.6461 -1187.8781 143.0313 -655.4683 -1656.8453 1214.2396 -1300.1376 986.3897 -549.1774 362.2950 659.1541 -300.1485 778.8041 47.7940 118.8472 -367.5706 -356.5007 -680.7972 2135.2876 3162.8604 334.7203 -1847.1249 -982.6594 -1359.0625 -653.5626 1782.9862 -500.9400 19.1368 2294.5894 -1065.7996 2052.8828 948.6683 324.7454 1155.9591 -1209.3059 1456.5828 -1544.3748 -2355.3562 287.5420 629.7982 -1430.7448 -1157.0741 -1675.9016 -1007.5536 -863.5701 890.9666 -691.4611 -767.6820 -1654.5150 1208.4308 -220.5738 -373.6515 -1921.2502 -51.1211 -245.2766 1529.3805 632.2863 -449.0438 -284.9331 -1917.9407 -225.4870 1854.7028 704.5573 4.3049 2750.8030 566.3992 -458.1112 1100.1573 -1645.2124 -1767.5000 -721.0665 1607.1650 -1952.9904 -320.8515 -233.5800 -25.9659 -850.6708 -2169.0811 859.1266 1063.1417 -1302.8165 2067.1262 -1327.2520 1217.1953 -224.3607 2301.6548 22.8691 -385.7592 1770.9045 349.4704 -999.3627 1846.5542 -1324.9778 354.0441 -573.1878 1211.0427 347.4737 -1415.1335 -469.1514 -282.5085 -1866.3800 1060.7028 -2081.0806 638.0641 116.4846 -715.3195 75.4472 1020.3865 817.6489 -1109.0403 1427.9655 153.1589 1764.2731 -1219.8879 -578.7852 3428.6235 -417.1089 553.3859 -512.1179 288.9774 -1108.8854 -554.4771 182.2200 1008.7142 -199.5457 136.4816 1124.2416 536.5764 -806.7393 1795.3322 -2023.6810 -234.0712 -338.5401 245.9018 -946.8481 -2538.5029 181.3875 948.3636 -2015.3464 -1440.7930 -1207.0918 491.6599 -923.2944 595.3080 104.3687 -1542.3344 1022.0652 2672.8442 -369.8176 1215.9274 -591.4343 -1277.5364 1673.3253 -86.0526 -977.7647 1111.6440 -373.6696 396.0015 593.7379 -1843.9343 77.0966 -236.9360 -1651.2109 -820.4982 837.8597 -759.5040 3866.2158 -286.4926 2268.4365 -227.4165 -371.5663 -2486.6533 -542.8823 615.6754 -149.0724 -1241.5109 -228.9577 2597.2705 1384.0807 363.8090 -90.2063 -604.8630 1892.2072 -258.9239 -170.2028 1010.9048 795.2096 -422.9158 -1541.0642 -1521.2859 -625.8119 -486.7225 -1000.8182 -1963.7332 -507.3094 -912.5490 -1222.0885 58.1716 -410.8691 -623.3920 1960.2382 787.9135 -102.8064 637.9913 -3057.8921 295.4730 581.0376 1722.1754 -125.2087 824.5812 448.3079 975.3345 -1601.0875 815.5188 1213.3318 3191.9460 397.6555 325.6934 -3201.8816 -773.0280 -938.3660 1664.9778 725.9358 -618.1681 -1613.5206 -492.6717 -1565.8042 1717.7189 2445.7524 -69.2750 1731.9052 1915.2701 1344.7335 -1795.7646 1504.8523 1017.9976 -672.6413 -10.9181 658.4418 -2350.3252 116.9379 -268.8431 959.7759 252.8961 822.9339 1214.3077 631.8416 -1578.5187 -1884.0565 524.1401 -2180.8914 653.0294 -1927.9003 -560.0167 264.6304 445.0960 657.2337 778.3094 -2772.2700 175.7589 -748.4298 -332.4896 -1659.4911 -610.0129 -143.2812 1253.8752 2419.4658 1859.1340 967.7947 -1034.2683 -360.2313 1116.8448 2200.2236 57.1503 -411.2927 -226.8883 195.1625
-322.6098 -693.0229 906.4194 2137.9189 17.2434 -1303.7344 -2801.6318 -599.0669 -1822.5433 -2591.8618 2825.6145 1657.8508 2976.9167 2406.6055 312.2423 3373.3389 651.1199 -130.4968 1243.6154 -605.7728 -2039.7380 -3255.6924 -1447.6140 1909.7223 -2024.3710 243.6677 -1117.0649 -2823.5439 2069.2317 -2215.6616 1681.0031 -935.8529 617.3432 1123.2985 -511.5822 1327.3146 81.3888 202.4584 -626.3987 -607.5502 -1160.2134 3638.7434 5390.0059 570.4210 -3147.8401 -1674.6681 -2316.0349 -1113.8690 3038.5474 -853.6644 32.6590 3910.3286 -1816.2849 3498.4280 1616.6248 553.4083 1969.8710 -2060.9246 2482.2764 -2631.9148 -4013.9521 489.8906 1073.2546 -2438.2527 -1971.7938 -2855.9346 -1717.0100 -1471.7434 1518.3083 -1178.3958 -1308.1869 -2819.4534 2059.3679 -375.9610 -636.7999 -3274.1033 -87.1504 -418.0588 2606.3896 1077.5049 -765.2916 -485.5246 -3268.4761 -384.2160 3160.7271 1200.8052 7.2553 4687.8198 965.2377 -780.7279 1874.7646 -2803.7390 -3012.0747 -1228.8473 2738.8633 -3328.2693 -546.7834 -398.0038 -44.2362 -1449.7449 -3696.5098 1464.0869 1811.7877 -2220.2429 3522.6936 -2261.8611 2074.3047 -382.2637 3922.4109 39.0197 -657.3746 3017.9968 595.6160 -1703.0907 3146.8228 -2258.2002 603.3936 -976.8178 2063.7593 592.1296 -2411.7087 -799.4328 -481.4917 -3180.6741 1807.6959 -3546.3796 1087.3892 198.5538 -1219.1647 128.5943 1738.9885 1393.4508 -1890.0167 2433.5798 261.0856 3006.5974 -2078.8877 -986.3943 5842.8413 -710.8154 943.0973 -872.7565 492.4307 -1889.6765 -944.9088 310.5417 1718.9738 -339.9848 232.6169 1915.9121 914.4072 -1374.7616 3059.6067 -3448.6470 -398.8160 -576.8349 419.0529 -1613.5760 -4326.1348 309.0487 1616.0754 -3434.4836 -2455.2593 -2057.1064 837.9380 -1573.4672 1014.4205 177.7734 -2628.4529 1741.8358 4554.8428 -630.3121 2072.1611 -1007.9290 -2177.0811 2851.7720 -146.6761 -1666.3181 1894.4883 -636.7966 674.3303 1012.0761 -3142.4121 131.3930 -403.7401 -2813.9243 -1398.2850 1427.8203 -1294.3182 6588.7378 -488.1771 3865.8958 -387.5823 -633.1435 -4237.7847 -925.0383 1049.2911 -254.0766 -2115.7231 -390.1284 4426.2729 2358.7673 619.9854 -153.7139 -1030.8309 3224.5715 -441.3517 -289.9398 1722.7351 1355.1111 -720.7319 -2626.2136 -2592.5283 -1066.5759 -829.4740 -1705.5383 -3346.4778 -864.5283 -1555.1451 -2082.5532 99.0625 -700.1685 -1062.3650 3340.6016 1342.7772 -175.1254 1087.2428 -5211.1475 503.5015 990.1552 2934.8135 -213.3851 1405.1946 763.9525 1662.0898 -2728.5120 1389.7498 2067.7014 5439.5815 677.6389 554.9725 -5456.5654 -1317.3701 -1599.2006 2837.2661 1237.1619 -1053.5410 -2749.6953 -839.6175 -2668.3835 2927.2310 4167.9731 -118.1699 2951.4932 3263.8892 2291.7126 -3060.2800 2564.5305 1734.8792 -1146.2496 -18.5514 1122.1442 -4005.4343 199.2779 -458.0785 1635.6409 431.1377 1402.4792 2069.3772 1076.7994 -2690.0032 -3210.7000 893.3062 -3716.6943 1112.8287 -3285.3650 -954.3807 450.9717 758.4320 1120.0676 1326.2527 -4724.3848 299.5111 -1275.4814 -566.5786 -2828.1223 -1039.5371 -244.1381 2136.7781 4123.1821 3168.2317 1649.3617 -1762.5261 -613.8813 1903.3269 3749.6008 97.3484 -700.8508 -386.7768 332.5951
-248.5703 -533.9387 698.3370 1647.1364 13.2751 -1004.4543 -2158.4558 -461.5195 -1404.1591 -1996.7501 2176.9949 1277.2797 2293.5542 1854.1763 240.6078 2598.9116 501.6117 -100.5309 958.1007 -466.7566 -1571.4077 -2508.2998 -1115.3312 1471.3317 -1559.5905 187.6600 -860.5933 -2175.2812 1594.1951 -1707.0636 1295.0374 -721.0183 475.6201 865.4753 -394.0927 1022.5940 62.6917 155.9843 -482.5699 -468.0399 -893.8097 2803.4624 4152.6748 439.4701 -2425.1606 -1290.1788 -1784.3563 -858.1274 2341.0181 -657.7468 25.0964 3012.6125 -1399.3385 2695.3301 1245.5488 426.3900 1517.6772 -1587.7437 1912.4197 -2027.6677 -3092.4316 377.5165 826.9469 -1878.4657 -1519.1396 -2200.3079 -1322.8789 -1133.8573 1169.7932 -907.8553 -1007.8911 -2172.1880 1586.6105 -289.6279 -490.5794 -2522.4436 -67.1261 -322.0588 2007.9862 830.1912 -589.6129 -374.0768 -2518.1384 -296.0019 2435.1450 925.1444 5.5767 3611.6208 743.6804 -601.5110 1444.3997 -2160.1055 -2320.6069 -946.8035 2110.1028 -2564.1533 -421.2483 -306.6971 -34.0586 -1116.8837 -2847.8655 1127.9648 1395.8369 -1710.4795 2713.9751 -1742.5630 1598.1539 -294.5621 3021.9219 30.0217 -506.4549 2325.1873 458.8233 -1312.1154 2424.4673 -1739.7561 464.8388 -752.5443 1590.0061 456.2125 -1858.0820 -615.9613 -370.8942 -2450.4182 1392.6984 -2732.2710 837.7374 152.9323 -939.2332 99.1145 1339.7167 1073.5593 -1456.0936 1874.8844 201.1447 2316.3464 -1601.6140 -759.9474 4501.5249 -547.5986 726.6151 -672.4137 379.4432 -1455.8923 -728.0120 239.2376 1324.2839 -261.9579 179.2259 1476.0201 704.4527 -1059.2014 2357.2009 -2656.9253 -307.2830 -444.4232 322.7977 -1243.1903 -3332.9509 238.1059 1245.0328 -2646.0278 -1891.5892 -1584.8822 645.5309 -1212.2023 781.6249 136.9880 -2025.0411 1341.9419 3509.2144 -485.5351 1596.3975 -776.5222 -1677.3051 2197.0605 -112.9984 -1283.7361 1459.4882 -490.6421 519.5540 779.5424 -2420.6792 101.2563 -311.0769 -2167.9229 -1077.2621 1100.0680 -997.1855 5076.1260 -376.1240 2978.3333 -298.6032 -487.8234 -3264.8416 -712.7294 808.4267 -195.7554 -1630.0254 -300.5820 3410.1343 1817.1752 477.6534 -118.4568 -794.2053 2484.3118 -339.9602 -223.4722 1327.2023 1044.0049 -555.2691 -2023.3331 -1997.2847 -821.7431 -639.0132 -1313.9427 -2578.2485 -666.0767 -1198.0933 -1604.4717 76.2915 -539.4639 -818.4934 2573.6851 1034.5709 -134.9479 837.6840 -4014.8030 387.8977 762.8556 2261.0750 -164.3978 1082.6050 588.5954 1280.5311 -2102.1484 1070.7235 1593.0374 4190.8369 522.0677 427.5930 -4203.9277 -1014.9706 -1232.0521 2185.9412 953.1840 -811.6691 -2118.4521 -646.8546 -2055.7825 2255.2490 3211.1082 -91.0512 2273.9487 2514.6431 1765.5806 -2357.7480 1975.7721 1336.6113 -883.1102 -14.3100 864.4820 -3085.8320 153.5532 -352.9138 1260.1755 332.1341 1080.4918 1594.3279 829.6089 -2072.4761 -2473.6279 688.2070 -2863.4561 857.3962 -2531.1533 -735.2624 347.4785 584.3689 862.8870 1021.7758 -3639.8250 230.7320 -982.6738 -436.5026 -2178.8672 -800.8840 -188.1190 1646.2344 3176.5315 2440.8848 1270.7079 -1357.8792 -472.9106 1466.2811 2888.7546 75.0119 -540.0070 -297.9773 256.2501
-108.8104 -233.7044 305.7108 721.0062 5.8129 -439.6155 -944.8461 -202.0235 -614.6309 -874.0223 952.9616 559.1265 1003.9636 811.5986 105.2904 1137.5978 219.5927 -44.0206 419.4240 -204.2889 -687.8905 -1097.9143 -488.2133 644.0143 -682.7022 82.2360 -376.7218 -952.2513 697.8328 -747.1491 566.9224 -315.5819 208.1731 378.7816 -172.5201 447.5957 27.4502 68.3222 -211.2495 -204.8981 -391.2577 1227.1624 1817.7841 192.3445 -1061.5779 -564.7437 -781.0528 -375.6649 1024.6986 -287.8694 11.0510 1318.7461 -612.5268 1179.7928 545.1416 186.6243 664.3337 -695.0428 837.1133 -887.6069 -1353.6779 165.2270 361.9783 -822.2678 -664.9701 -963.1891 -579.0345 -496.3483 512.0282 -397.4367 -441.1926 -950.7856 694.5166 -126.7778 -214.7136 -1104.1827 -29.4081 -140.9635 878.9496 363.4177 -258.1337 -163.7519 -1102.3010 -129.5995 1065.9409 404.9399 2.4685 1580.8944 325.5147 -263.2882 632.2364 -945.5496 -1015.7781 -414.4156 923.6209 -1122.4148 -184.4658 -134.2396 -14.9182 -488.9134 -1246.5552 493.7584 610.9800 -748.7449 1188.0271 -762.7703 699.5633 -128.9522 1322.7654 13.1561 -221.7203 1017.7380 200.8739 -574.3619 1061.2369 -761.4867 203.4814 -329.4401 695.9557 199.7310 -813.2934 -269.6280 -162.4004 -1072.6014 609.6750 -1195.9642 366.7459 66.9616 -411.1018 43.3439 586.4761 469.9049 -637.4037 820.7244 88.0066 1013.9257 -701.0841 -332.6477 1970.5060 -239.7443 318.0576 -294.3149 166.0546 -637.3221 -318.6923 104.7153 579.6939 -114.6802 78.4366 646.1084 308.3551 -463.6514 1031.8259 -1163.0459 -134.4780 -194.5229 141.3468 -544.1735 -1458.8845 104.2491 545.0035 -1158.2609 -828.0271 -693.7388 282.5758 -530.6099 342.0934 59.9272 -886.4161 587.4171 1536.1116 -212.5590 698.7903 -339.9521 -734.2071 961.6875 -49.4733 -561.9109 638.8966 -214.7024 227.4061 341.2115 -1059.7543 44.5833 -136.1713 -948.9337 -471.5520 481.5068 -436.5512 2221.9722 -164.7241 1303.6903 -130.7433 -213.5369 -1429.1050 -311.9950 353.8520 -85.6570 -713.4753 -131.5542 1492.7261 795.4481 209.1258 -51.8221 -347.6271 1087.4768 -148.8471 -97.7935 580.9462 456.9961 -243.0890 -885.6601 -874.2695 -359.6576 -279.7224 -575.1597 -1128.5468 -291.5490 -524.4851 -702.3543 33.4121 -236.0752 -358.2880 1126.5861 452.8307 -59.0777 366.7043 -1757.4100 169.7933 333.9289 989.6703 -71.9635 473.8983 257.6254 560.4904 -920.1810 468.6559 697.3521 1834.4637 228.5260 187.1892 -1840.1587 -444.2610 -539.3092 956.8353 417.1937 -355.3277 -927.3222 -283.1154 -899.8533 987.1619 1405.6166 -39.8546 995.3618 1100.6890 772.8550 -1032.0942 864.8710 585.0993 -386.5960 -6.2684 378.4261 -1350.7594 67.2201 -154.4641 551.6164 145.3795 472.9532 697.8991 363.1863 -907.1815 -1082.7733 301.1937 -1253.3807 375.3009 -1107.9733 -321.8198 152.0061 255.7874 377.7885 447.2944 -1593.2441 100.9992 -430.1178 -191.1091 -953.7093 -350.5347 -82.3279 720.6218 1390.5179 1068.4740 556.2111 -594.3949 -207.0200 641.8540 1264.4976 32.7909 -236.3445 -130.3828 112.1670
49.3719 105.9883 -138.6358 -326.9847 -2.6167 199.4754 428.5235 91.6553 278.7633 396.4474 -432.1678 -253.6068 -455.3431 -368.0741 -47.7923 -515.9507 -99.6054 19.9547 -190.2187 92.7006 311.9671 497.9955 221.4373 -292.1138 309.6490 -37.2586 170.8534 431.8256 -316.5135 338.9383 -257.0443 143.1234 -94.4088 -171.8469 78.2341 -203.0324 -12.4588 -30.9325 95.8240 92.9724 177.4692 -556.5734 -824.4393 -87.1900 481.4810 256.1418 354.2802 170.3474 -464.7970 130.6016 -4.9490 -598.1510 277.8489 -535.1451 -247.3059 -84.6400 -301.2915 315.2250 -379.6763 402.5817 613.9754 -74.9551 -164.2008 372.9656 301.6037 436.8273 262.6078 225.1201 -232.2635 180.2295 200.0995 431.2549 -315.0111 57.5228 97.4030 500.7931 13.3371 63.9318 -398.6561 -164.8346 117.0667 74.2749 499.9207 58.7808 -483.4482 -183.7260 -1.1078 -717.0467 -147.6810 119.4042 -286.7231 428.8210 460.7365 187.9560 -418.9390 509.0642 83.6404 60.8557 6.7557 221.7308 565.4053 -223.9459 -277.1530 339.5976 -538.7616 345.9686 -317.2838 58.4845 -599.9614 -5.9949 100.5496 -461.6424 -91.0990 260.4711 -481.3657 345.4224 -92.2726 149.3841 -315.6667 -90.5652 368.9108 122.2932 73.6870 486.4985 -276.4951 542.4709 -166.2777 -30.3444 186.4834 -19.6788 -266.0043 -213.1652 289.0535 -372.2320 -39.9630 -459.8952 317.9780 150.8645 -893.7098 108.7122 -144.2441 133.5107 -75.3146 289.0186 144.5313 -47.4478 -262.9267 52.0131 -35.5791 -293.0655 -139.8472 210.3112 -468.0126 527.4510 61.0365 88.2512 -64.0876 246.8145 661.7517 -47.2415 -247.1812 525.3443 375.5075 314.6699 -128.1425 240.6498 -155.1589 -27.2172 402.0461 -266.3968 -696.6735 96.4117 -316.9109 154.1686 332.9925 -436.1947 22.4072 254.8856 -289.7826 97.4038 -103.1420 -154.7580 480.6786 -20.1022 62.0607 430.4282 213.8754 -218.4102 197.9803 -1007.7961 74.6829 -591.3268 59.2924 96.8577 648.2230 141.4857 -160.5013 38.8616 323.6382 59.6693 -677.0389 -360.8091 -94.8516 23.5075 157.6756 -493.2245 67.5217 44.3820 -263.5079 -207.2601 110.2541 401.7186 396.5176 163.1716 126.8635 260.8625 511.8783 132.2771 237.8556 318.5316 -15.1327 107.0960 162.5060 -510.9620 -205.4242 26.7822 -166.3004 797.0966 -77.0336 -151.4350 -448.9201 32.6313 -214.9227 -116.8614 -254.2203 417.3477 -212.5980 -316.2762 -832.0313 -103.6960 -84.9008 834.6724 201.5230 244.6140 -433.9557 -189.2318 161.1450 420.5679 128.4155 408.1664 -447.7253 -637.5422 18.0772 -451.4504 -499.2446 -350.5426 468.0685 -392.2636 -265.3933 175.2889 2.8629 -171.6295 612.6413 -30.4717 70.0850 -250.2036 -65.9553 -214.5430 -316.5576 -164.7061 411.4280 491.0900 -136.6445 568.5288 -170.2537 502.4873 145.9229 -68.9615 -116.0194 -171.3161 -202.8370 722.6261 -45.8134 195.0745 86.6754 432.6128 158.9678 37.3328 -326.8587 -630.6386 -484.6069 -252.3155 269.5815 93.9239 -291.1234 -573.5312 -14.8653 107.1962 59.2069 -50.8367
229.6634 493.1675 -645.0114 -1521.4795 -12.2811 927.8033 1993.8079 426.2859 1297.0435 1844.5087 -2010.9333 -1179.8694 -2118.5520 -1712.6921 -222.2434 -2400.6182 -463.3973 92.8859 -885.0384 431.1163 1451.5844 2316.9519 1030.2145 -1359.1401 1440.6361 -173.3860 794.9634 2009.3584 -1472.6472 1576.7930 -1196.2372 666.0541 -439.3024 -799.4112 364.0417 -944.5276 -57.8659 -144.1014 445.7930 432.3916 825.7504 -2589.5134 -3835.8894 -405.9043 2240.1790 1191.7925 1648.2393 792.7090 -2162.4185 607.5715 -23.2639 -2782.8689 1292.6031 -2489.6560 -1150.5479 -393.8807 -1401.8600 1466.6486 -1766.4965 1873.0931 2856.4778 -348.7021 -763.7962 1735.1914 1403.2413 2032.4353 1221.8748 1047.3369 -1080.5061 838.6194 930.9694 2006.5095 -1465.5486 267.5393 453.1965 2330.0281 61.9831 297.5064 -1854.8859 -766.8428 544.6031 345.5800 2326.0667 273.4688 -2249.3206 -854.5685 -5.1881 -3336.1826 -686.9105 555.6041 -1334.1941 1995.2701 2143.5747 874.4924 -1949.1522 2368.5532 389.0585 283.3022 31.4387 1031.7095 2630.6428 -1041.9502 -1289.3862 1580.0360 -2506.9187 1609.6671 -1476.2378 272.0459 -2791.4436 -27.7305 467.8336 -2147.7827 -423.8855 1212.0391 -2239.4978 1607.0585 -429.4293 695.1374 -1468.7316 -421.4071 1716.3320 568.9838 342.6653 2263.5386 -1286.4125 2523.8020 -773.8537 -141.3017 867.5637 -91.5019 -1237.4993 -991.6244 1344.9390 -1731.8441 -185.8442 -2139.6855 1479.4419 702.0059 -4158.1294 505.8267 -671.1396 621.1083 -350.4847 1344.8290 672.4684 -221.0078 -1223.2789 241.9539 -165.5979 -1363.4308 -650.7154 978.3883 -2177.3672 2454.2292 283.8866 410.4952 -298.1874 1148.3350 3078.7070 -219.9151 -1150.0441 2444.1631 1747.2848 1463.9753 -596.2860 1119.8176 -721.9295 -126.5373 1870.5564 -1239.5857 -3241.5437 448.5572 -1474.6390 717.2876 1549.3323 -2029.4974 104.3844 1185.7905 -1348.2238 453.2153 -479.8673 -720.0139 2236.3389 -93.4833 287.4143 2002.8298 995.1166 -1016.1635 921.0656 -4688.8594 347.3894 -2751.2053 275.7896 450.5820 3015.8135 658.3829 -746.6940 180.8124 1505.7063 277.6950 -3150.0327 -1678.6863 -441.2383 109.4078 733.5609 -2294.8247 314.0212 206.4012 -1226.0000 -964.3797 512.9142 1869.0049 1844.9799 759.0681 590.2731 1213.7604 2381.5132 615.2403 1106.7019 1482.1378 -70.5639 498.2971 756.0804 -2377.3672 -955.6199 124.6739 -773.7311 3708.5552 -358.2774 -704.6925 -2088.6226 151.8632 -1000.0091 -543.6811 -1182.8729 1941.7435 -989.0638 -1471.4996 -3871.0686 -482.2854 -394.9476 3883.2249 937.5352 1138.0601 -2019.2308 -880.4305 749.7133 1956.8425 597.5433 1898.9647 -2083.2349 -2966.1943 84.0381 -2100.4307 -2322.7910 -1630.9348 2177.8796 -1825.1340 -1234.6417 815.7474 13.1427 -798.5562 2850.4614 -141.8693 325.9865 -1163.9567 -306.8381 -998.1023 -1472.6384 -766.3348 1914.3584 2284.9053 -635.7428 2644.9910 -791.9738 2337.9976 679.2287 -320.9456 -539.7575 -797.0353 -943.8367 3362.1970 -213.1193 907.7347 403.2284 2012.6560 739.8063 173.7583 -1520.7473 -2934.2869 -2254.7336 -1173.8451 1254.3411 436.9063 -1354.4718 -2668.4150 -69.2915 498.8065 275.2237 -236.6598
308.4850 662.5533 -866.6022 -2043.9952 -16.4921 1246.5055 2678.5286 572.7042 1742.4973 2477.9692 -2701.5317 -1585.0186 -2846.1309 -2300.8723 -298.5045 -3225.0845 -622.4497 124.7549 -1188.9857 579.1851 1950.0640 3112.6262 1384.0410 -1825.8605 1935.3990 -232.9386 1067.9552 2699.4402 -1978.3158 2118.3501 -1607.1355 894.7720 -590.2339 -1073.9854 489.0613 -1268.8939 -77.8312 -193.5600 598.8481 580.8467 1109.2189 -3478.8923 -5153.2222 -545.3555 3009.4819 1601.0663 2214.2681 1064.8795 -2904.9968 816.2051 -31.2257 -3738.5171 1736.4489 -3344.7568 -1545.6176 -529.0961 -1883.3768 1970.3390 -2373.1741 2516.2778 3837.5378 -468.4239 -1026.1892 2331.1663 1885.1594 2730.4373 1641.5803 1407.0781 -1451.6514 1126.5697 1250.6829 2695.5911 -1968.8628 359.4491 608.7716 3130.2402 83.3220 399.6894 -2491.8232 -1030.1948 731.6321 464.1916 3124.8733 367.3400 -3021.8347 -1148.0062 -6.9638 -4481.8511 -922.8192 746.3965 -1792.4021 2680.5359 2879.7683 1174.8658 -2618.5615 3182.0063 522.7571 380.5905 42.2579 1386.0011 3534.0562 -1399.7498 -1732.2094 2122.6267 -3367.9470 2162.4822 -1983.1882 365.5238 -3750.1011 -37.2707 628.5227 -2885.4077 -569.4221 1628.2217 -3008.5767 2158.9067 -576.8610 933.9064 -1973.0477 -566.1027 2305.7061 764.2897 460.3295 3040.8921 -1728.2894 3390.5793 -1039.6333 -189.8020 1165.5598 -122.9249 -1662.5754 -1332.1907 1806.9751 -2326.5835 -249.5924 -2874.4441 1987.5280 943.0118 -5586.1475 679.6048 -901.6556 834.3948 -470.7612 1806.6798 903.4550 -296.8605 -1643.3959 325.0317 -222.3797 -1831.7275 -874.1926 1314.4048 -2925.1816 3297.0483 381.2579 551.5281 -400.6285 1542.6857 4136.0244 -295.4473 -1545.0685 3283.5813 2347.3633 1966.7576 -801.0660 1504.3350 -969.8664 -169.9740 2512.9727 -1665.2886 -4354.7720 602.6296 -1981.1215 963.6425 2081.4355 -2726.4370 140.2757 1593.0465 -1811.2061 608.8279 -644.6903 -967.3148 3004.3403 -125.6514 386.0594 2690.3213 1337.2223 -1365.0732 1237.4382 -6299.2007 466.7170 -3695.9888 370.5562 605.3679 4051.5386 884.4326 -1003.1815 242.8875 2022.7166 373.0407 -4231.7563 -2255.0642 -592.8022 146.9679 985.5542 -3082.9177 421.9125 277.2848 -1647.0547 -1295.5955 689.0839 2510.8611 2478.5347 1019.7103 792.9915 1630.5642 3199.4399 826.5449 1486.8159 1991.0677 -94.6984 669.3964 1015.6931 -3193.8552 -1283.8347 167.4485 -1039.4771 4982.2114 -481.3727 -946.6619 -2805.8289 204.0374 -1343.4663 -730.4078 -1589.0503 2608.6357 -1328.7075 -1976.8545 -5200.6157 -647.8474 -530.6408 5216.7817 1259.5555 1528.9482 -2712.6443 -1182.8153 1007.2540 2628.8740 802.7368 2551.1521 -2798.6084 -3984.8528 112.9375 -2821.8323 -3120.5205 -2191.0010 2925.8445 -2451.8403 -1658.6482 1095.8602 17.7297 -1072.8035 3829.3643 -190.5600 437.9493 -1563.8284 -412.1382 -1340.8785 -1978.4340 -1029.4910 2571.8748 3069.6821 -854.0657 3553.3979 -1063.9882 3141.0132 912.4285 -431.1672 -725.1857 -1070.8373 -1267.9844 4516.8765 -286.3319 1219.4393 541.7064 2703.8511 993.8253 233.4392 -2042.9294 -3941.9829 -3029.0508 -1576.8817 1685.1083 586.9431 -1819.6605 -3584.8435 -93.0694 670.0665 369.8113 -317.9656
-65.3010 -140.2291 183.4501 432.6633 3.4736 -263.8828 -567.0115 -121.2550 -368.8815 -524.5540 571.9271 335.5087 602.4979 487.0767 63.1910 682.6577 131.7574 -26.4645 251.6860 -122.5777 -412.7455 -658.9399 -292.9668 386.5181 -409.7003 49.3079 -226.0579 -571.3912 418.7775 -448.3880 340.1559 -189.3907 124.9080 227.3057 -103.5614 268.5995 16.4745 40.8997 -126.8176 -122.9414 -234.7959 736.3707 1090.8407 115.4116 -637.0465 -338.9670 -468.6757 -225.4534 614.9261 -172.7572 6.6018 791.3782 -367.5372 708.0342 327.1709 112.0131 398.7175 -417.1411 502.3385 -532.6714 -812.3458 99.1372 217.2412 -493.4964 -399.1135 -578.0302 -347.4940 -297.8419 307.2764 -238.5008 -264.7295 -570.6216 416.7836 -76.0699 -128.8320 -662.6337 -17.6437 -84.6147 527.4316 218.0984 -154.8521 -98.2790 -661.4932 -77.7781 639.6475 242.9775 1.5162 948.7662 195.3039 -157.9670 379.4755 -567.4232 -609.6106 -248.7065 554.3206 -673.5640 -110.6438 -80.5982 -8.9524 -293.3966 -748.1714 296.3399 366.6771 -449.3832 713.0073 -457.7577 419.8329 -77.4173 793.8145 7.8978 -133.0480 610.8436 120.5529 -344.6911 636.8593 -456.9791 122.1130 -197.6920 417.6577 119.8534 -488.0884 -161.7815 -97.4146 -643.6884 365.8228 -717.7404 220.0888 40.1146 -246.7135 26.0024 351.9058 282.0231 -382.5212 492.5023 52.8042 608.4713 -420.7421 -199.6102 1182.5389 -143.8614 190.8989 -176.6572 99.6963 -382.4149 -191.2884 62.8709 347.8580 -68.7868 47.0830 387.7476 185.0398 -278.2335 619.2084 -697.9413 -80.7145 -116.7460 84.7921 -326.6186 -875.5555 62.5380 327.1078 -695.0779 -496.9097 -416.2989 169.5864 -318.4422 205.3547 35.9973 -531.9891 352.4930 921.8666 -127.5601 419.3868 -203.9746 -440.6190 577.2017 -29.7297 -337.2028 383.4079 -128.9003 136.4716 204.7798 -635.9867 26.5982 -81.7091 -569.5142 -283.0358 289.2674 -261.9132 1333.4247 -98.7699 782.3822 -78.4351 -128.1376 -857.6540 -187.2293 212.3679 -51.4065 -428.1193 -78.9503 895.8005 477.3204 125.4973 -31.1100 -208.6588 652.5677 -89.2499 -58.6711 348.6656 274.2783 -145.8518 -531.4906 -524.6412 -215.8774 -167.8437 -345.1577 -677.2616 -174.9360 -314.6953 -421.4801 20.1024 -141.6984 -215.0524 676.0829 271.7994 -35.4619 220.0059 -1054.6484 101.9046 200.4252 593.9794 -43.1745 284.4146 154.6672 336.3641 -552.1903 281.2746 418.4705 1100.8424 137.1535 112.3324 -1104.3250 -266.6495 -323.6496 574.2716 250.3737 -213.2282 -556.5463 -169.9592 -540.0878 592.4293 843.5407 -23.9136 597.3146 660.5286 463.8224 -619.3551 519.0309 351.1192 -232.0320 -3.7355 227.0677 -810.6357 40.3241 -92.7113 331.0278 87.2342 283.9236 418.7969 217.9162 -544.4621 -649.7986 180.8065 -752.2039 225.1931 -664.9312 -193.1644 91.2778 153.4981 226.6919 268.4403 -956.1487 60.5837 -258.0972 -114.7022 -572.3304 -210.3789 -49.4448 432.5076 834.4533 641.1680 333.8143 -356.7588 -124.1821 385.2059 758.8785 19.6946 -141.8467 -78.2736 67.2674
-140.8767 -302.5448 395.7380 933.4100 7.5079 -569.1974 -1223.1578 -261.5520 -795.6611 -1131.5834 1233.6770 723.7745 1299.6667 1050.7079 136.3028 1472.7511 284.2890 -56.9719 542.9694 -264.5055 -890.4958 -1421.3630 -632.0261 833.7898 -883.8062 106.3389 -487.6545 -1232.6901 903.4345 -967.2947 733.9016 -408.5994 269.5151 490.4349 -223.2997 579.4858 35.5382 88.4002 -273.5017 -265.2762 -506.5160 1588.6177 2353.1748 249.0485 -1374.3123 -731.1277 -1011.1718 -486.3026 1326.6047 -372.6918 14.2340 1707.2410 -792.9503 1527.3557 705.8015 241.6103 860.0706 -899.7336 1083.7711 -1149.0818 -1752.4117 213.9022 468.6030 -1064.4877 -860.8423 -1246.8840 -749.6617 -642.5365 662.9000 -514.4630 -571.1379 -1230.9358 899.1147 -164.1180 -278.0452 -1429.4432 -37.9760 -182.5330 1137.9082 470.4326 -334.0907 -211.9833 -1426.9771 -167.7451 1379.9197 524.2728 3.1793 2046.6403 421.4217 -340.8254 818.5106 -1224.0587 -1314.9971 -536.5064 1195.7903 -1453.0863 -238.7229 -173.8024 -19.2916 -632.9208 -1613.8252 639.1944 790.9937 -969.3528 1537.9711 -987.5149 905.6253 -166.9183 1712.4795 16.9984 -286.9825 1317.6228 260.0497 -743.5388 1373.8175 -985.8606 263.4395 -426.4041 901.0459 258.4974 -1052.9703 -348.9953 -210.2229 -1388.5736 789.1913 -1548.3082 474.7633 86.7105 -532.2309 56.1756 759.1954 608.3293 -825.1266 1062.4222 113.9591 1312.6621 -907.5857 -430.6570 2550.8694 -310.3008 411.7293 -381.0085 214.9829 -825.0085 -412.5759 135.5370 750.4403 -148.4416 101.5452 836.4708 399.1869 -600.2371 1335.7374 -1505.6337 -174.1297 -251.8616 182.9061 -704.4537 -1888.7083 134.9403 705.5899 -1499.4297 -1071.9062 -898.1136 365.7932 -686.9513 442.9038 77.6514 -1147.5159 760.4503 1988.5601 -275.1679 904.7196 -440.0194 -950.4971 1245.0464 -64.0933 -727.4720 827.0878 -278.0659 294.4138 441.7834 -1371.8988 57.3535 -176.2553 -1228.5128 -610.4997 623.4188 -564.7684 2876.5493 -213.1269 1687.7584 -169.1888 -276.3885 -1850.1554 -403.8474 458.0865 -110.9332 -923.6843 -170.3575 1932.4999 1029.7700 270.6959 -67.0442 -450.0026 1407.7563 -192.6404 -126.6231 752.1038 591.6337 -314.6701 -1146.5800 -1131.8082 -465.6758 -362.1139 -744.6012 -1461.0509 -377.4456 -678.9576 -909.2295 43.2486 -305.6855 -463.7951 1458.4647 586.2673 -76.4879 474.6959 -2275.0879 219.8253 432.3280 1281.3394 -93.1444 613.5117 333.5620 725.6152 -1191.2367 606.7355 902.6879 2374.7969 295.8346 242.3088 -2382.2786 -575.1456 -698.1796 1238.7592 540.0889 -459.9546 -1200.5150 -366.6141 -1164.9889 1277.9924 1819.6986 -51.5973 1288.5856 1424.9960 1000.5319 -1336.0400 1119.6456 757.4053 -500.4943 -8.0774 489.8850 -1748.7280 86.9739 -199.9962 714.1027 188.2340 612.3401 903.4543 470.1226 -1174.4464 -1401.7511 390.0028 -1622.6278 485.8377 -1434.3577 -416.6694 196.8896 331.1295 488.9748 579.0297 -2062.6140 130.7939 -556.8889 -247.3410 -1234.7028 -453.8646 -106.6161 932.8738 1800.1454 1383.2039 720.1164 -769.5054 -268.0069 830.9415 1637.0208 42.4942 -305.9564 -168.8582 145.2320
-179.5657 -385.7576 504.5584 1190.0096 9.5885 -725.6799 -1559.4573 -333.3926 -1014.4881 -1442.6615 1572.8289 922.8208 1657.0541 1339.6122 173.8006 1877.6489 362.4267 -72.6564 692.2491 -337.2420 -1135.3317 -1812.2207 -805.8167 1063.0660 -1126.7499 135.6368 -621.8145 -1571.6035 1151.8038 -1233.3124 935.6871 -520.8851 343.6388 625.2447 -284.7824 738.7946 45.2734 112.6838 -348.6821 -338.1769 -645.8192 2025.4104 3000.2278 317.5205 -1752.1296 -932.1532 -1289.1847 -619.9768 1691.3368 -475.2267 18.1763 2176.5664 -1010.9827 1947.3210 899.9127 308.0479 1096.4993 -1147.1716 1381.6820 -1465.0400 -2234.2751 272.7400 597.4147 -1357.1877 -1097.5942 -1589.7096 -955.7461 -819.1830 845.1545 -655.9159 -728.1702 -1569.4471 1146.2601 -209.2659 -354.4503 -1822.4802 -48.5352 -232.6859 1450.7667 599.7672 -425.9786 -270.2575 -1819.2996 -213.9118 1759.3458 668.4127 4.0579 2609.3452 537.2724 -434.5359 1043.5823 -1560.6310 -1676.6454 -684.0402 1524.5492 -1852.5614 -304.3149 -221.5755 -24.5945 -806.9905 -2057.6089 814.9224 1008.4673 -1235.8286 1960.8154 -1259.0127 1154.6696 -212.8279 2183.3374 21.7108 -365.9424 1679.9022 331.5149 -947.9639 1751.6155 -1256.9623 335.8649 -543.7383 1148.7485 329.5809 -1342.3883 -444.9798 -267.9853 -1770.4183 1006.1946 -1974.0002 605.2482 110.5235 -678.5911 71.5789 967.9489 775.6133 -1052.0126 1354.5957 145.3399 1673.5140 -1157.1515 -549.0583 3252.2627 -395.6540 524.9599 -485.7938 274.1161 -1051.8549 -525.9725 172.8889 956.7883 -189.2253 129.4938 1066.4480 509.0122 -765.2556 1703.0397 -1919.5938 -221.9862 -321.0985 233.2045 -898.1759 -2408.0237 172.0143 899.5562 -1911.7222 -1366.6622 -1145.0618 466.4137 -875.8140 564.6854 98.9821 -1463.0974 969.5540 2535.3853 -350.8445 1153.4172 -561.0032 -1211.8419 1587.3759 -81.6345 -927.4893 1054.5035 -354.4615 375.3484 563.1743 -1749.1420 73.1259 -224.7620 -1566.2958 -778.3143 794.7556 -720.4332 3667.7458 -271.7436 2151.8398 -215.7409 -352.4180 -2358.8677 -514.9409 584.0409 -141.4172 -1177.6628 -217.1805 2463.8010 1312.9358 345.1037 -85.5716 -573.7904 1794.8926 -245.6407 -161.4398 958.9056 754.2980 -401.2043 -1461.8170 -1443.0273 -593.6858 -461.6838 -949.3561 -1862.7026 -481.1881 -865.6154 -1159.2174 55.1310 -389.7613 -591.3148 1859.4862 747.4529 -97.5123 605.2040 -2900.6482 280.2543 551.1426 1633.6091 -118.7957 782.1685 425.2385 925.1221 -1518.7549 773.5941 1150.9276 3027.8147 377.1983 308.9197 -3037.2351 -733.3093 -890.1403 1579.3557 688.6166 -586.4106 -1530.5426 -467.3410 -1485.2882 1629.3827 2320.0022 -65.7449 1642.8905 1816.7858 1275.6317 -1703.4359 1427.5245 965.6607 -638.0291 -10.3331 624.6387 -2229.5005 110.9293 -254.9915 910.4512 239.9582 780.6551 1151.8716 599.3783 -1497.3250 -1787.1691 497.2437 -2068.7937 619.4474 -1828.7241 -531.2538 251.0629 422.2142 623.4208 738.2458 -2629.7346 166.6973 -709.9866 -315.3794 -1574.1812 -578.6353 -135.9316 1189.3790 2295.0637 1763.5256 918.0577 -981.1040 -341.7069 1059.3862 2087.1616 54.1911 -390.1572 -215.2567 185.0889
173.1559 371.8679 -486.3964 -1147.2501 -9.2479 699.6608 1503.4028 321.4512 978.0421 1390.8080 -1516.3121 -889.6473 -1597.5126 -1291.4542 -167.5727 -1810.2057 -349.4064 70.0588 -667.3220 325.1423 1094.5853 1747.0869 776.7800 -1024.8484 1086.3046 -130.7579 599.4561 1515.1403 -1110.3680 1188.9741 -902.0450 502.2359 -331.3152 -602.8130 274.5185 -712.2429 -43.6908 -108.6119 336.1241 326.0201 622.6245 -1952.6080 -2892.4114 -306.0673 1689.1776 898.6181 1242.8546 597.7061 -1630.5156 458.1002 -17.5138 -2098.3289 974.6931 -1877.3530 -867.5548 -296.9723 -1057.0905 1105.8577 -1332.0431 1412.3710 2153.9634 -262.9493 -575.9733 1308.4004 1058.1246 1532.5576 921.4298 789.7408 -814.7542 632.3549 702.0124 1512.9607 -1105.0697 201.8070 341.6950 1756.9448 46.7769 224.3653 -1398.6372 -578.2239 410.7026 260.5198 1753.9012 206.2194 -1696.1401 -644.3943 -3.9248 -2515.5840 -517.9597 418.9896 -1006.0777 1504.5490 1616.3573 659.4381 -1469.7605 1786.0212 293.3822 213.6092 23.7383 777.9474 1983.6335 -785.6498 -972.2667 1191.3774 -1890.3323 1213.7441 -1113.1584 205.1778 -2104.8630 -20.9387 352.7345 -1619.5426 -319.5977 913.8973 -1688.6753 1211.8120 -323.7773 524.1824 -1107.4828 -317.7203 1294.1552 428.9961 258.3510 1706.8324 -970.0643 1903.0559 -583.5223 -106.5121 654.1892 -69.0122 -933.1565 -747.7467 1014.2606 -1305.8794 -140.1069 -1613.4054 1115.5305 529.3407 -3135.3955 381.4047 -506.1159 468.3515 -264.2740 1014.0928 507.0834 -166.6330 -922.3619 182.4259 -124.8315 -1028.1188 -490.6814 737.7426 -1641.8654 1850.5717 214.0162 309.5822 -224.8721 865.8713 2321.4922 -165.7956 -867.1863 1842.9962 1317.5347 1103.9330 -449.6504 844.3807 -544.4091 -95.4121 1410.5201 -934.7089 -2444.2209 338.2783 -1111.9423 540.8229 1168.2743 -1530.3253 78.6788 894.1962 -1016.5659 341.7133 -361.8448 -542.9298 1686.2755 -70.5140 216.7314 1510.0208 750.3132 -766.2323 694.4974 -3535.7017 262.2376 -2074.4985 208.0124 339.7856 2274.0767 496.3865 -563.0715 136.3340 1135.3354 209.3811 -2375.2405 -1265.7633 -332.7502 82.4661 553.1578 -1730.4236 236.8148 155.6167 -924.4458 -727.2004 386.7927 1409.2867 1391.1447 572.3314 445.0638 915.2274 1795.8015 463.8965 834.4953 1117.5774 -53.1533 375.7582 570.1069 -1792.6912 -720.5981 94.0259 -583.4266 2796.4216 -270.1839 -531.3528 -1574.8955 114.4934 -754.0504 -409.9708 -891.9316 1464.1826 -745.8004 -1109.5941 -2919.0059 -363.6145 -297.8627 2928.1050 706.9546 858.1774 -1522.5728 -663.8931 565.3677 1475.5222 450.5241 1431.9187 -1570.8099 -2236.6516 63.3747 -1583.8645 -1751.5331 -1229.7537 1642.2188 -1376.1852 -930.9311 615.0816 9.9685 -602.1265 2149.3894 -106.9463 245.8557 -877.7414 -231.3318 -752.6420 -1110.4237 -577.8369 1443.5039 1722.9598 -479.3854 1994.4883 -597.2239 1762.9692 512.1286 -242.0057 -407.0462 -601.0529 -711.7131 2535.2434 -160.7308 684.4346 304.0450 1517.5989 557.8330 131.0275 -1146.6320 -2212.5715 -1700.1396 -885.1172 945.8036 329.4496 -1021.3596 -2012.1099 -52.2453 376.0996 207.5732 -178.4440
-184.5538 -396.3239 518.4023 1222.7144 9.8322 -745.5658 -1602.2858 -342.5680 -1042.3087 -1482.2876 1616.0204 948.1384 1702.4930 1376.3267 178.5764 1929.1615 372.3532 -74.6740 711.2451 -346.4973 -1166.5076 -1861.9552 -827.9240 1092.2054 -1157.7446 139.3353 -638.8196 -1614.7686 1183.4233 -1267.1058 961.3313 -535.2037 353.0228 642.4457 -292.5665 759.0493 46.5228 115.8148 -358.2643 -347.4998 -663.5696 2081.0427 3082.5483 326.2116 -1800.2290 -957.7273 -1324.5477 -637.0248 1737.7122 -488.2047 18.7224 2236.3269 -1038.7529 2000.7933 924.5536 316.5078 1126.6205 -1178.6190 1419.5994 -1505.1998 -2295.5376 280.1587 613.8992 -1394.4506 -1127.6882 -1633.3538 -981.9794 -841.6779 868.3392 -673.8895 -748.1407 -1612.4553 1177.7764 -214.9873 -364.1884 -1872.4561 -49.8168 -239.1316 1490.6113 616.2266 -437.6740 -277.6807 -1869.2803 -219.7378 1807.5743 686.7374 4.1978 2680.9526 552.0396 -446.4578 1072.2109 -1603.4531 -1722.6244 -702.7578 1566.4011 -1903.4375 -312.7345 -227.6813 -25.2808 -829.1124 -2114.0168 837.3190 1036.1631 -1269.7701 2014.6583 -1293.5321 1186.2921 -218.6408 2243.2456 22.3106 -375.9791 1725.9926 340.6408 -974.0136 1799.6865 -1291.4116 345.0803 -558.6007 1180.2941 338.6463 -1379.2646 -457.2111 -275.4129 -1819.0084 1033.8193 -2028.1354 621.8888 113.5872 -697.2229 73.5526 994.5382 796.8875 -1080.9326 1391.7598 149.2549 1719.4482 -1188.8979 -564.1559 3341.6011 -406.4936 539.3644 -499.1314 281.6282 -1080.7340 -540.4048 177.5843 983.0825 -194.4313 133.0369 1095.7224 522.9161 -786.2546 1749.7629 -1972.2953 -228.0930 -329.9595 239.5803 -922.8068 -2474.1311 176.7239 924.2133 -1964.1848 -1404.1398 -1176.4745 479.2486 -899.8923 580.1670 101.6767 -1503.2540 996.2070 2604.9463 -360.4872 1185.0502 -576.4328 -1245.0405 1630.9104 -83.8600 -952.8905 1083.4401 -364.2066 385.6540 578.6266 -1797.1566 75.1721 -230.8942 -1609.2941 -799.6913 816.6058 -740.2438 3768.0981 -279.2267 2211.1880 -221.6656 -362.1099 -2423.5864 -529.0368 600.0826 -145.2780 -1209.9994 -223.0795 2531.3914 1348.9604 354.5656 -87.8790 -589.5068 1844.1597 -252.4128 -165.8362 985.1987 774.9656 -412.1334 -1501.9636 -1482.6317 -609.9820 -474.3402 -975.4388 -1913.8508 -494.4174 -889.3930 -1191.0156 56.6764 -400.4369 -607.5814 1910.5088 767.9732 -100.1442 621.7929 -2980.2227 287.9998 566.2325 1678.4308 -122.0349 803.7145 436.9311 950.5827 -1560.4250 794.8402 1182.5204 3110.8667 387.4877 317.3876 -3120.6487 -753.4550 -914.5574 1622.6448 707.5223 -602.4981 -1572.5887 -480.1618 -1526.1060 1674.1254 2383.6787 -67.5693 1687.9808 1866.6293 1310.6677 -1750.2079 1466.7360 992.1328 -655.5389 -10.6059 641.7233 -2290.7629 113.9782 -261.9749 935.4705 246.5528 802.0914 1183.4437 615.8615 -1538.4165 -1836.1960 510.8847 -2125.5889 636.4467 -1878.8901 -545.7886 257.9091 433.7621 640.5415 758.4764 -2701.9521 171.3496 -729.4003 -323.9900 -1617.4210 -594.4622 -139.6546 1221.9861 2358.0854 1811.9258 943.3032 -1008.0570 -351.1008 1088.5424 2144.3987 55.6049 -400.7768 -221.1892 190.1750
14.0781 30.2961 -39.5648 -93.2709 -0.7470 56.8616 122.1571 26.1473 79.5231 113.1184 -123.3219 -72.3286 -129.8701 -104.9725 -13.5827 -147.1250 -28.4603 5.6517 -54.2557 26.4046 88.9782 141.9977 63.1476 -83.3129 88.3256 -10.6093 48.7243 123.1669 -90.2890 96.6539 -73.4148 40.8641 -26.9179 -48.9804 22.3111 -57.9202 -3.5678 -8.8194 27.2898 26.5357 50.6133 -158.7003 -235.0908 -24.8943 137.3344 73.0685 101.0450 48.6096 -132.5944 37.2187 -1.4555 -170.5691 79.1813 -152.5515 -70.5170 -24.1075 -85.9154 89.8874 -108.2333 114.8372 175.1227 -21.3775 -46.8006 106.3570 85.9994 124.5488 74.8905 64.2169 -66.2087 51.4330 57.0546 122.9477 -89.8137 16.4033 27.7394 142.8094 3.8080 18.1818 -113.6984 -47.0050 33.3765 21.1740 142.5879 16.7404 -137.9123 -52.3876 -0.2888 -204.4822 -42.0430 34.0251 -81.7708 122.3118 131.4143 53.5964 -119.5277 145.2039 23.9293 17.3719 1.9229 63.2480 161.2974 -63.8660 -79.0532 96.8295 -153.6401 98.6761 -90.4784 16.6691 -171.1361 -1.7035 28.7092 -131.6346 -26.0135 74.2600 -137.2558 98.5052 -26.3323 42.6035 -89.9992 -25.8129 105.1654 34.8548 21.0058 138.6810 -78.8392 154.6966 -47.4300 -8.6911 53.1850 -5.5727 -75.8805 -60.8043 82.4426 -106.1874 -11.4503 -131.1647 90.7207 42.9885 -254.8264 31.0331 -41.1635 38.1010 -21.4663 82.4192 41.2559 -13.5695 -74.9769 14.8119 -10.1318 -83.6452 -39.9316 59.9320 -133.4788 150.3978 17.3536 25.1505 -18.2931 70.3218 188.7573 -13.4903 -70.5141 149.7575 107.0411 89.6913 -36.5405 68.6287 -44.2464 -7.7271 114.6558 -76.0098 -198.6404 27.5100 -90.3800 43.9365 94.9616 -124.4289 6.4418 72.7113 -82.6752 27.8064 -29.3533 -44.0710 137.1127 -5.7499 17.6201 122.6923 60.9835 -62.2845 56.4406 -287.3231 21.2521 -168.5765 17.1965 27.6104 184.8862 40.3561 -45.8027 11.1135 92.2561 17.0335 -193.0683 -102.9258 -27.0427 6.7093 44.9675 -140.6342 19.2699 12.6353 -75.1302 -59.0745 31.4700 114.5875 113.1124 46.5393 36.1277 74.4196 145.9611 37.7189 67.8322 90.8294 -4.3486 30.5190 46.2622 -145.7527 -58.5797 7.6332 -47.4360 227.3530 -21.9086 -43.1654 -128.0166 9.3050 -61.3022 -33.2653 -72.5145 119.0405 -60.6179 -90.1760 -237.2225 -29.5336 -24.2414 238.0003 57.4409 69.7640 -123.7625 -53.9613 45.9899 119.9324 36.6278 116.3827 -127.6620 -181.7818 5.0951 -128.7655 -142.3879 -99.9929 133.5083 -111.8698 -75.6548 49.9352 0.7794 -48.9509 174.7332 -8.6430 19.9636 -71.3514 -18.7973 -61.1964 -90.2331 -46.9297 117.3257 140.0161 -38.9768 162.1898 -48.5696 143.3144 41.7123 -19.6472 -33.0582 -48.8115 -57.8289 206.0834 -13.0494 55.6301 24.6750 123.3664 45.3279 10.5989 -93.2498 -179.8962 -138.2473 -71.9754 76.9201 26.7977 -83.0155 -163.5792 -4.2504 30.5337 16.8646 -14.5576
185.9564 399.3787 -522.4033 -1232.1421 -9.8775 751.3572 1614.6191 345.2532 1050.3263 1493.6781 -1628.4362 -955.4490 -1715.6359 -1386.9581 -179.9848 -1944.0680 -375.2793 75.2125 -716.6718 349.1463 1175.4932 1876.2518 834.2961 -1100.5819 1166.6428 -140.4337 643.7424 1627.2188 -1192.5367 1276.9297 -968.7639 539.3871 -355.7867 -647.3195 294.8187 -764.8760 -46.9082 -116.6588 361.0143 350.1374 668.6166 -2097.0327 -3106.3411 -328.7408 1814.0945 965.1577 1334.7286 641.9695 -1751.1486 491.9865 -18.8306 -2253.5659 1046.7462 -2016.1720 -931.6905 -318.9689 -1135.2452 1187.7362 -1430.5649 1516.7844 2313.2241 -282.3598 -618.5895 1405.1746 1136.3661 1645.9655 989.5302 848.1489 -875.0656 679.0998 753.9252 1624.8546 -1186.8276 216.6724 366.9712 1886.9088 50.1985 240.9534 -1502.0493 -620.9964 441.0213 279.8002 1883.6742 221.4184 -1821.5609 -692.0718 -4.1775 -2701.5981 -556.3187 449.9217 -1080.4039 1615.8140 1735.8743 708.2214 -1578.4644 1918.0768 315.1087 229.4353 25.4960 835.4951 2130.3147 -843.7614 -1044.1615 1279.5555 -2030.1681 1303.5602 -1195.4431 220.3515 -2260.4834 -22.5215 378.8431 -1739.2859 -343.2421 981.5107 -1813.5375 1301.3713 -347.7433 562.9442 -1189.3392 -341.2694 1389.8956 460.6638 277.5054 1832.9659 -1041.7787 2043.8301 -626.6776 -114.3905 702.5698 -74.0964 -1002.1857 -803.0216 1089.2037 -1402.4849 -150.4553 -1732.7200 1198.0808 568.4880 -3367.2554 409.6389 -543.4849 502.9645 -283.7611 1089.0563 544.5605 -178.9661 -990.6349 195.9338 -133.9979 -1104.1187 -527.0131 792.2927 -1763.2205 1987.4542 229.8543 332.4593 -241.4783 929.8860 2493.1628 -178.0846 -931.3540 1979.3507 1414.9583 1185.5099 -482.9126 906.8169 -584.6529 -102.4897 1514.8441 -1003.8590 -2625.0239 363.2589 -1194.2002 580.8444 1254.7382 -1643.4888 84.5526 960.2489 -1091.7975 367.0320 -388.6492 -583.1440 1810.9709 -75.7113 232.6818 1621.7040 805.8757 -822.8534 745.9467 -3797.1096 281.3442 -2227.9036 223.3354 365.1620 2442.2581 533.1136 -604.6782 146.4181 1219.2886 224.8132 -2550.9331 -1359.3284 -357.2886 88.5778 594.0871 -1858.3085 254.3521 167.1200 -992.8275 -780.9705 415.3961 1513.5793 1494.0748 614.6696 478.0125 982.8802 1928.6045 498.2659 896.2427 1200.1923 -57.0718 403.5237 612.2714 -1925.2351 -773.8808 100.9335 -626.5924 3003.2317 -290.1851 -570.6424 -1691.3710 122.9289 -809.8431 -440.3196 -957.8881 1572.4773 -800.8806 -1191.6637 -3134.8542 -390.5363 -319.8438 3144.7024 759.2545 921.6423 -1635.1818 -713.0033 607.1050 1584.6997 483.9008 1537.7914 -1686.9484 -2402.0718 68.0945 -1700.9982 -1880.9923 -1320.7120 1763.6520 -1477.9691 -999.8397 660.6329 10.7125 -646.7402 2308.3604 -114.8212 263.9872 -942.6105 -248.4616 -808.2959 -1192.6141 -620.5947 1550.2747 1850.4421 -514.8065 2141.9805 -641.3409 1893.3521 550.0099 -259.9084 -437.1173 -645.4886 -764.2750 2722.6951 -172.6746 735.0659 326.5454 1629.8674 599.0603 140.7216 -1231.4362 -2376.2473 -1825.9231 -950.5546 1015.7799 353.7893 -1096.9055 -2160.9368 -56.1449 403.9086 222.9393 -191.6894
-33.3598 -71.5511 93.6078 220.7649 1.7793 -134.5969 -289.2420 -61.8652 -188.1909 -267.6131 291.7819 171.2201 307.3759 248.4812 32.1859 348.3036 67.2493 -13.4793 128.4097 -62.5023 -210.5735 -336.1519 -149.4644 197.1681 -208.9990 25.1889 -115.3205 -291.5831 213.6709 -228.7741 173.5938 -96.6798 63.7222 115.9673 -52.8386 137.0543 8.4212 20.9109 -64.6933 -62.7205 -119.7949 375.7157 556.5237 58.9169 -325.0527 -172.9468 -239.1487 -115.0372 313.7348 -88.1465 3.4329 403.7396 -187.5622 361.1629 166.9046 57.1206 203.4140 -212.8409 256.3382 -271.8037 -414.4541 50.5737 110.8223 -251.7751 -203.5598 -294.9007 -177.2820 -151.9368 156.7886 -121.6622 -135.0997 -291.1065 212.6533 -38.7764 -65.7480 -338.0567 -8.9968 -43.1512 269.1084 111.2395 -79.0085 -50.1447 -337.4883 -39.6731 326.3236 123.9603 0.7487 484.0459 99.6697 -80.6106 193.5881 -289.4908 -311.0352 -126.8811 282.8282 -343.6808 -56.4608 -41.1397 -4.5374 -149.7185 -381.6704 151.1560 187.0853 -229.2326 363.7747 -233.5564 214.1767 -39.4973 405.0081 4.0104 -67.8567 311.5952 61.5326 -175.8400 324.9274 -233.1279 62.3166 -100.8278 213.0823 61.1110 -248.9938 -82.4889 -49.7216 -328.3866 186.6670 -366.1747 112.2759 20.5151 -125.8633 13.2601 179.5482 143.8838 -195.1994 251.2316 26.9232 310.4467 -214.6610 -101.8063 603.2715 -73.3765 97.3892 -90.1258 50.7997 -195.1909 -97.5928 32.0620 177.5112 -35.1304 24.0068 197.8072 94.4463 -141.9856 315.8741 -356.0860 -41.1913 -59.5921 43.3389 -166.6355 -446.6516 31.9052 166.8417 -354.6097 -253.4773 -212.3874 86.5529 -162.4991 104.7487 18.3308 -271.3954 179.8618 470.3001 -65.0994 213.9749 -104.0899 -224.7848 294.4520 -15.1416 -172.0589 195.6324 -65.7862 69.6356 104.4506 -324.4757 13.5852 -41.6570 -290.5354 -144.3665 147.4381 -133.6500 680.2539 -50.4788 399.1696 -40.0340 -65.3885 -437.2806 -95.5367 108.3426 -26.2105 -218.4635 -40.2591 457.0756 243.5789 64.0061 -15.8431 -106.4289 332.9381 -45.5613 -29.9213 177.8536 139.9194 -74.4182 -271.1864 -267.7218 -110.1274 -85.6802 -176.0943 -345.5349 -89.2607 -160.5908 -215.0207 10.2153 -72.3374 -109.7054 344.9072 138.6372 -18.1172 112.2784 -538.0847 51.9929 102.2597 303.0545 -22.0252 145.1069 78.8732 171.5933 -281.7423 143.4922 213.4645 561.6855 69.9633 57.2901 -563.4003 -136.0194 -165.1201 292.9857 127.7655 -108.7585 -283.8917 -86.6877 -275.5430 302.2509 430.3943 -12.2336 304.7682 337.0109 236.6239 -316.0194 264.7942 179.1349 -118.3562 -1.9163 115.8541 -413.5863 20.6185 -47.2857 168.8730 44.5061 144.8122 213.6806 111.2133 -277.7236 -331.5270 92.2234 -383.7372 114.9058 -339.2375 -98.5825 46.5926 78.3194 115.6681 136.8889 -487.8481 30.9414 -131.6654 -58.5125 -292.0031 -107.3435 -25.1949 220.5703 425.7528 327.1365 170.2999 -182.0183 -63.3977 196.5645 387.1477 10.0359 -72.3701 -39.8921 34.3503
36.1871 77.6851 -101.5337 -239.6485 -1.9259 146.1044 314.0327 67.1447 204.2917 290.5617 -316.7364 -185.7915 -333.6579 -269.7603 -34.9818 -378.1076 -72.9904 14.6391 -139.3763 67.8997 228.6061 364.9350 162.2098 -214.0716 226.9078 -27.2718 125.1815 316.4569 -231.9255 248.3066 -188.4432 104.8874 -69.2078 -125.9324 57.2589 -148.7472 -9.0701 -22.7016 70.2112 68.1219 130.0569 -407.8773 -604.0957 -63.9075 352.8158 187.6572 259.5678 124.8591 -340.5603 95.6795 -3.6407 -438.2539 203.5802 -392.0855 -181.2262 -62.0371 -220.7923 230.9665 -278.2161 294.9449 449.8553 -54.9136 -120.2984 273.3420 221.0064 320.1138 192.4547 164.8959 -170.1766 132.0595 146.6109 316.0144 -230.7991 42.1361 71.3695 366.9758 9.7687 46.8498 -292.1541 -120.7747 85.7645 54.4438 366.2993 43.0528 -354.2500 -134.6074 -0.8165 -525.4562 -108.2216 87.5118 -210.0832 314.2252 337.5977 137.7385 -306.9701 373.0044 61.3022 44.6298 4.9653 162.4853 414.3183 -164.1733 -203.0889 248.8237 -394.8394 253.5005 -232.4532 42.8190 -439.5882 -4.3427 73.6415 -338.2854 -66.7235 190.9040 -352.7151 253.0757 -67.6741 109.4616 -231.3585 -66.3599 270.3042 89.6192 53.9850 356.4947 -202.5941 397.5057 -121.8612 -22.2400 136.6392 -14.4107 -194.8853 -156.2025 211.8379 -272.7308 -29.2451 -337.0174 232.9794 110.5814 -654.9265 79.7025 -105.7193 97.8294 -55.2129 211.8061 105.9041 -34.8157 -192.6565 38.1236 -26.0594 -214.7232 -102.4994 154.1109 -342.9377 386.5263 44.7599 64.6855 -46.9946 180.8550 484.8683 -34.6721 -181.1386 384.9380 275.2002 230.5686 -93.9168 176.4110 -113.7486 -19.9056 294.5576 -195.2296 -510.5322 70.6368 -232.2441 112.9569 244.0173 -319.6505 16.4331 186.7981 -212.3296 71.3866 -75.6036 -113.4163 352.2010 -14.7847 45.2597 315.3964 156.6771 -160.0561 145.0639 -738.4825 54.7452 -433.2758 43.4529 70.9661 474.9777 103.9996 -117.6103 28.4512 237.1207 43.7355 -496.0420 -264.4186 -69.5096 17.2176 115.5089 -361.4317 49.4821 32.4647 -193.1180 -151.9116 80.7546 294.3332 290.6023 119.5305 92.9720 191.1501 375.1107 96.8501 174.2791 233.3958 -11.1303 78.4815 119.0889 -374.4210 -150.4877 19.6402 -121.9163 584.0571 -56.4676 -110.9387 -328.9645 23.9120 -157.4742 -85.6585 -186.3251 305.7946 -155.8010 -231.7107 -609.6928 -75.9643 -62.1679 611.5756 147.6488 179.2440 -318.0481 -138.6955 118.0327 308.1822 94.1052 299.0682 -328.1382 -467.1547 13.2190 -330.7914 -365.7940 -256.8312 343.0380 -287.4366 -194.4463 128.4996 2.0880 -125.7859 448.9522 -22.3308 51.3244 -183.2978 -48.3449 -157.1854 -231.9200 -120.7163 301.4908 359.8702 -100.1424 416.5239 -124.7203 368.2359 106.9330 -50.5323 -84.9814 -125.5445 -148.7155 529.5076 -33.5616 142.9279 63.4608 317.0057 116.4799 27.3765 -239.4793 -462.1364 -355.1261 -184.8576 197.5188 68.8403 -213.3089 -420.2581 -10.8999 78.5538 43.3522 -37.3189
-70.4384 -151.2004 197.8103 466.5362 3.7388 -284.4786 -611.3661 -130.7619 -397.7119 -565.6185 616.6125 361.8667 649.5838 525.1906 68.0996 736.0791 142.0642 -28.4964 271.3590 -132.1599 -445.0462 -710.4284 -315.9249 416.7488 -441.7814 53.1691 -243.7415 -616.1591 451.5215 -483.5456 366.7611 -204.1977 134.6901 245.1126 -111.6171 289.6286 17.7952 44.1639 -136.7140 -132.5420 -253.1930 794.0776 1176.1812 124.4484 -686.8877 -365.4478 -505.4277 -243.0750 663.0405 -186.2660 7.0902 853.2805 -396.3185 763.4167 352.7825 120.7662 429.9064 -449.7084 541.6547 -574.3210 -875.9061 106.9035 234.2572 -532.0698 -430.3050 -623.2139 -374.6429 -321.1467 331.3364 -257.0752 -285.4530 -615.2729 449.3720 -81.9835 -138.9909 -714.5019 -18.9939 -91.2104 568.7484 235.1650 -166.9952 -105.9209 -713.2416 -83.8389 689.6801 262.0226 1.5882 1022.9420 210.6533 -170.3432 409.0971 -611.7944 -657.3374 -268.1553 597.6483 -726.2507 -119.3056 -86.8564 -9.6398 -316.3321 -806.6303 319.5202 395.3996 -484.5100 768.7075 -493.5427 452.6373 -83.4607 855.9120 8.5207 -143.4648 658.6005 129.9252 -371.6468 686.7113 -492.7311 131.6680 -213.1332 450.3758 129.2326 -526.2736 -174.4792 -105.0725 -694.0739 394.4573 -773.8919 237.2747 43.2702 -266.0415 28.0737 379.4308 304.1128 -412.4485 531.0323 56.9194 656.0676 -453.6412 -215.2306 1275.0463 -155.1278 205.8202 -190.4628 107.4337 -412.3477 -206.1721 67.7680 375.1026 -74.1951 50.7942 418.0877 199.5424 -300.0707 667.6341 -752.5378 -87.0671 -125.8993 91.4517 -352.1517 -944.0427 67.4418 352.6849 -749.4639 -535.7886 -448.8880 182.8710 -343.3584 221.4048 38.8239 -573.5829 380.0598 993.9465 -137.5138 452.2010 -219.9258 -475.0668 622.2809 -32.0204 -363.6422 413.3517 -138.9708 147.1716 220.7943 -685.7125 28.7236 -88.0770 -614.0695 -305.1487 311.5879 -282.4851 1437.7729 -106.5661 843.5663 -84.5608 -138.1773 -924.7247 -201.8445 229.3156 -55.4576 -461.7084 -85.1232 965.8823 514.6703 135.2669 -33.5925 -224.9526 703.6623 -96.2781 -63.3299 375.9017 295.7293 -157.2551 -573.0383 -565.7512 -232.7611 -181.0045 -372.1907 -730.2673 -188.6414 -339.3431 -454.4407 21.6166 -152.8104 -231.8410 728.9512 293.0120 -38.2061 237.2251 -1137.1311 109.8754 216.0740 640.4663 -46.5450 306.6593 166.7458 362.6898 -595.3658 303.2735 451.1995 1187.0448 147.8786 121.1239 -1190.7179 -287.4789 -348.9675 619.1864 269.9660 -229.8863 -599.9859 -183.1995 -582.3234 638.7842 909.4965 -25.8060 644.0491 712.2212 500.1014 -667.7908 559.6265 378.5318 -250.1583 -4.0266 244.8946 -874.0317 43.4735 -99.9399 356.8711 94.0710 306.0261 451.5741 234.9742 -587.0148 -700.5954 194.9363 -811.0287 242.8408 -716.9205 -208.2964 98.4648 165.5237 244.4162 289.4047 -1030.9053 65.3841 -278.3174 -123.6492 -617.2050 -226.8224 -53.2943 466.2404 899.6915 691.3678 359.9231 -384.6288 -133.9835 415.3546 818.2372 21.2320 -152.9745 -84.3879 72.5533
141.8411 304.6859 -398.4426 -939.8016 -7.5706 573.1113 1231.6044 263.3314 801.1839 1139.3530 -1242.1376 -728.7925 -1308.6459 -1057.9591 -137.2964 -1482.8600 -286.1930 57.3770 -546.6652 266.2919 896.6655 1431.1879 636.4133 -839.5134 889.8852 -107.1312 491.0301 1241.2578 -909.6418 973.9895 -738.9221 411.3838 -271.3459 -493.8023 224.8580 -583.4473 -35.7800 -89.0408 275.3345 267.0808 510.0314 -1599.5951 -2369.4514 -250.7398 1383.7520 736.1562 1018.0857 489.6734 -1335.7032 375.2909 -14.3301 -1718.9425 798.4248 -1537.8961 -710.6773 -243.3120 -865.9764 905.9453 -1091.1865 1156.9265 1764.5067 -215.3733 -471.8583 1071.8258 866.8019 1255.4545 754.7934 646.9873 -667.4706 518.0542 575.0880 1239.4556 -905.3166 165.2783 279.8748 1439.2964 38.3338 183.8080 -1145.7172 -473.7202 336.4075 213.4572 1436.8403 168.8739 -1389.4396 -527.8524 -3.2029 -2060.7444 -424.3484 343.1995 -824.1418 1232.4994 1324.1162 540.2108 -1203.9828 1463.0343 240.3891 174.9597 19.4242 637.2173 1624.9496 -643.6085 -796.4675 975.9797 -1548.5992 994.3137 -911.8710 168.0927 -1724.2712 -17.1378 288.9601 -1326.7070 -261.8256 748.6909 -1383.3396 992.6957 -265.2693 429.3895 -907.1968 -260.2721 1060.1521 351.4973 211.6682 1398.1702 -794.6368 1558.9620 -478.0491 -87.2745 535.8636 -56.4944 -764.4097 -612.5266 830.8286 -1069.7758 -114.7253 -1321.6824 913.8782 433.6190 -2568.5579 312.5080 -414.5641 383.6332 -216.4963 830.7094 415.3854 -136.5120 -755.6094 149.4764 -102.2409 -842.2007 -401.9469 604.3630 -1344.9945 1515.9890 175.3100 253.6103 -184.2205 709.3246 1901.7273 -135.8507 -710.4421 1509.8202 1079.3615 904.2698 -368.3236 691.6360 -445.9644 -78.1621 1155.4246 -765.6819 -2002.3102 277.0481 -910.9336 443.1035 957.0583 -1253.6184 64.4480 732.4351 -832.7908 279.9423 -296.4393 -444.7603 1381.4103 -57.7757 177.4977 1237.0062 614.6534 -627.6915 568.9622 -2896.3701 214.6379 -1699.3750 170.3785 278.3582 1862.8186 406.6636 -461.2387 111.9906 930.0463 171.4826 -1945.7634 -1036.8511 -272.5777 67.5274 453.1638 -1417.5316 193.9828 127.4578 -757.2847 -595.7324 316.8272 1154.4812 1139.6343 468.8453 364.6252 749.7344 1471.0948 380.0356 683.6508 915.5050 -43.5472 307.8151 467.0093 -1468.5022 -590.2891 76.9963 -478.0109 2290.8203 -221.3537 -435.2687 -1290.1198 93.8092 -617.6920 -335.8486 -730.6699 1199.4264 -610.9395 -908.9495 -2391.2173 -297.8680 -243.9709 2398.6853 579.1330 702.9772 -1247.2744 -543.8613 463.1088 1208.7784 369.0723 1173.0150 -1286.7999 -1832.2175 51.9436 -1297.4469 -1434.8087 -1007.4285 1345.3322 -1127.3495 -762.6441 503.9447 8.1248 -493.2417 1760.7233 -87.6059 201.3820 -718.9968 -189.5137 -616.5317 -909.7175 -473.3837 1182.5425 1411.4493 -392.6846 1633.8453 -489.1870 1444.2601 419.5323 -198.2558 -333.4344 -492.3841 -583.0908 2076.7986 -131.6449 560.6761 249.0905 1243.2386 456.9461 107.3444 -939.3752 -1812.5300 -1392.7300 -725.0355 774.7921 269.8538 -836.6799 -1648.3217 -42.7673 308.1184 170.0124 -146.1902
-159.3454 -342.2068 447.5638 1055.6779 8.5213 -643.8035 -1383.4064 -295.7512 -900.0098 -1279.7587 1395.2627 818.6377 1469.9916 1188.3568 154.1590 1665.7406 321.5159 -64.4492 614.1027 -299.1696 -1007.1537 -1607.6572 -714.8192 943.0214 -999.5824 120.2837 -551.5829 -1394.2094 1021.7774 -1094.0424 830.0412 -462.1485 304.8737 554.6932 -252.6259 655.3934 40.1826 100.0005 -309.2883 -300.0127 -572.9091 1796.8275 2661.5056 281.6844 -1554.3671 -826.9111 -1143.6116 -550.0063 1500.4122 -421.5683 16.1801 1930.8191 -896.9459 1727.4677 798.3090 273.2690 972.7335 -1017.6335 1225.7184 -1299.6105 -1982.0288 241.9201 529.9941 -1204.0031 -973.6487 -1410.2469 -847.8326 -726.7378 749.6879 -581.8438 -645.9804 -1392.2434 1016.8714 -185.6232 -314.4226 -1616.7037 -43.0333 -206.4393 1286.9758 532.0521 -377.8820 -239.7400 -1613.9148 -189.7501 1560.7544 592.9346 3.5902 2314.7830 476.6134 -385.5241 925.7491 -1384.4348 -1487.3223 -606.7737 1352.4280 -1643.4476 -269.9789 -196.5472 -21.8195 -715.8493 -1825.2861 722.9596 894.6074 -1096.2804 1739.4845 -1116.8773 1024.2614 -188.7738 1936.8568 19.2525 -324.6173 1490.2421 294.0528 -840.9702 1553.8687 -1115.0408 297.9598 -482.3749 1019.1089 292.3706 -1190.8682 -394.7603 -237.7100 -1570.5759 892.6299 -1751.1691 536.9497 98.0173 -601.9778 63.4895 858.6686 688.0934 -933.2701 1201.6302 128.9276 1484.6315 -1026.4799 -487.0713 2885.1362 -350.9934 465.6794 -430.9650 243.1679 -933.1087 -466.6421 153.3663 848.8394 -167.8819 114.8655 946.0356 451.5169 -678.8641 1510.8276 -1702.8779 -196.9361 -284.8466 206.9364 -796.7933 -2136.1887 152.6198 797.9878 -1695.8744 -1212.3854 -1015.7934 413.7473 -776.9867 500.9039 87.8141 -1297.8995 860.0886 2249.1694 -311.2204 1023.1611 -497.6936 -1075.0148 1408.1359 -72.3975 -822.8020 935.4474 -314.4351 332.9750 499.5938 -1551.6968 64.8931 -199.4162 -1389.4795 -690.4451 705.0269 -639.1250 3253.4448 -241.0786 1908.9392 -191.3645 -312.6463 -2092.5872 -456.8209 518.1368 -125.4370 -1044.4110 -192.6585 2185.6763 1164.6831 306.1387 -75.8836 -508.9813 1592.3066 -217.8933 -143.2297 850.6606 669.1220 -355.8787 -1296.8353 -1280.1835 -526.6420 -409.5758 -842.1705 -1652.4863 -426.8709 -767.8708 -1028.3920 48.9262 -345.6995 -524.5770 1649.5381 663.0410 -86.4864 536.8952 -2573.1653 248.6415 488.9074 1449.2203 -105.3799 693.8760 377.2574 820.7315 -1347.2921 686.2725 1021.0142 2686.0151 334.6050 274.0522 -2694.3667 -650.5053 -789.6933 1401.0508 610.9148 -520.1954 -1357.7765 -414.5748 -1317.6188 1445.4492 2058.1035 -58.3290 1457.3903 1611.6534 1131.6298 -1511.1456 1266.3380 856.6275 -565.9650 -9.1682 554.0854 -1977.7968 98.4233 -226.2229 807.6653 212.8745 692.5472 1021.8215 531.7080 -1328.2717 -1585.3983 441.1218 -1835.2394 549.5251 -1622.2839 -471.2329 222.6550 374.5180 553.0249 654.8837 -2332.8616 147.8809 -629.8113 -279.7386 -1396.4594 -513.2924 -120.5788 1055.0936 2035.9738 1564.4268 814.4026 -870.3209 -303.1103 939.7942 1851.5002 48.1061 -346.1258 -190.9519 164.1806
27.4468 58.9177 -77.0948 -181.7648 -1.5014 110.8535 238.2363 50.9382 154.9632 220.3598 -240.2485 -140.9450 -253.1209 -204.6094 -26.5546 -286.8290 -55.3686 11.1100 -105.7313 51.5370 173.4723 276.8024 123.0929 -162.3778 172.1656 -20.7571 95.0103 240.0830 -175.9156 188.3636 -142.9288 79.5645 -52.4659 -95.5517 43.4840 -112.9048 -6.9543 -17.2380 53.2680 51.6897 98.6230 -309.4496 -458.2449 -48.4893 267.6425 142.3650 196.9697 94.7136 -258.3282 72.5476 -2.7723 -332.5294 154.4715 -297.4621 -137.4385 -47.0500 -167.4979 175.2550 -211.0920 223.8208 341.3006 -41.6108 -91.2972 207.3220 167.6495 242.8713 146.0495 125.1248 -129.1124 100.1959 111.2455 239.7048 -175.0862 31.9989 54.1226 278.3807 7.4050 35.5527 -221.6336 -91.6607 65.1169 41.2876 277.9080 32.6658 -268.7649 -102.1173 -0.6831 -398.5891 -82.0802 66.3352 -159.4097 238.3967 256.0748 104.5018 -232.9080 283.0370 46.4926 33.7874 3.7650 123.2677 314.2979 -124.5151 -154.0421 188.7717 -299.5722 192.3684 -176.3755 32.5812 -333.5436 -3.3580 55.8931 -256.6148 -50.6571 144.7811 -267.5567 192.0214 -51.3211 83.0466 -175.4848 -50.3229 205.0545 67.9537 40.9447 270.4533 -153.7007 301.5320 -92.4862 -16.8780 103.6247 -10.9816 -147.8948 -118.4868 160.6880 -206.9075 -22.2331 -255.6823 176.7612 83.8771 -496.8024 60.4401 -80.1977 74.1956 -41.8618 160.6693 80.3378 -26.3677 -146.1499 28.9261 -19.7708 -162.9770 -77.7764 116.9245 -260.1621 293.2381 33.8386 49.0377 -35.6478 137.1705 367.8703 -26.2513 -137.3845 292.0465 208.7648 174.9292 -71.2443 133.7720 -86.2570 -15.0844 223.4755 -148.1384 -387.2760 53.6181 -176.1982 85.6979 185.0939 -242.4576 12.4641 141.6714 -161.0820 54.1365 -57.3558 -86.0493 267.1890 -11.1327 34.3114 239.2710 118.8679 -121.4383 110.1018 -560.2526 41.4763 -328.6744 32.9892 53.8223 360.2961 78.6310 -89.2344 21.6372 179.8462 33.4932 -376.3942 -200.5905 -52.7669 13.0247 87.6094 -274.1261 37.5327 24.7085 -146.4747 -115.2538 61.2687 223.3075 220.4145 90.6721 70.5500 145.0481 284.6102 73.5222 132.2329 177.0663 -8.3673 59.5513 90.3146 -284.0639 -114.1828 14.8552 -92.4781 443.1038 -42.7857 -84.1785 -249.5750 18.1200 -119.4866 -64.9956 -141.3417 231.9599 -118.1590 -175.7848 -462.5175 -57.6249 -47.1918 463.9773 112.0304 135.9649 -241.2647 -105.2102 89.5805 233.8337 71.3775 226.8752 -248.9092 -354.4090 10.0517 -250.9666 -277.5610 -194.8286 260.2109 -218.0792 -147.5322 97.4846 1.5903 -95.3881 340.6035 -16.9419 38.9581 -139.1290 -36.6397 -119.2841 -175.9986 -91.5718 228.7104 273.0215 -75.9824 316.0344 -94.6454 279.3518 81.0985 -38.2843 -64.5375 -95.2322 -112.7402 401.7050 -25.4987 108.4324 48.1795 240.4687 88.3674 20.7695 -181.6923 -350.6027 -269.3996 -140.2370 149.8659 52.2126 -161.8537 -318.8368 -8.2569 59.5226 32.9119 -28.3160
-1025.7755 -2203.0627 2881.4851 6796.5762 54.7584 -4144.4941 -8906.3906 -1904.3545 -5793.9600 -8239.3760 8982.7949 5270.3818 9463.6191 7650.6943 992.5372 10723.7471 2069.8569 -414.8769 3953.4526 -1925.8060 -6484.1797 -10349.8428 -4602.0034 6071.1807 -6435.3843 774.5908 -3550.9990 -8975.9062 6578.1055 -7043.6016 5343.7954 -2975.1797 1962.5468 3570.9509 -1626.2483 4219.3857 258.7720 643.6878 -1991.2911 -1931.4081 -3688.2686 11567.6592 17134.8281 1813.3372 -10006.9033 -5323.6938 -7362.7168 -3540.8950 9659.5283 -2713.8799 103.8476 12430.8896 -5774.0610 11121.5576 5139.3848 1759.3678 6262.4282 -6551.5581 7891.1753 -8366.8867 -12760.2246 1557.5435 3412.0610 -7751.2373 -6268.3345 -9079.0732 -5458.4785 -4678.5649 4826.7656 -3745.9583 -4158.7554 -8963.1016 6546.6152 -1195.1674 -2024.2574 -10408.4873 -276.9694 -1328.9916 8285.5518 3425.4155 -2432.8347 -1543.5894 -10390.4893 -1221.5464 10047.9121 3817.4016 23.1253 14902.5498 3068.4485 -2481.8848 5960.0093 -8913.0137 -9575.4043 -3906.5151 8706.9150 -10580.4033 -1738.2644 -1265.4584 -140.5087 -4608.6763 -11751.1270 4654.2661 5759.6611 -7058.0239 11198.6387 -7190.4692 6594.3735 -1215.4941 12469.4033 123.9684 -2089.8899 9594.2178 1893.3373 -5414.0518 10003.7686 -7178.5864 1918.1697 -3105.2454 6560.7749 1882.3541 -7666.7632 -2541.4348 -1530.5670 -10111.1504 5746.5986 -11274.0078 3456.8257 631.1451 -3875.5435 408.7566 5528.1543 4429.6616 -6008.2896 7736.1768 829.9449 9557.9102 -6608.7070 -3135.6648 18574.5195 -2259.5986 2998.0508 -2774.5308 1565.4733 -6007.3369 -3004.0295 987.1405 5464.5098 -1080.8212 739.4499 6090.6450 2906.8540 -4370.5361 9726.3760 -10963.1963 -1267.8071 -1833.8650 1332.0118 -5129.6509 -13752.6768 982.5005 5137.4727 -10918.1729 -7805.2344 -6539.5640 2663.6460 -5002.0762 3224.9541 565.1678 -8355.9121 5537.2681 14479.9902 -2003.6676 6587.3086 -3204.1611 -6921.0010 9065.6826 -466.2883 -5297.0986 6022.4014 -2024.4062 2143.7009 3216.4519 -9989.6855 417.7745 -1283.5789 -8945.3643 -4445.1152 4539.0337 -4114.6689 20945.3809 -1551.9476 12289.4326 -1232.1079 -2012.7992 -13471.8223 -2940.8621 3335.7297 -807.6324 -6725.7700 -1240.3123 14071.4932 7498.4214 1970.9996 -488.6448 -3276.9529 10250.9707 -1402.8800 -921.9654 5476.5332 4307.8999 -2291.2034 -8348.8242 -8241.4873 -3390.6355 -2636.7844 -5421.8721 -10638.4463 -2748.3306 -4943.6733 -6620.5200 314.9969 -2225.8318 -3377.3274 10619.8428 4268.8237 -556.8004 3456.3291 -16566.1855 1600.6312 3147.7246 9329.8027 -678.2683 4467.2710 2428.6987 5283.7964 -8673.9160 4418.0952 6573.1763 17292.4434 2154.2000 1764.3423 -17346.3691 -4187.9731 -5083.8755 9019.8457 3932.9475 -3349.1980 -8741.2705 -2669.1221 -8482.8252 9305.7422 13250.0264 -375.4700 9382.8779 10375.9629 7285.3750 -9728.6855 8152.6470 5515.0742 -3643.8972 -58.9534 3567.2554 -12733.0596 633.5502 -1456.2031 5199.7979 1370.4507 4458.5425 6578.4492 3423.2073 -8551.5938 -10206.8740 2839.8140 -11815.2715 3537.8003 -10444.1670 -3033.9463 1433.6007 2411.1624 3560.4922 4216.1235 -15018.9502 952.1205 -4054.7734 -1801.2606 -8990.5215 -3304.5476 -776.1909 6792.8730 13107.5322 10071.8203 5243.3345 -5603.1909 -1951.5653 6050.4697 11919.8555 309.5215 -2228.0701 -1229.4861 1057.2371
110.7798 237.9612 -311.2287 -734.0306 -5.9374 447.6077 961.9367 205.7057 625.8045 889.9236 -970.1729 -569.2386 -1022.1247 -826.3493 -107.1899 -1158.2057 -223.5219 44.7652 -426.9962 207.9960 700.3566 1117.8568 497.0367 -655.7079 695.0568 -83.6639 383.5260 969.4271 -710.4771 760.7201 -577.1295 321.3578 -211.9429 -385.6878 175.6255 -455.7713 -27.9536 -69.5198 215.1051 208.6156 398.3594 -1249.3171 -1850.6442 -195.8403 1080.8071 574.9408 795.1937 382.3701 -1043.2660 293.0853 -11.2454 -1342.5726 623.6642 -1201.1892 -555.1373 -189.9706 -676.3714 707.5940 -852.2674 903.6432 1378.1602 -168.2153 -368.5081 837.2023 676.9976 980.5463 589.5280 505.3274 -521.3199 404.5790 449.1894 968.0835 -707.0732 129.1322 218.6759 1124.1331 29.9023 143.5310 -894.9018 -369.9698 262.7870 166.6949 1122.2163 131.9779 -1085.2478 -412.3011 -2.4696 -1609.5917 -331.4072 268.0732 -643.6832 962.6635 1034.1954 421.9153 -940.3882 1142.7261 187.7372 136.6139 15.1847 497.7495 1269.2189 -502.6774 -622.0999 762.2727 -1209.4810 776.6341 -712.1844 131.2335 -1346.8214 -13.4068 225.7086 -1036.2427 -204.5126 584.7403 -1080.4235 775.3708 -207.1585 335.3512 -708.6077 -203.2956 828.0432 274.5082 165.3024 1092.0410 -620.6711 1217.6399 -373.3568 -68.1611 418.6059 -44.1195 -597.1153 -478.4307 648.8805 -835.5292 -89.6355 -1032.2908 713.7746 338.6370 -2006.1372 244.0042 -323.8034 299.6954 -169.0775 648.8113 324.4375 -106.5889 -590.1700 116.7549 -79.8644 -657.8335 -313.9750 472.0190 -1050.5265 1184.0588 136.9263 198.0985 -143.8902 554.0443 1485.3855 -106.1205 -554.8882 1179.2452 842.9757 706.2914 -287.6917 540.2345 -348.2936 -61.0359 902.4368 -598.0568 -1563.8429 216.4025 -711.4816 346.1012 747.5132 -979.1456 50.3309 572.1298 -650.4258 218.6811 -231.5193 -347.3692 1078.9484 -45.1280 138.6274 966.1001 480.1022 -490.2844 444.4004 -2262.2432 167.6014 -1327.3204 133.1026 217.4158 1455.0398 317.6324 -360.2967 87.2376 726.4156 133.9457 -1519.7136 -809.5737 -212.8762 52.7807 353.9299 -1107.1323 151.5002 99.5532 -591.5234 -465.2782 247.4494 901.7234 890.1016 366.2223 284.8177 585.5558 1148.9912 296.8647 533.9075 715.0404 -34.0600 240.4225 364.7760 -1146.9993 -461.0629 60.1347 -373.2959 1789.2372 -172.8639 -339.9642 -1007.6556 73.2850 -482.4497 -262.2776 -570.7081 936.7955 -477.2122 -709.9269 -1867.6910 -232.6787 -190.5376 1873.4803 452.3013 549.0754 -974.1561 -424.7727 361.7475 944.0665 288.2795 916.1998 -1005.0814 -1431.0900 40.5722 -1013.3938 -1120.6490 -786.8499 1050.7556 -880.5044 -595.6390 393.5186 6.3737 -385.2734 1375.2185 -68.3853 157.2808 -561.6131 -148.0263 -481.5449 -710.5608 -369.7382 923.6199 1102.3722 -306.6961 1276.0963 -382.0971 1128.0194 327.6762 -154.8173 -260.4279 -384.5418 -455.3512 1622.1331 -102.8112 437.9624 194.5681 971.0419 356.9164 83.8389 -733.6852 -1415.6692 -1087.8051 -566.3133 605.1113 210.8000 -653.4736 -1287.4253 -33.3832 240.6388 132.7800 -114.1794
6.3256 13.5670 -17.8070 -41.8893 -0.3484 25.5200 54.9502 11.7796 35.7416 50.8097 -55.3418 -32.4815 -58.3501 -47.1716 -6.1190 -66.0832 -12.7710 2.5249 -24.3845 11.8984 40.0194 63.8209 28.3873 -37.4402 39.6930 -4.7748 21.9170 55.3656 -40.5744 43.4133 -32.9524 18.3587 -12.1089 -22.0010 9.9983 -26.0721 -1.6000 -3.9742 12.3048 11.9415 22.7278 -71.3330 -105.6003 -11.1781 61.7067 32.8439 45.4060 21.8149 -59.6032 16.6904 -0.6420 -76.6635 35.6092 -68.6019 -31.6765 -10.8534 -38.5626 40.4419 -48.7072 51.5993 78.6316 -9.5939 -21.0196 47.7707 38.6254 56.0061 33.6205 28.8668 -29.7538 23.1237 25.6517 55.2290 -40.4105 7.3744 12.4774 64.1716 1.7084 8.1557 -51.1178 -21.0845 15.0030 9.5195 64.0684 7.5304 -61.9885 -23.5921 -0.1324 -91.8944 -18.9183 15.2813 -36.7430 54.9865 59.0344 24.0655 -53.7306 65.2407 10.7252 7.7812 0.8366 28.3963 72.4686 -28.6843 -35.5435 43.5313 -69.0006 44.3482 -40.6452 7.4728 -76.8862 -0.7436 12.9126 -59.1976 -11.6454 33.3778 -61.6696 44.2618 -11.8310 19.1110 -40.4427 -11.5846 47.2879 15.6393 9.4891 62.3310 -35.4724 69.5314 -21.2742 -3.9114 23.9294 -2.5240 -34.0987 -27.3174 37.0848 -47.7277 -5.0949 -58.9201 40.7265 19.3374 -114.5340 13.9477 -18.4988 17.1524 -9.6363 37.0177 18.4852 -6.0947 -33.6751 6.6769 -4.5604 -37.5955 -17.9270 26.9621 -59.9556 67.6060 7.7772 11.3004 -8.1793 31.6034 84.8072 -6.0459 -31.6765 67.3178 48.0871 40.3134 -16.4074 30.8084 -19.8797 -3.4745 51.5383 -34.1493 -89.2910 12.3490 -40.6179 19.7534 42.6832 -55.9085 2.8467 32.6711 -37.1767 12.5227 -13.2472 -19.8327 61.6232 -2.6229 7.8688 55.1481 27.4078 -27.9921 25.3669 -129.1733 9.5503 -75.7551 7.5852 12.4258 83.0782 18.0739 -20.6000 4.9913 41.4447 7.6098 -86.7751 -46.2715 -11.8376 3.0066 20.2134 -63.1633 8.6581 5.6779 -33.7927 -26.5362 14.1094 51.4883 50.8690 20.9113 16.2868 33.4121 65.5967 16.9793 30.4584 40.8056 -1.9453 13.7183 20.7982 -65.4550 -26.3085 3.4633 -21.3201 102.1527 -9.8339 -19.4041 -57.5327 4.1724 -27.5609 -14.9681 -32.5520 53.4786 -27.2547 -40.5024 -106.6191 -13.2755 -10.8300 106.9875 25.7830 31.3762 -55.5667 -24.2675 20.6466 53.8920 16.4355 52.2989 -57.3634 -81.7032 2.3182 -57.8251 -63.9768 -44.9227 59.9534 -50.2660 -34.0420 22.4729 0.3474 -22.0179 78.5139 -3.9005 8.9649 -32.0674 -8.4860 -27.5182 -40.5946 -21.1473 52.6925 62.9158 -17.5122 72.8570 -21.8223 64.4314 18.6977 -8.8414 -14.8709 -21.9781 -25.9697 92.6060 -5.8917 25.0101 11.0986 55.4818 20.4227 4.7377 -41.8809 -80.7908 -62.1142 -32.3442 34.5774 12.0588 -37.2835 -73.5283 -1.8646 13.7070 7.6035 -6.5135
42.5094 91.2944 -119.4048 -281.7119 -2.2515 171.7942 369.1472 78.8952 240.1894 341.5011 -372.3512 -218.4425 -392.2697 -317.1497 -41.1726 -444.5255 -85.8109 17.1818 -163.8844 79.8647 268.7974 429.0584 190.7590 -251.6573 266.7501 -32.1258 147.1979 372.0447 -272.6429 291.9865 -221.4998 123.3139 -81.3691 -148.0283 67.4224 -174.9229 -10.7307 -26.6902 82.5314 80.1021 152.8635 -479.5024 -710.2456 -75.1689 414.8026 220.6600 305.2130 146.7719 -400.3843 112.4921 -4.3329 -515.2542 239.3872 -461.0205 -213.0827 -72.9533 -259.5952 271.5295 -327.0923 346.8036 528.9150 -64.5965 -141.4374 321.2972 259.8187 376.3369 226.2967 193.9259 -200.0439 155.2580 172.3983 371.5811 -271.3762 49.5719 83.9287 431.4572 11.4883 55.1019 -343.4496 -141.9606 100.8605 63.9987 430.6876 50.6560 -416.4958 -158.2540 -0.9643 -617.7803 -127.1894 102.8982 -247.0639 369.4399 396.9061 161.9058 -360.9367 438.5700 72.0492 52.4229 5.8246 191.0734 487.1206 -192.9118 -238.7581 292.5729 -464.1804 298.0755 -273.3300 50.3604 -516.8992 -5.1807 86.6035 -397.6855 -78.4911 224.3632 -414.6660 297.5414 -79.4981 128.7397 -271.9807 -78.0339 317.8485 105.3396 63.4094 419.1886 -238.1457 467.3096 -143.2681 -26.2083 160.6380 -17.0239 -229.1296 -183.5758 249.0008 -320.6757 -34.4009 -396.2588 273.9200 129.9895 -769.9177 93.5948 -124.2440 114.9988 -64.9116 249.0206 124.4957 -40.9091 -226.5291 44.8012 -30.6615 -252.4767 -120.4609 181.1818 -403.1801 454.4751 52.5640 76.0007 -55.1668 212.6256 570.0422 -40.7295 -212.9166 452.5778 323.5235 271.0509 -110.3807 207.3524 -133.6710 -23.4174 346.3754 -229.5435 -600.2441 83.0735 -272.9729 132.7880 286.8635 -375.7792 19.2962 219.5574 -249.6370 83.8995 -88.8166 -133.3244 414.1029 -17.2895 53.2531 370.8012 184.2663 -188.1599 170.5371 -868.2509 64.3218 -509.3920 51.0493 83.3989 558.3996 121.9586 -138.3022 33.4529 278.8209 51.4198 -583.2718 -310.8398 -81.6984 20.5558 135.7984 -424.9240 58.1478 38.2344 -227.0427 -178.5721 94.9416 346.0724 341.5934 140.5420 109.2880 224.8047 441.0040 113.9062 204.9054 274.4871 -13.0661 92.2824 139.9313 -440.2264 -176.9656 23.0711 -143.2654 686.6504 -66.3354 -130.4777 -386.7407 28.0959 -185.1833 -100.7010 -219.0103 359.5481 -183.1670 -272.4993 -716.8030 -89.3069 -73.0803 719.0178 173.6017 210.7427 -373.9059 -163.0351 138.8041 362.3270 110.6425 351.6284 -385.7375 -549.2034 15.5300 -388.9680 -430.1085 -301.9779 403.2708 -337.9472 -228.5936 151.0076 2.4626 -147.8477 527.8153 -26.2766 60.3836 -215.5781 -56.8091 -184.7903 -272.6603 -141.8380 354.4355 423.0928 -117.7653 489.7566 -146.6320 432.8951 125.7447 -59.4311 -99.9569 -147.5706 -174.8003 622.6010 -39.4405 168.1054 74.6439 372.6857 136.9845 32.2070 -281.5679 -543.3419 -417.5114 -217.3394 232.2597 80.9132 -250.8103 -494.0789 -12.8490 92.4222 50.9485 -43.7876
-138.2412 -296.9092 388.2831 915.9338 7.3452 -558.5531 -1200.2423 -256.6828 -780.7988 -1110.3333 1210.5089 710.2288 1275.3451 1031.0234 133.7632 1445.1661 278.9451 -55.8552 532.7966 -259.5291 -873.8152 -1394.8000 -620.1775 818.1476 -867.2768 104.3465 -478.5294 -1209.6023 886.4544 -949.2045 720.1575 -400.9429 264.4867 481.2454 -219.1418 568.6133 34.8909 86.7482 -268.2946 -260.2665 -497.0515 1558.9100 2309.1707 244.3951 -1348.5665 -717.4202 -992.2401 -477.1605 1301.7776 -365.7854 13.9594 1675.2061 -778.1422 1498.7754 692.6035 237.0792 843.8925 -882.8944 1063.4241 -1127.5402 -1719.6124 209.9237 459.7762 -1044.5807 -844.7547 -1223.5262 -735.5676 -630.5436 650.5009 -504.8439 -560.4493 -1207.8882 882.2647 -161.0572 -272.8125 -1402.6686 -37.3010 -179.0848 1116.5820 461.6042 -327.8372 -207.9996 -1400.2666 -164.5810 1354.1317 514.4976 3.0721 2008.2715 413.4945 -334.4908 803.1870 -1201.1550 -1290.4175 -526.4700 1173.3525 -1425.8219 -234.2533 -170.5148 -18.9266 -621.0600 -1583.6072 627.2116 776.1746 -951.1643 1509.1418 -968.9362 888.6984 -163.7868 1680.4170 16.6812 -281.6526 1292.9160 255.1218 -729.6232 1348.1088 -967.4266 258.4708 -418.4962 884.1506 253.6970 -1033.1881 -342.4978 -206.2485 -1362.5875 774.4161 -1519.3322 465.8295 85.0629 -522.2919 55.0528 744.9654 596.9584 -809.6710 1042.5421 111.8728 1288.0865 -890.5922 -422.5941 2503.1467 -304.5289 404.0216 -373.9042 210.9232 -809.5553 -404.8119 133.0320 736.4208 -145.6428 99.6251 820.7750 391.7711 -588.9388 1310.7476 -1477.4573 -170.8803 -247.1300 179.5180 -691.2206 -1853.3652 132.4267 692.3725 -1471.3251 -1051.8730 -881.2789 358.9397 -674.0726 434.6200 76.1800 -1126.0785 746.2123 1951.3357 -269.9677 887.7044 -431.7992 -932.7070 1221.7529 -62.8146 -713.9243 811.6065 -272.8234 288.8493 433.4864 -1346.2308 56.3095 -173.0091 -1205.4996 -599.0644 611.6796 -554.5236 2822.6177 -209.1860 1656.1749 -166.0177 -271.2477 -1815.4843 -396.3390 449.4932 -108.8214 -906.4155 -167.1598 1896.2499 1010.4557 265.5619 -65.8975 -441.2939 1381.4889 -189.0488 -124.2507 738.0272 580.5227 -308.7519 -1125.1415 -1110.6831 -456.9510 -355.3492 -730.6314 -1433.6803 -370.3795 -666.2482 -892.1418 42.4275 -299.9577 -455.1274 1431.1561 575.2653 -75.0113 465.8136 -2232.5220 215.6998 424.1886 1257.2949 -91.4253 601.9982 327.2359 712.1095 -1168.9084 595.3889 885.7769 2330.3877 290.3121 237.7398 -2337.6296 -564.3554 -685.1176 1215.5579 530.0220 -451.3083 -1177.9822 -359.7382 -1143.1228 1254.0486 1785.6279 -50.5897 1264.4274 1398.3170 981.7692 -1311.1078 1098.6769 743.2640 -491.0600 -8.0198 480.7936 -1715.9031 85.3769 -196.2611 700.6502 184.7107 600.8195 886.5657 461.3361 -1152.4033 -1375.4510 382.6888 -1592.2626 476.7608 -1407.4789 -408.8794 193.2034 324.9577 479.8064 568.1885 -2023.9672 128.2572 -546.4612 -242.7216 -1211.6003 -445.2948 -104.5893 915.4533 1766.3658 1357.3032 706.6014 -755.0540 -262.9718 815.3798 1606.3402 41.7304 -300.2744 -165.6872 142.4940
-89.6390 -192.5491 251.7958 593.9953 4.8153 -362.2618 -778.4224 -166.4286 -506.3903 -720.0999 785.0630 460.5983 827.0968 668.6560 86.7617 937.2118 180.8847 -36.2628 345.5205 -168.2945 -566.6977 -904.5491 -402.1739 530.5933 -562.4713 67.7077 -310.3481 -784.4797 574.9174 -615.5862 467.0168 -260.0056 171.5112 312.0961 -142.1397 368.7293 22.6029 56.2671 -174.0353 -168.8092 -322.3452 1010.9944 1497.5656 158.4816 -874.5698 -465.3075 -643.4736 -309.4771 844.2289 -237.1994 9.1278 1086.4688 -504.6779 972.0140 449.1267 153.8039 547.3132 -572.6007 689.6723 -731.2421 -1115.2084 136.1111 298.2403 -677.4609 -547.8271 -793.5331 -477.0511 -408.8593 421.8629 -327.3288 -363.4681 -783.3821 572.1861 -104.4268 -176.9576 -909.6520 -24.1897 -116.1421 724.1526 299.3396 -212.6339 -134.8995 -908.1241 -106.7763 878.1177 333.6638 2.0286 1302.4551 268.1843 -216.9513 520.8858 -778.9692 -836.8693 -341.3628 760.9753 -924.7047 -151.8958 -110.6141 -12.2650 -402.8032 -1027.0044 406.7910 503.4034 -616.8713 978.7559 -628.4656 576.3244 -106.2440 1089.8130 10.8553 -182.6344 838.5003 165.4328 -473.1756 874.3358 -627.3552 167.6654 -271.4327 573.4106 164.5189 -670.0806 -222.1029 -133.7796 -883.6993 502.2118 -985.3145 302.1297 55.1922 -338.7282 35.7266 483.1490 387.1214 -525.1257 676.1273 72.5379 835.3300 -577.6047 -274.0590 1623.3644 -197.4746 261.9567 -242.4941 136.7907 -525.0422 -262.5513 86.3047 477.6042 -94.5007 64.6125 532.2963 254.0245 -382.0094 850.0411 -958.1969 -110.8289 -160.2743 116.4226 -448.3397 -1201.9515 85.8934 448.9798 -954.2199 -682.1616 -571.5303 232.8175 -437.1478 281.8833 49.3998 -730.2976 483.9741 1265.5459 -175.0800 575.6990 -280.0312 -604.8604 792.3078 -40.7343 -462.9623 526.3293 -176.9120 187.3358 281.0953 -873.0796 36.4884 -112.1610 -781.8392 -388.5243 396.6786 -359.6548 1830.5939 -135.6781 1074.0820 -107.6976 -175.8922 -1177.4249 -257.0348 291.5368 -70.6101 -587.8431 -108.4121 1229.7831 655.3527 172.2231 -42.7146 -286.3905 896.2134 -122.6257 -80.6259 478.6473 376.5057 -200.1857 -729.6668 -720.2508 -296.3500 -230.4744 -473.8757 -929.7578 -240.2327 -432.0499 -578.6447 27.5451 -194.5768 -295.2143 928.1367 373.0719 -48.6354 302.0457 -1447.8292 139.9050 275.0639 815.4324 -59.2453 390.4449 212.2387 461.8385 -758.0897 386.1039 574.4986 1511.3236 188.2635 154.1661 -1516.0233 -366.0689 -444.3002 788.3017 343.7658 -292.6998 -763.9777 -233.3549 -741.4150 813.3047 1158.0170 -32.8093 820.0532 906.8263 636.7305 -850.2545 712.5463 481.9956 -318.4196 -5.1354 311.7997 -1112.8625 55.3783 -127.3034 454.4033 119.7762 389.6503 574.9063 299.1443 -747.3370 -892.0726 248.1648 -1032.6099 309.1698 -912.7571 -265.1602 125.2688 210.7369 311.1583 368.4644 -1312.6359 83.2409 -354.3418 -157.4075 -785.7565 -288.7921 -67.8476 593.6599 1145.5428 880.2582 458.2379 -489.6973 -170.5559 528.7665 1041.7410 27.0494 -194.7188 -107.4327 92.3678
245.0885 526.2755 -688.3139 -1623.6594 -13.1189 990.0817 2127.5911 454.9424 1384.0829 1968.2715 -2145.8982 -1259.0435 -2260.7556 -1827.6619 -237.1249 -2561.7937 -494.4634 99.0727 -944.4009 460.0840 1549.0316 2472.4739 1099.3646 -1450.3237 1537.3722 -185.0316 848.2682 2144.2581 -1571.3984 1682.6184 -1276.5436 710.7488 -468.8097 -853.0610 388.4872 -1007.9396 -61.7936 -153.7763 475.7030 461.3941 881.0887 -2763.4180 -4093.3079 -433.2062 2390.5723 1271.7147 1758.8805 845.8336 -2307.5273 648.3528 -24.7710 -2969.5867 1379.3640 -2656.8271 -1227.7705 -420.2799 -1495.9662 1565.0554 -1885.1013 1998.7115 3048.2795 -372.0681 -815.1315 1851.7021 1497.4384 2168.8442 1303.9506 1117.6993 -1153.0793 894.8731 993.4706 2141.1404 -1563.9060 285.5385 483.5713 2486.4619 66.1561 317.5229 -1979.3373 -818.3157 581.1890 368.7367 2482.1899 291.8039 -2400.3223 -911.9181 -5.4967 -3560.0222 -733.0570 592.8860 -1423.7905 2129.2144 2287.4431 933.2537 -2079.9792 2527.5518 415.2724 302.2495 33.5557 1100.8837 2807.1912 -1111.8475 -1375.8939 1686.0835 -2675.1794 1717.6904 -1575.3163 290.3646 -2978.8145 -29.6100 499.2705 -2291.9473 -452.3042 1293.3428 -2389.7681 1714.9310 -458.1886 741.7855 -1567.3080 -449.6726 1831.5134 607.1667 365.6229 2415.4600 -1372.8270 2693.1953 -825.7958 -150.7270 925.8204 -97.6434 -1320.6150 -1058.2483 1435.3022 -1848.0615 -198.2501 -2283.2522 1578.7543 749.0693 -4437.2437 539.7916 -716.2137 662.8251 -373.9437 1435.0457 717.6447 -235.7910 -1305.4064 258.2363 -176.6994 -1454.9568 -694.3799 1044.0654 -2323.5544 2618.9863 302.8633 438.0722 -318.2247 1225.4446 3285.3831 -234.6766 -1227.2844 2608.2783 1864.5912 1562.2762 -636.2917 1194.9154 -770.4543 -134.9750 1996.1521 -1322.7378 -3459.0933 478.6572 -1573.6096 765.4602 1653.3149 -2165.6980 111.3842 1265.3955 -1438.6615 483.5968 -512.0792 -768.3865 2386.4143 -99.7832 306.6493 2136.9519 1061.8822 -1084.3442 982.9851 -5003.6318 370.7900 -2935.8596 294.3329 480.8365 3218.1741 702.5568 -796.8511 192.9338 1606.7081 296.2981 -3361.3906 -1791.2385 -470.8433 116.7278 782.8414 -2448.8584 335.4503 220.2384 -1308.3009 -1029.0846 547.3194 1994.4534 1968.7819 809.9940 629.9440 1295.2194 2541.4712 656.5488 1180.9866 1581.5669 -75.2134 531.7050 806.8153 -2536.9368 -1019.7817 132.9669 -825.6799 3957.4934 -382.3682 -751.9799 -2228.7749 162.0557 -1067.1741 -580.1696 -1262.2297 2072.0952 -1055.4962 -1570.2892 -4130.9805 -514.6361 -421.4966 4143.8599 1000.4376 1214.5157 -2154.7402 -939.5474 800.0856 2088.1997 637.6092 2026.3931 -2223.0625 -3165.2888 89.7266 -2241.4202 -2478.7126 -1740.3840 2324.0784 -1947.5522 -1317.4669 870.5046 14.0660 -852.1698 3041.7539 -151.3502 347.8766 -1242.1923 -327.3616 -1065.0669 -1571.5433 -817.7853 2042.9303 2438.2725 -678.4016 2822.5161 -845.1843 2494.9983 724.7548 -342.4725 -576.0002 -850.5964 -1007.1867 3587.8188 -227.4540 968.6133 430.3008 2147.7766 789.4519 185.4423 -1622.7711 -3131.2009 -2406.0251 -1252.6063 1338.5001 466.1729 -1445.4113 -2847.4993 -73.9229 532.2759 293.7129 -252.5552
-214.4536 -460.6158 602.4672 1420.9304 11.4039 -866.4998 -1862.0479 -398.1214 -1211.3331 -1722.5499 1878.0338 1101.8621 1978.5536 1599.5078 207.5227 2242.0020 432.7713 -86.7614 826.5469 -402.6577 -1355.6527 -2163.8586 -962.1787 1269.3170 -1345.4240 161.9581 -742.4102 -1876.5787 1375.2715 -1472.5983 1117.1707 -622.0031 410.2945 746.5800 -340.0126 882.1426 54.0929 134.5572 -416.2841 -403.8306 -771.0886 2418.4329 3582.3142 379.0996 -2092.0894 -1113.0497 -1539.3313 -740.3628 2019.5088 -567.3839 21.7406 2598.8740 -1207.1924 2325.1887 1074.4564 367.8257 1309.2957 -1369.7404 1649.7798 -1749.2346 -2667.7673 325.6357 713.3908 -1620.4906 -1310.5023 -1898.1652 -1141.1982 -978.1546 1009.1083 -783.2165 -869.4623 -1873.8779 1368.7325 -249.8593 -423.1984 -2176.0952 -57.8917 -277.8517 1732.2172 716.1436 -508.6102 -322.6855 -2172.3333 -255.3711 2100.7183 798.1106 4.8759 3115.6802 641.5303 -518.8463 1246.0553 -1863.4432 -2001.9398 -816.7300 1820.3817 -2212.0403 -363.4331 -264.5742 -29.3624 -963.5547 -2456.8259 973.0924 1204.1687 -1475.6246 2341.3179 -1503.3070 1378.6637 -254.1306 2606.9753 25.9558 -436.8802 2005.8590 395.8573 -1131.8881 2091.5010 -1500.8033 401.0459 -649.2310 1371.6686 393.5184 -1602.9100 -531.3332 -320.0052 -2113.9182 1201.4189 -2357.0596 722.7121 131.9951 -810.2549 85.4859 1155.7610 926.0848 -1256.2023 1617.3987 173.4805 1998.2853 -1381.7283 -655.5945 3883.3352 -472.4093 626.8160 -580.0513 327.3002 -1255.9465 -628.0420 206.3917 1142.4620 -225.9948 154.5871 1273.3781 607.7553 -913.7349 2033.4965 -2292.0476 -265.0788 -383.4242 278.4639 -1072.4250 -2875.2708 205.3971 1074.0667 -2282.6416 -1631.8297 -1367.2202 556.8839 -1045.8191 674.2269 118.1554 -1746.9800 1157.7271 3027.3167 -418.9170 1377.1609 -669.8727 -1446.9280 1895.3363 -97.4320 -1107.4348 1259.0988 -423.1945 448.1845 672.4550 -2088.5496 87.3378 -268.3250 -1870.1924 -929.3227 948.9698 -860.2285 4379.0552 -324.4859 2569.3635 -257.5868 -420.8267 -2816.5469 -614.8514 697.3613 -168.8055 -1406.1744 -259.3006 2941.8665 1567.6670 412.1230 -102.1099 -685.1006 2143.1304 -293.3064 -192.4704 1144.9594 900.6412 -478.9886 -1745.4835 -1723.0104 -708.8918 -551.2501 -1133.5691 -2224.1584 -574.5897 -1033.5819 -1384.1493 65.8298 -465.3712 -706.0642 2220.2695 892.4686 -116.4193 722.6270 -3463.4397 334.6213 658.1049 1950.5808 -141.7973 933.9591 507.7839 1104.6593 -1813.4583 923.6555 1374.2067 3615.2812 450.3503 368.8820 -3626.5952 -875.5530 -1062.8350 1885.7399 822.2834 -700.2098 -1827.5601 -558.0292 -1773.4773 1945.5122 2770.1304 -78.5238 1961.6437 2169.2969 1523.1078 -2033.9644 1704.5059 1153.0419 -761.8074 -12.3723 745.8087 -2662.1245 132.4702 -304.4749 1087.1106 286.5420 932.1692 1375.3342 715.7109 -1787.8309 -2133.9417 593.7457 -2470.2170 739.6569 -2183.5432 -634.2627 299.6882 504.1323 744.4309 881.4075 -3139.9961 199.0528 -847.6799 -376.5103 -1879.5972 -690.8896 -162.2632 1420.1323 2740.4106 2105.7329 1096.1655 -1171.5037 -408.0142 1264.9858 2492.0776 64.6690 -465.7982 -257.0310 221.0048
21.1724 45.5079 -59.4912 -140.3735 -1.0917 85.6219 183.9101 39.3096 119.6222 170.1743 -185.5208 -108.8478 -195.4383 -157.9902 -20.5018 -221.4578 -42.7784 8.5616 -81.6560 39.7772 133.9361 213.7276 95.0327 -125.4177 132.8862 -15.9938 73.3390 185.3990 -135.8568 145.4357 -110.3809 61.4439 -40.5523 -73.7424 33.5830 -87.1084 -5.3343 -13.2698 41.0854 39.9030 76.1803 -238.8964 -353.8749 -37.4598 206.6879 109.9613 152.0748 73.1569 -199.4918 56.0334 -2.1681 -256.7275 119.2394 -229.6786 -106.1336 -36.3526 -129.2877 135.3505 -162.9724 172.7906 263.5813 -32.1816 -70.4799 160.0921 129.4349 187.4410 112.7240 96.6770 -99.7086 77.3764 85.8616 185.0885 -135.1962 24.6735 41.7841 214.9867 5.6675 27.4924 -171.1028 -70.7335 50.2492 31.9015 214.5914 25.2269 -207.5243 -78.8204 -0.4751 -307.7771 -63.3582 51.2690 -123.1052 184.1044 197.7587 80.6290 -179.8161 218.5497 35.9098 26.1721 2.9127 95.2003 242.6611 -96.0829 -118.9723 145.7635 -231.2702 148.5117 -136.2296 25.0661 -257.5066 -2.5090 43.1756 -198.1259 -39.1243 111.8233 -206.6156 148.2921 -39.6365 64.0956 -135.4989 -38.8744 158.3845 52.5145 31.6553 208.8167 -118.7147 232.8086 -71.4005 -13.0362 80.0135 -8.4298 -114.1792 -91.5228 124.0742 -159.7667 -17.1642 -197.4187 136.4727 64.7842 -383.5852 46.6454 -61.9934 57.2754 -32.3381 124.0689 62.0516 -20.4044 -112.8863 22.3133 -15.2215 -125.7716 -60.0253 90.2445 -200.8603 226.4183 26.2080 37.8470 -27.5270 105.9335 284.0085 -20.2513 -106.1009 225.4814 161.2040 135.0821 -55.0352 103.3109 -66.6012 -11.6546 172.6177 -114.3895 -299.0342 41.4053 -136.0603 66.1913 142.9349 -187.2299 9.6302 109.4074 -124.3804 41.7971 -44.2547 -66.3876 206.3332 -8.5982 26.5090 184.7389 91.8011 -93.7660 84.9798 -432.5623 32.0298 -253.8185 25.4288 41.5416 278.2439 60.6888 -68.8533 16.6782 138.9008 25.6114 -290.6022 -154.8446 -40.6798 10.0759 67.6570 -211.7144 29.0000 18.9526 -112.7898 -88.9514 47.2946 172.3765 170.1933 70.0283 54.4755 111.9834 219.7146 56.7103 102.1474 136.7286 -6.5132 45.9321 69.7836 -219.3343 -88.1547 11.4863 -71.3776 342.1216 -33.1096 -64.9893 -192.6698 14.0268 -92.2558 -50.1709 -109.0993 179.2086 -91.2086 -135.7394 -357.1186 -44.4936 -36.4441 358.2119 86.5195 105.0149 -186.2360 -81.2212 69.2026 180.5524 55.1176 175.1715 -192.1585 -273.6518 7.7953 -193.7820 -214.2825 -150.4723 200.8868 -168.3143 -113.8756 75.2631 1.2283 -73.6651 262.9937 -13.0833 30.0742 -107.3776 -28.2934 -92.0742 -135.8505 -70.7114 176.5841 210.8100 -58.6288 244.0220 -73.0533 215.6745 62.6695 -29.6257 -49.7338 -73.5757 -87.0423 310.1782 -19.6653 83.7210 37.1710 185.6822 68.2997 16.0165 -140.3051 -270.7245 -207.9837 -108.2828 115.7181 40.3287 -124.9876 -246.1713 -6.4402 46.0352 25.3837 -21.8695
268.6071 576.8402 -754.4802 -1779.6316 -14.3383 1085.2317 2332.0291 498.6501 1517.1350 2157.4377 -2352.0496 -1380.0361 -2477.9839 -2003.2386 -259.8977 -2807.8684 -542.0015 108.6600 -1035.1976 504.2650 1697.7574 2710.0056 1204.9742 -1589.6783 1685.0529 -202.8195 929.7521 2350.3069 -1722.4559 1844.3165 -1399.2389 779.0532 -513.8995 -935.0176 425.8622 -1104.7961 -67.7333 -168.5518 521.3897 505.7214 965.7554 -3028.8711 -4486.5776 -474.8081 2620.2317 1393.9789 1927.8335 927.1902 -2529.2766 710.6306 -27.2293 -3254.9385 1511.8859 -2912.1069 -1345.7072 -460.6276 -1639.7673 1715.4299 -2066.2148 2190.8789 3341.1401 -407.8050 -893.4221 2029.5906 1641.3103 2377.3286 1429.3279 1225.0039 -1263.8235 980.8344 1088.9823 2346.9214 -1714.1993 312.9173 530.0319 2725.3438 72.5812 347.9718 -2169.5137 -896.9926 637.0134 404.1507 2720.6453 319.8493 -2630.9507 -999.5616 -6.0446 -3902.1106 -803.4226 649.8858 -1560.5436 2333.7688 2507.2786 1022.9236 -2279.8328 2770.4031 455.1394 331.3864 36.7885 1206.7546 3076.9197 -1218.7037 -1508.0985 1848.0850 -2932.2605 1882.7295 -1726.6895 318.2971 -3264.9912 -32.4800 547.2123 -2512.1611 -495.7462 1417.6473 -2619.3843 1879.6543 -502.2701 813.1311 -1717.8940 -492.8867 2007.4725 665.3851 400.8148 2647.5264 -1504.6997 2952.0029 -905.1745 -165.2334 1014.7252 -107.0114 -1447.5223 -1159.8541 1573.2046 -2025.6383 -217.3134 -2502.6904 1730.4703 821.0150 -4863.5508 591.6687 -784.9905 726.5313 -409.9203 1572.9921 786.5652 -258.4421 -1430.8101 283.0231 -193.6360 -1594.7495 -761.2006 1144.3632 -2546.7524 2870.6074 331.9726 480.1728 -348.7907 1343.1517 3601.0142 -257.2345 -1345.1952 2858.8250 2043.7164 1712.3130 -697.4500 1309.7307 -844.4227 -148.0076 2187.8684 -1449.9047 -3791.4541 524.6328 -1724.7690 838.9823 1812.1853 -2373.7898 122.1335 1387.0170 -1576.9432 530.0963 -561.3057 -842.2010 2615.7236 -109.3862 336.1047 2342.2302 1163.9713 -1188.5188 1077.4146 -5484.3452 406.3741 -3217.8694 322.6330 527.0607 3527.5017 770.0833 -873.4235 211.4703 1761.1338 324.7172 -3684.4500 -1963.3987 -516.1002 127.9114 858.0667 -2684.1179 367.3287 241.4157 -1433.9403 -1127.7053 599.9772 2186.1025 2157.9749 887.8235 690.4290 1419.6506 2785.5549 719.6605 1294.4825 1733.5176 -82.4639 582.8188 884.3034 -2780.7458 -1117.7634 145.8260 -905.0009 4337.7188 -419.0882 -824.2059 -2442.9075 177.5956 -1169.6989 -635.9216 -1383.5110 2271.1973 -1156.8618 -1721.0896 -4527.8721 -564.0485 -461.9766 4541.9912 1096.5677 1331.1661 -2361.7996 -1029.7816 876.9193 2288.8064 698.8895 2221.1433 -2436.6531 -3469.4617 98.2969 -2456.8491 -2716.8179 -1907.6029 2547.3999 -2134.7646 -1444.0801 954.1391 15.4074 -934.1036 3334.0298 -165.9236 381.3167 -1361.5121 -358.8906 -1167.4141 -1722.5182 -896.2822 2239.1260 2672.6016 -743.5840 3093.7803 -926.3969 2734.6956 794.4305 -375.3602 -631.3980 -932.2437 -1103.9482 3932.5684 -249.3360 1061.7009 471.6297 2354.0647 865.2416 203.2318 -1778.6621 -3432.0964 -2637.2534 -1372.9336 1467.1646 510.9706 -1584.2479 -3121.1174 -81.0042 583.3799 321.9214 -276.8570
15.5280 33.3491 -43.5859 -102.8213 -0.8694 62.7001 134.7632 28.7837 87.6388 124.7047 -135.9701 -79.7316 -143.1865 -115.7721 -14.9824 -162.2213 -31.3282 6.2801 -59.8228 29.1653 98.1374 156.6224 69.6483 -91.9047 97.3680 -11.6993 53.7499 135.8190 -99.5086 106.5536 -80.8538 45.0103 -29.7054 -54.0159 24.6376 -63.8384 -3.8832 -9.7302 30.1747 29.2206 55.8600 -175.0198 -259.3304 -27.4646 151.4215 80.5679 111.4048 53.5990 -146.1552 41.0632 -1.6272 -188.1037 87.3700 -168.2564 -77.7854 -26.6377 -94.7312 99.1369 -119.4206 126.6246 193.0724 -23.5326 -51.6352 117.2973 94.8630 137.3347 82.5794 70.8179 -72.9876 56.7156 62.9063 135.6077 -99.0291 18.0902 30.6361 157.4697 4.1876 20.1147 -125.4228 -51.8544 36.7992 23.3438 157.2293 18.4771 -152.0649 -57.7236 -0.3352 -225.4924 -46.4324 37.5352 -90.1755 134.8607 144.8923 59.1203 -131.7545 160.0776 26.2729 19.1406 2.0927 69.6929 177.7994 -70.4409 -87.1407 106.8020 -169.4668 108.8210 -99.7898 18.4003 -188.6973 -1.8301 31.6259 -145.1762 -28.6573 81.9032 -151.4125 108.6800 -29.0260 46.9901 -99.2632 -28.4782 115.9939 38.4972 23.1368 153.0302 -86.9850 170.5275 -52.3262 -9.5704 58.6661 -6.1585 -83.6385 -67.0607 90.9199 -117.0943 -12.5671 -144.6424 99.9622 47.5088 -281.0436 34.2056 -45.4137 41.9551 -23.7056 90.9196 45.4483 -14.9372 -82.6571 16.3231 -11.2112 -92.2076 -43.9741 66.1454 -147.1852 165.8845 19.2274 27.7433 -20.1737 77.6161 208.1081 -14.8179 -77.7764 165.2083 118.0892 98.9879 -40.3459 75.7120 -48.8300 -8.5116 126.4145 -83.8126 -219.1002 30.3237 -99.6848 48.4483 104.7067 -137.1931 7.0234 80.1651 -91.1282 30.6540 -32.3881 -48.6102 151.2084 -6.3276 19.4206 135.3648 67.2610 -68.6432 62.2239 -316.9237 23.4496 -186.0101 18.6665 30.4600 203.8443 44.4876 -50.4743 12.2237 101.7824 18.7969 -212.9215 -113.4702 -29.8474 7.3548 49.6101 -155.1519 21.2145 13.9377 -82.8769 -65.1689 34.9877 126.3349 124.7052 51.3163 39.9097 82.0357 160.9695 41.5804 74.8110 100.1651 -4.7795 33.6878 51.0929 -160.7025 -64.5856 8.4263 -52.3112 250.6888 -24.2004 -47.6364 -141.1268 10.2751 -67.5847 -36.7273 -79.9709 131.2142 -66.8846 -99.4747 -261.6352 -32.5550 -26.6585 262.5097 63.3533 76.9358 -136.4548 -59.5555 50.6928 132.2590 40.4199 128.3709 -140.8625 -200.5183 5.6346 -141.9335 -157.0003 -110.2344 147.2675 -123.3932 -83.4504 55.1524 0.8840 -53.9267 192.7262 -9.6080 22.0523 -78.6442 -20.7731 -67.4577 -99.5424 -51.8331 129.4074 154.4210 -42.9756 178.7834 -53.5325 158.0252 45.9524 -21.7262 -36.4723 -53.9049 -63.8161 227.2481 -14.4084 61.3362 27.2502 136.0632 49.9607 11.7697 -102.7945 -198.3579 -152.4076 -79.3763 84.8124 29.5195 -91.5946 -180.3940 -4.6565 33.6885 18.5536 -16.0237
105.1756 225.8157 -295.3049 -696.5726 -5.6270 424.7886 912.7894 195.1788 593.8188 844.4127 -920.6368 -540.1556 -969.9589 -784.1492 -101.7275 -1099.1121 -212.1481 42.4993 -405.2117 197.4127 664.5750 1060.7675 471.6396 -622.2474 659.5551 -79.3718 363.9515 919.8762 -674.1742 721.8980 -547.6731 304.9088 -201.1666 -366.0157 166.6657 -432.4190 -26.4908 -65.9829 204.0938 197.9607 377.9996 -1185.6248 -1756.1440 -185.8423 1025.6146 545.6157 754.6111 362.8751 -989.9829 278.1427 -10.6207 -1274.0444 591.7846 -1139.8367 -526.7537 -180.3209 -641.7796 671.4604 -808.7910 857.5452 1307.8113 -159.6709 -349.7325 794.4677 642.4536 930.4971 559.4398 479.5038 -494.7151 383.9077 426.2188 918.5938 -670.9423 122.4837 207.4365 1066.7634 28.3657 136.1882 -849.1647 -351.0669 249.3654 158.2355 1064.9135 125.2439 -1029.8428 -391.2189 -2.3327 -1527.3445 -314.5050 254.3493 -610.8425 913.5072 981.3729 400.3822 -892.3779 1084.3817 178.1467 129.7085 14.4008 472.3326 1204.3560 -477.0287 -590.3102 723.3657 -1147.7308 736.9539 -675.8828 124.5745 -1277.9570 -12.6909 214.2237 -983.3126 -194.0297 554.8741 -1025.2825 735.7271 -196.5856 318.2170 -672.4395 -192.9576 785.7497 260.4906 156.8821 1036.2863 -589.0121 1155.4771 -354.2555 -64.6513 397.1768 -41.9243 -566.5986 -454.0524 615.7615 -792.8473 -85.1202 -979.5830 677.2776 321.3627 -1903.7240 231.5937 -307.3012 284.3758 -160.4691 615.6924 307.9338 -101.1608 -560.0651 110.7887 -75.7734 -624.2435 -297.9007 447.9572 -996.8797 1123.6110 129.9257 187.9640 -136.5468 525.7752 1409.5227 -100.7356 -526.5602 1119.0100 799.9844 670.2390 -272.9829 512.6786 -330.5555 -57.9322 856.4045 -567.5149 -1484.0822 205.3713 -675.0865 328.3819 709.3094 -929.0934 47.7387 542.8986 -617.2309 207.4793 -219.7011 -329.6564 1023.8583 -42.8123 131.5803 916.7868 455.5034 -465.1964 421.7133 -2146.6355 159.1294 -1259.5698 126.3188 206.3192 1380.7177 301.4097 -341.8856 82.7693 689.2936 127.1469 -1442.1041 -768.4947 -201.9777 50.1434 335.8485 -1050.6276 143.7994 94.5345 -561.3043 -441.4883 234.8204 855.9673 844.6529 347.4562 270.2600 555.6984 1090.3683 281.6522 506.6787 678.5577 -32.2991 228.0768 346.1469 -1088.4248 -437.5124 57.0555 -354.2744 1697.8668 -164.1086 -322.6142 -956.2346 69.5162 -457.8492 -248.9118 -541.5581 888.9711 -452.8124 -673.6667 -1772.2776 -220.8094 -180.8419 1777.8499 429.1844 521.0617 -924.4478 -403.0929 343.2720 895.9225 273.5497 869.4071 -953.7252 -1358.0106 38.4767 -961.6447 -1063.4656 -746.6828 997.1087 -835.5660 -565.2546 373.4309 6.0770 -365.6118 1305.0026 -64.9016 149.2405 -532.9556 -140.4430 -456.9829 -674.2196 -350.8556 876.4354 1046.0988 -291.0721 1210.9580 -362.6252 1070.4509 310.9162 -146.8862 -247.0993 -364.9288 -432.1096 1539.2876 -97.5682 415.5800 184.6509 921.4554 338.6941 79.5712 -696.1803 -1343.3711 -1032.2404 -537.4037 574.2791 200.0320 -620.0701 -1221.5911 -31.7319 228.3862 125.9877 -108.3310
-166.3671 -357.2797 467.3078 1102.2117 8.8651 -672.1086 -1444.3612 -308.8602 -939.5845 -1336.2437 1456.7701 854.7420 1534.7260 1240.7358 160.9469 1739.0122 335.6982 -67.2933 641.1244 -312.2754 -1051.5126 -1678.4415 -746.3324 984.5677 -1043.6477 125.6232 -575.8801 -1455.6396 1066.7889 -1142.2715 866.6198 -482.5095 318.2619 579.0817 -263.7443 684.2872 41.9320 104.3844 -322.9529 -313.1915 -598.1486 1875.9705 2778.7996 294.0582 -1622.8601 -863.3464 -1194.0100 -574.2526 1566.5145 -440.1052 16.8706 2015.9568 -936.3420 1803.5569 833.4777 285.3362 1015.5898 -1062.4330 1279.7231 -1356.8748 -2069.3291 252.5786 553.3135 -1257.0223 -1016.5111 -1472.3602 -885.1813 -758.7226 782.7712 -607.4944 -674.4366 -1453.5951 1061.6655 -193.7659 -328.2851 -1687.9729 -44.9310 -215.5134 1343.7035 555.5032 -394.4893 -250.3281 -1685.0437 -198.0944 1629.4846 619.0831 3.7629 2416.7380 497.6186 -402.4852 966.5464 -1445.4253 -1552.8853 -633.5501 1411.9836 -1715.8180 -281.8700 -205.2298 -22.7669 -747.4455 -1905.6835 754.7766 934.0525 -1144.6221 1816.1067 -1166.0505 1069.3730 -197.1304 2022.1901 20.0646 -338.8621 1555.8922 307.0412 -878.0182 1622.3278 -1164.1532 311.1094 -503.5808 1063.9656 305.2408 -1243.2798 -412.1218 -248.2111 -1639.7909 931.9232 -1828.3328 560.6113 102.3578 -628.5070 66.2590 896.5350 718.3358 -974.4047 1254.5983 134.5523 1549.9913 -1071.7351 -508.5203 3012.2637 -366.4772 486.2173 -449.9359 253.8851 -974.2364 -487.1595 160.1150 886.1514 -175.2684 119.9013 987.7145 471.4342 -708.7499 1577.3060 -1777.9313 -205.6321 -297.4558 216.0361 -831.8660 -2230.3206 159.3395 833.1857 -1770.6075 -1265.8051 -1060.5118 432.0061 -811.1899 522.9804 91.6748 -1355.0967 897.9942 2348.2297 -324.9627 1068.2817 -519.6520 -1122.4037 1470.2343 -75.6288 -859.0693 976.6428 -328.3201 347.6373 521.6199 -1620.0328 67.7728 -208.1410 -1450.6761 -720.8926 736.1165 -667.3004 3396.6931 -251.6744 1993.0045 -199.8001 -326.3857 -2184.7805 -476.9211 540.9180 -130.9781 -1090.8022 -201.1219 2281.9585 1216.0037 319.6382 -79.2475 -531.4208 1662.4115 -227.5407 -149.5038 888.1259 698.6036 -371.5779 -1353.9454 -1336.2362 -549.8869 -427.6352 -879.2968 -1725.2292 -445.7015 -801.7389 -1073.6320 51.0960 -360.9801 -547.6833 1722.2318 692.2607 -90.3173 560.4805 -2686.5371 259.5712 510.5056 1513.0082 -110.0064 724.4500 393.7866 856.8594 -1406.6710 716.4728 1065.9645 2804.3394 349.3365 286.1349 -2813.0464 -679.1723 -824.4221 1462.7294 637.7955 -543.1429 -1417.5675 -432.8276 -1375.6785 1509.1187 2148.7600 -60.9069 1521.6038 1682.6896 1181.4309 -1577.6886 1322.1208 894.3720 -590.9559 -9.5536 578.5128 -2064.9631 102.7358 -236.1756 843.2104 222.2801 723.0669 1066.8468 555.1643 -1386.8180 -1655.2281 460.5109 -1916.1372 573.7400 -1693.7450 -492.0589 232.5085 391.0272 577.3964 683.7578 -2435.6040 154.4379 -657.5693 -292.1198 -1458.0428 -535.9164 -125.8707 1101.5626 2125.6401 1633.3757 850.3104 -908.7004 -316.4777 981.2396 1933.0784 50.2035 -361.3304 -199.4143 171.5013
-29.8333 -64.1313 83.8391 197.7439 1.6497 -120.6019 -259.1757 -55.4393 -168.5645 -239.7827 261.3589 153.3252 275.3298 222.5833 28.8452 311.9689 60.2528 -12.0690 115.0185 -55.9952 -188.6318 -301.1497 -133.8844 176.6266 -187.2443 22.5788 -103.3400 -261.1397 191.3561 -204.9323 155.4536 -86.5236 57.1139 103.9086 -47.3586 122.7976 7.5107 18.6993 -57.9450 -56.1549 -107.2665 336.5399 498.5312 52.7469 -291.1701 -154.8647 -214.2457 -103.0301 281.0555 -78.9921 3.0453 361.6956 -167.9603 323.5661 149.5054 51.1644 182.1904 -190.6378 229.5993 -243.4393 -371.2727 45.2885 99.2552 -225.5367 -182.3547 -264.1370 -158.8019 -136.0899 140.4430 -108.9924 -120.9583 -260.8165 190.4395 -34.7764 -58.8913 -302.8190 -8.0936 -38.6711 241.1114 99.6633 -70.8153 -44.8819 -302.3029 -35.5332 292.3268 111.0622 0.7104 433.5835 89.2774 -72.2016 173.4204 -259.3072 -278.5804 -113.6620 253.3229 -307.8815 -50.5570 -36.8050 -4.0564 -134.1099 -341.9181 135.4101 167.6091 -205.3440 325.8295 -209.2350 191.8394 -35.3612 362.8451 3.5998 -60.7891 279.1614 55.1076 -157.5044 291.0506 -208.8948 55.8246 -90.3870 190.8736 54.7320 -223.0326 -73.8804 -44.5392 -294.2146 167.2019 -327.9972 100.5727 18.3359 -112.7848 11.9096 160.8704 128.8704 -174.8221 225.1087 24.1524 278.0737 -192.3075 -91.1771 540.4315 -65.7473 87.2709 -80.7254 45.5466 -174.7738 -87.4184 28.7511 158.9934 -31.4391 21.5146 177.2169 84.6165 -127.1169 283.0225 -319.0269 -36.8855 -53.3797 38.7502 -149.2622 -400.1844 28.5985 149.4933 -317.6705 -227.0836 -190.2911 77.5297 -145.5000 93.8128 16.4214 -243.1255 161.1487 421.2720 -58.2780 191.6257 -93.2297 -201.3494 263.7755 -13.5676 -154.1390 175.2233 -58.9122 62.3587 93.5877 -290.6642 12.1701 -37.3492 -260.2751 -129.3523 132.0728 -119.7445 609.4062 -45.1122 357.6024 -35.8381 -58.5692 -391.9887 -85.5461 97.0596 -23.5085 -195.6756 -36.0981 409.4175 218.1855 57.3986 -14.2031 -95.3177 298.2029 -40.8390 -26.8479 159.3477 125.3791 -66.6637 -242.9157 -239.7837 -98.3262 -76.7684 -157.7669 -309.4911 -79.9707 -143.8307 -192.5947 9.1333 -64.7746 -98.2546 308.9945 124.2160 -16.1739 100.5775 -482.0084 46.5482 91.6016 271.4445 -19.7495 129.9659 70.6300 153.7507 -252.3753 128.5222 191.2684 503.1543 62.6603 51.3188 -504.6636 -121.8717 -147.9198 262.4056 114.4331 -97.4868 -254.3300 -77.6816 -246.7971 270.7308 385.5248 -10.9332 272.9986 301.8658 211.9213 -283.0795 237.1649 160.4599 -105.9917 -1.6967 103.7782 -370.4478 18.4297 -42.3582 151.3056 39.8591 129.7317 191.3953 99.6253 -248.8078 -296.9433 82.6064 -343.7671 102.9353 -303.8581 -88.2839 41.6862 70.1731 103.5749 122.6779 -436.9550 27.7053 -117.9794 -52.3838 -261.5968 -96.1205 -22.5766 197.6362 381.3654 293.0521 152.5913 -163.0113 -56.8067 176.0276 346.8487 8.9722 -64.8018 -35.7944 30.7897
-207.2054 -445.1561 582.2283 1373.2905 11.0399 -837.4110 -1799.6697 -384.7589 -1170.7660 -1664.8660 1815.0765 1064.9050 1912.1936 1545.9266 200.5209 2166.8367 418.2717 -83.8232 798.8044 -389.0751 -1310.2324 -2091.2825 -929.8539 1226.7124 -1300.3278 156.5340 -717.4943 -1813.7108 1329.1566 -1423.2339 1079.7588 -601.1441 396.5607 721.5334 -328.6328 852.6029 52.2725 130.0656 -402.3393 -390.2275 -745.2245 2337.2385 3462.2917 366.4092 -2021.9716 -1075.7336 -1487.7303 -715.4693 1951.8290 -548.3763 21.0097 2511.7510 -1166.6583 2247.1777 1038.4836 355.4808 1265.4490 -1323.8423 1594.5193 -1690.5955 -2578.3669 314.6582 689.4240 -1566.2507 -1266.6024 -1834.5245 -1102.9498 -945.3394 975.3381 -756.9613 -840.3284 -1811.0985 1322.7787 -241.5479 -408.9954 -2103.1501 -56.0069 -268.5288 1674.2303 692.1011 -491.5657 -311.8683 -2099.5017 -246.8588 2030.2520 771.3180 4.6908 3011.2712 620.0312 -501.4686 1204.2701 -1800.9410 -1934.7856 -789.3667 1759.3114 -2137.8843 -351.2110 -255.7059 -28.3668 -931.2430 -2374.4302 940.4348 1163.8110 -1426.1050 2262.7993 -1452.9237 1332.4470 -245.5840 2519.5906 25.0357 -422.2176 1938.6176 382.5985 -1093.9441 2021.3641 -1450.5145 387.5948 -627.5003 1325.6443 380.3731 -1549.1179 -513.5046 -309.2383 -2043.0806 1161.1415 -2278.0120 698.4747 127.4919 -783.1099 82.5717 1117.0031 895.0305 -1214.0355 1563.2200 167.6713 1931.2334 -1335.3999 -633.5885 3753.1545 -456.5578 605.7888 -560.6247 316.3006 -1213.8383 -607.0106 199.5116 1104.1719 -218.3884 149.4048 1230.6605 587.3701 -883.1108 1965.3378 -2215.2241 -256.2024 -370.5736 269.1423 -1036.5635 -2778.8279 198.5623 1038.0696 -2206.1599 -1577.0895 -1321.3723 538.2350 -1010.7281 651.6191 114.1185 -1688.3781 1118.8759 2925.8325 -404.8470 1331.0433 -647.4358 -1398.4548 1831.8258 -94.2501 -1070.3376 1216.8754 -409.0055 433.1370 649.8742 -2018.5103 84.4614 -259.3982 -1807.5046 -898.1635 917.1734 -831.3783 4232.2686 -313.5538 2483.2375 -248.9607 -406.7276 -2722.1479 -594.2449 674.0155 -163.1463 -1359.0349 -250.6227 2843.1895 1515.1783 398.2960 -98.7142 -662.1101 2071.2891 -283.4631 -186.2577 1106.6107 870.5041 -462.9491 -1686.9586 -1665.2700 -685.0847 -532.4940 -1095.5417 -2149.5676 -555.3217 -998.9116 -1337.7190 63.6442 -449.7750 -682.4146 2145.8545 862.5605 -112.5505 698.4095 -3347.3679 323.4169 636.0444 1885.1364 -137.0472 902.6038 490.6973 1067.6241 -1752.6785 892.6781 1328.1895 3494.1179 435.2837 356.4780 -3504.9756 -846.2081 -1027.2307 1822.5066 794.6646 -676.7524 -1766.2830 -539.3163 -1714.0226 1880.3112 2677.2939 -75.8365 1895.9009 2096.5518 1472.0695 -1965.8318 1647.2920 1114.4058 -736.2114 -11.9482 720.8306 -2572.8628 128.0272 -294.2463 1050.7118 276.9094 900.8600 1329.2147 691.6417 -1727.9543 -2062.3992 573.8033 -2387.3772 714.8159 -2110.3564 -613.0696 289.7014 487.1989 719.4246 851.8795 -3034.7488 192.3477 -819.2878 -363.9753 -1816.6285 -667.7120 -156.8407 1372.5363 2648.4897 2035.1304 1059.4673 -1132.1281 -394.3667 1222.5790 2408.5583 62.5372 -450.1790 -248.4259 213.6273
-224.5022 -482.2387 630.7842 1487.8397 12.0005 -907.2425 -1949.6469 -416.8416 -1268.3124 -1803.6848 1966.3713 1153.7582 2071.6294 1674.8165 217.2891 2347.4773 453.1154 -90.8174 865.4608 -421.6054 -1419.3857 -2265.6770 -1007.4185 1329.0358 -1408.7512 169.5723 -777.3751 -1964.9448 1439.9918 -1541.9192 1169.8049 -651.2958 429.6246 781.6942 -356.0298 923.7099 56.6122 140.8803 -435.9275 -422.7998 -807.3981 2532.2507 3750.9375 396.9924 -2190.5986 -1165.3887 -1611.7397 -775.0937 2114.5679 -594.1137 22.7428 2721.1829 -1263.9728 2434.6064 1125.0803 385.1122 1370.9058 -1434.1526 1727.4004 -1831.5812 -2793.2607 340.9335 746.8801 -1696.7698 -1372.1692 -1987.4778 -1194.8989 -1024.1602 1056.5884 -820.0103 -910.4056 -1962.1396 1433.1180 -261.5838 -443.1548 -2278.4741 -60.6407 -290.9464 1813.8170 749.8572 -532.5094 -337.9024 -2274.5278 -267.3895 2199.5776 835.6656 5.0624 3262.2966 671.6790 -543.3325 1304.6638 -1951.1100 -2096.1428 -855.1616 1905.9980 -2316.1257 -380.4737 -277.0269 -30.7588 -1008.8980 -2572.4338 1018.8348 1260.8104 -1545.0439 2451.4595 -1573.9998 1443.5433 -266.0208 2729.6592 27.1146 -457.5027 2100.2419 414.4521 -1185.1581 2189.9111 -1571.4144 419.9335 -679.7832 1436.2162 412.0453 -1678.3291 -556.3192 -335.0413 -2213.4399 1257.9503 -2467.9656 756.7317 138.1844 -848.4162 89.4994 1210.1841 969.6618 -1315.2654 1693.4866 181.6396 2092.3049 -1446.6862 -686.4378 4066.0659 -494.6570 656.2782 -607.3979 342.7182 -1315.0480 -657.5401 216.1077 1196.2147 -236.5841 161.8887 1333.2622 636.3460 -956.7003 2129.1504 -2399.9910 -277.5754 -401.4429 291.5553 -1122.8606 -3010.5684 215.0523 1124.6279 -2390.0410 -1708.6339 -1431.5581 583.0626 -1095.0155 705.9606 123.7449 -1829.1664 1212.1646 3169.7783 -438.6227 1441.9966 -701.3746 -1515.0287 1984.5730 -102.0496 -1159.5703 1318.3503 -443.1760 469.2766 704.0956 -2186.8052 91.4402 -280.9981 -1958.2053 -973.1235 993.6215 -900.7048 4585.1226 -339.6932 2690.2649 -269.6548 -440.6069 -2949.1123 -643.7818 730.1838 -176.7805 -1472.3961 -271.4849 3080.2927 1641.4523 431.4907 -106.9812 -717.3387 2244.0288 -307.0616 -201.8266 1198.8906 943.0271 -501.5799 -1827.6124 -1804.2040 -742.2668 -577.1805 -1186.5732 -2328.8303 -601.6513 -1082.2067 -1449.2922 68.9408 -487.2906 -739.3165 2324.7358 934.4305 -121.9236 756.5925 -3626.4246 350.3517 689.0703 2042.4055 -148.4779 977.9052 531.6550 1156.6339 -1898.7616 967.1744 1438.9319 3785.4348 471.5698 386.2378 -3797.2205 -916.7843 -1112.8821 1974.5306 860.9529 -733.1301 -1913.5201 -584.2780 -1856.9535 2037.1171 2900.4844 -82.2009 2053.9653 2271.3860 1594.7921 -2129.6379 1784.6947 1207.3026 -797.6956 -12.8667 780.9023 -2787.3828 138.6884 -318.7609 1138.2334 300.0215 976.0092 1440.0988 749.3300 -1871.9813 -2234.3496 621.6653 -2586.4678 774.4567 -2286.2964 -664.1777 313.9144 527.8290 779.3971 922.9785 -3287.7810 208.4389 -887.6019 -394.2725 -1968.0770 -723.4567 -169.9371 1486.9834 2869.3237 2204.8201 1147.7999 -1226.5726 -427.2055 1324.4894 2609.3838 67.7793 -487.7812 -269.1590 231.4224
-70.5184 -151.4720 198.1267 467.3094 3.7796 -284.9560 -612.3959 -130.9228 -398.3047 -566.4924 617.5920 362.3160 650.6418 525.9850 68.2508 737.3025 142.2743 -28.5261 271.8318 -132.3871 -445.7686 -711.6219 -316.3849 417.4380 -442.4383 53.2123 -244.1405 -617.1075 452.2552 -484.2993 367.3606 -204.5461 134.9648 245.5300 -111.8121 290.1070 17.7414 44.2688 -136.9362 -132.7620 -253.5878 795.3210 1178.0698 124.6106 -687.9709 -366.0289 -506.1809 -243.4675 664.1302 -186.5871 7.0978 854.6911 -396.9793 764.7086 353.3688 120.9793 430.5978 -450.4295 542.5936 -575.2684 -877.2489 107.1041 234.5791 -532.8876 -430.9983 -624.2498 -375.3100 -321.6974 331.8749 -257.5775 -285.9571 -616.2403 450.1414 -82.1054 -139.1695 -715.5982 -19.0483 -91.4114 569.6468 235.5424 -167.2291 -106.1733 -714.3217 -83.9629 690.8171 262.4021 1.5956 1024.5992 210.9554 -170.6401 409.7622 -612.8206 -658.2898 -268.6367 598.6173 -727.4145 -119.4493 -87.0036 -9.6787 -316.8705 -807.9227 319.9806 395.9888 -485.2380 769.9683 -494.3257 453.4113 -83.5728 857.2839 8.5239 -143.6496 659.6514 130.1546 -372.2319 687.8484 -493.5368 131.8828 -213.4922 451.0724 129.4257 -527.1332 -174.7609 -105.2597 -695.1782 395.0898 -775.1775 237.6980 43.3931 -266.4566 28.1176 380.0656 304.5528 -413.0888 531.8282 57.0611 657.1500 -454.3127 -215.6409 1277.0851 -155.3591 206.1205 -190.7428 107.6745 -412.9812 -206.5777 67.8553 375.6318 -74.2986 50.8276 418.7310 199.8766 -300.4907 668.7261 -753.7530 -87.1114 -126.1042 91.6028 -352.6703 -945.5602 67.5675 353.2251 -750.6756 -536.6331 -449.6536 183.1290 -343.9793 221.7188 38.8888 -574.4845 380.7099 995.5325 -137.7491 452.8941 -220.3019 -475.8255 623.2839 -32.0327 -364.1717 414.0732 -139.1904 147.3887 221.2040 -686.8476 28.6947 -88.2607 -615.0230 -305.6291 312.0922 -282.9067 1440.0594 -106.6691 844.9246 -84.7186 -138.3952 -926.2470 -202.2178 229.3216 -55.5463 -462.4085 -85.2906 967.4427 515.5233 135.5204 -33.6026 -225.3179 704.8063 -96.4068 -63.4154 376.5052 296.1958 -157.5449 -574.0157 -566.6192 -233.1222 -181.2526 -372.7211 -731.0978 -188.9647 -339.9083 -455.1942 21.6665 -153.0176 -232.2727 730.1151 293.5154 -38.3008 237.6324 -1138.9243 110.0864 216.4421 641.4927 -46.6010 307.1446 167.0130 363.2750 -596.3506 303.7743 451.8991 1188.8884 148.1046 121.3301 -1192.6722 -287.9650 -349.5181 620.1955 270.4198 -230.2522 -601.0508 -183.5266 -583.2610 639.8240 910.9495 -25.8201 645.0949 713.3975 500.8911 -668.8539 560.5231 379.2061 -250.5674 -4.0548 245.2591 -875.4450 43.5674 -100.1149 357.4932 94.2931 306.5791 452.2264 235.3688 -587.9556 -701.7633 195.2393 -812.3219 243.2269 -718.0616 -208.5334 98.5439 165.7784 244.8177 289.8876 -1032.5896 65.4613 -278.8089 -123.7918 -618.0980 -227.2409 -53.3844 467.0273 901.2077 692.4576 360.5277 -385.2449 -134.1589 415.9846 819.5253 21.3278 -153.1936 -84.5645 72.6760
-229.9727 -493.9717 646.0955 1523.9124 12.2857 -929.2839 -1996.9138 -426.9670 -1299.0709 -1847.4192 2014.0482 1181.6222 2121.8782 1715.3331 222.5462 2404.4082 464.1046 -92.9933 886.3856 -431.7481 -1453.7933 -2320.5784 -1031.7899 1361.2567 -1442.8376 173.6902 -796.1555 -2012.4714 1474.8491 -1579.2916 1198.1534 -667.0365 440.0397 800.6829 -364.6184 946.0648 58.0159 144.3004 -446.4897 -433.0529 -826.9447 2593.5752 3841.8389 406.6064 -2243.6543 -1193.6650 -1650.7860 -793.9167 2165.7864 -608.4930 23.2553 2787.1260 -1294.6106 2493.6536 1152.3458 394.4421 1404.1266 -1468.9485 1769.2817 -1875.9357 -2861.0457 349.2429 765.0421 -1737.9480 -1405.4064 -2035.5883 -1223.9082 -1048.9984 1082.2478 -839.9316 -932.4440 -2009.6625 1467.8436 -267.9598 -453.8879 -2333.6548 -62.1303 -298.0164 1857.7245 767.9909 -545.4395 -346.0868 -2329.6443 -273.8510 2252.8516 855.8721 5.1773 3341.3669 688.0220 -556.5002 1336.2631 -1998.4075 -2146.8870 -875.9484 1952.1960 -2372.3047 -389.7567 -283.7215 -31.4985 -1033.3372 -2634.7793 1043.5129 1291.3938 -1582.4852 2510.8542 -1612.1526 1478.5220 -272.5313 2795.8501 27.8210 -468.5385 2151.1238 424.4994 -1213.8453 2242.9851 -1609.5188 430.0927 -696.2625 1471.0099 422.0330 -1719.0076 -569.7868 -343.2077 -2267.0188 1288.5090 -2527.7468 775.0565 141.4968 -868.9404 91.6460 1239.5109 993.1752 -1347.1278 1734.5577 186.0866 2142.9929 -1481.7751 -703.0696 4164.6011 -506.6724 672.2161 -622.0886 350.9861 -1346.8854 -673.5468 221.3395 1225.1576 -242.3339 165.7233 1365.5786 651.7980 -979.9041 2180.7854 -2458.0686 -284.2868 -411.1401 298.6139 -1150.0912 -3083.5493 220.2347 1151.9072 -2447.9788 -1749.9807 -1466.2542 597.2315 -1121.6063 723.0767 126.7063 -1873.4980 1241.5428 3246.5530 -449.2631 1476.9568 -718.4123 -1551.7372 2032.6332 -104.5380 -1187.7118 1350.2943 -453.8729 480.6420 721.1781 -2239.8447 93.6685 -287.8056 -2005.6937 -996.6846 1017.7034 -922.5546 4696.2256 -347.9172 2755.4136 -276.2300 -451.3224 -3020.5996 -659.3970 747.8378 -181.0747 -1507.9983 -278.0990 3154.8772 1681.1824 441.9731 -109.5140 -734.7320 2298.3669 -314.5312 -206.6465 1227.9337 965.9264 -513.6992 -1871.9061 -1847.8079 -760.2489 -591.2104 -1215.6229 -2385.3057 -615.9197 -1108.4652 -1484.3549 70.5977 -499.0577 -757.2645 2381.1082 957.1666 -124.8104 774.9244 -3714.3545 358.9094 705.7853 2091.8440 -152.0821 1001.5864 544.6069 1184.6764 -1944.8608 990.5605 1473.8209 3877.2058 482.9781 395.5927 -3889.2449 -938.9960 -1139.8724 2022.3253 881.8576 -750.9403 -1959.9261 -598.4431 -1901.8997 2086.4106 2970.7971 -84.1813 2103.7476 2326.4392 1633.4214 -2181.2732 1827.8853 1236.5564 -816.9402 -13.2617 799.8378 -2854.8967 142.0414 -326.5026 1165.8694 307.2872 999.6334 1474.9504 767.4781 -1917.3374 -2288.4944 636.6892 -2649.1653 793.2020 -2341.7017 -680.2334 321.4436 540.6278 798.3305 945.2316 -3367.4250 213.4669 -909.1022 -403.8026 -2015.7958 -740.9108 -174.0758 1523.0645 2938.8442 2258.1970 1175.5857 -1256.2478 -437.5181 1356.5969 2672.5962 69.3609 -499.5500 -275.7311 237.0736
89.9084 193.1310 -252.6091 -595.7565 -4.8385 363.3068 780.7931 166.9548 507.9287 722.3222 -787.4730 -462.0470 -829.6406 -670.6646 -87.0109 -940.1068 -181.4469 36.3565 -346.5441 168.8486 568.4580 907.3077 403.4330 -532.2338 564.1623 -67.9167 311.3174 786.8555 -576.6732 617.4637 -468.4088 260.8246 -172.0312 -313.0304 142.5549 -369.8851 -22.6473 -56.4152 174.5955 169.3399 323.3540 -1014.0757 -1502.1163 -158.9802 877.2572 466.6821 645.4250 310.3901 -846.7944 237.8922 -9.0923 -1089.7545 506.1586 -974.9698 -450.5395 -154.2393 -548.9579 574.3141 -691.7402 733.4814 1118.5743 -136.5298 -299.0712 679.5327 549.5044 795.9042 478.5026 410.1289 -423.1305 328.3760 364.5680 785.7642 -573.9088 104.7848 177.4908 912.4186 24.3100 116.4758 -726.4012 -300.2652 213.2773 135.2899 910.8835 107.0890 -880.8823 -334.6662 -2.0423 -1306.4406 -269.0181 217.5391 -522.4324 781.3451 839.4463 342.4573 -763.2961 927.5399 152.3562 110.9139 12.3049 403.9890 1030.1179 -408.0428 -504.8990 618.7426 -981.7015 630.3475 -578.0502 106.5138 -1093.1243 -10.8875 183.1861 -841.0905 -165.9545 474.6194 -876.9738 629.3150 -168.1393 272.2385 -575.1497 -165.0483 672.0697 222.8011 134.1855 886.4176 -503.7905 988.3502 -302.9722 -55.3548 339.7550 -35.8028 -484.6391 -388.3063 526.7095 -678.1852 -72.7025 -837.8817 579.3500 274.9072 -1628.3464 198.1373 -262.8159 243.2529 -137.2426 526.6252 263.3271 -86.5302 -479.0283 94.7741 -64.8550 -533.9266 -254.7871 383.1407 -852.6578 961.0411 111.1734 160.7357 -116.7508 449.6648 1205.6396 -86.1376 -450.3999 957.1497 684.2289 573.2954 -233.5253 438.5212 -282.6997 -49.5427 732.5159 -485.3891 -1269.3384 175.6394 -577.4580 280.8559 606.7488 -794.7188 40.9104 464.3604 -527.9459 177.4395 -187.9144 -281.9573 875.7300 -36.6274 112.4941 784.1990 389.6505 -397.8974 360.7087 -1836.2258 136.0225 -1077.3698 107.9948 176.4505 1180.9852 257.8001 -292.4120 70.8384 589.6666 108.7522 -1233.5344 -657.3917 -172.8029 42.8378 287.2509 -898.6537 123.0120 80.8594 -480.1186 -377.6432 200.8484 731.9027 722.5197 297.2408 231.1746 475.3259 932.6197 240.9572 433.6778 580.3879 -27.6217 195.1121 296.0777 -930.9527 -374.1938 48.8232 -302.9949 1452.2584 -140.2852 -275.9505 -817.8844 59.4871 -391.6075 -212.8993 -463.1995 760.3439 -387.3587 -576.2533 -1515.9387 -188.8568 -154.6595 1520.6483 367.1518 445.6800 -790.6933 -344.7662 293.5934 766.2643 233.9781 743.6402 -815.8060 -1161.5696 32.8876 -822.4891 -909.5643 -638.6486 852.8372 -714.6843 -483.5032 319.4270 5.2094 -312.7231 1116.2246 -55.5500 127.6936 -455.8360 -120.1395 -390.8346 -576.7059 -300.1187 749.7006 894.7689 -248.9466 1035.7601 -310.1670 915.5632 265.9537 -125.6620 -211.3829 -312.1380 -369.6459 1316.5646 -83.4747 355.4370 157.9261 788.2001 289.7026 68.0346 -595.4787 -1149.0303 -882.9374 -459.6674 491.1884 171.0493 -530.4563 -1044.9675 -27.1112 195.2744 107.7656 -92.6638
-40.3667 -86.6720 113.3413 267.4159 2.1251 -163.0260 -350.4017 -74.8818 -227.9220 -324.1356 353.3947 207.3591 372.2787 301.0042 39.0648 421.8564 81.4193 -16.3070 155.5812 -75.7491 -255.0721 -407.1500 -181.0497 238.8142 -253.2308 30.4010 -139.7031 -353.1328 258.8232 -277.1250 210.2156 -117.0361 77.1983 140.4821 -63.9344 165.9718 10.1719 25.3488 -78.3455 -75.9923 -145.0940 455.1145 674.0877 71.3228 -393.6694 -209.4212 -289.6350 -139.2858 380.0135 -106.7406 4.0603 489.0815 -227.1452 437.5544 202.1714 69.2037 246.3888 -257.6843 310.4202 -329.1397 -501.9510 61.2433 134.1991 -304.9232 -246.6115 -357.1801 -214.7405 -184.0379 189.9160 -147.3281 -163.6405 -352.6562 257.5093 -47.0312 -79.5904 -409.4839 -10.8914 -52.2743 325.9843 134.7675 -95.6590 -60.7526 -408.8022 -48.0332 395.2873 150.2046 0.9012 586.2540 120.7067 -97.5954 234.4587 -350.6171 -376.7048 -153.6888 342.5348 -416.2028 -68.3843 -49.7958 -5.5320 -181.2628 -462.2666 183.0939 226.5806 -277.6674 440.5391 -282.8669 259.4127 -47.7939 490.4982 4.8513 -82.2327 377.4263 74.5030 -213.0233 393.5344 -282.3874 75.4630 -122.1774 258.1035 74.0939 -301.6336 -99.9875 -60.2408 -397.7832 226.0434 -443.5143 135.9883 24.7873 -152.4194 16.1014 217.4918 174.2655 -236.3253 304.3412 32.6323 375.9767 -259.9657 -123.3551 730.7628 -88.8725 117.8689 -109.1440 61.6294 -236.2955 -118.1649 38.8136 214.9761 -42.5392 29.1035 239.5732 114.3542 -171.9121 382.6378 -431.3149 -49.8546 -72.1393 52.3603 -201.7837 -541.0390 38.6433 202.1487 -429.5634 -307.0501 -257.2822 104.7283 -196.7322 126.8725 22.2237 -328.7186 217.8141 569.6769 -78.8156 259.1116 -126.0079 -272.2612 356.6197 -18.3972 -208.3452 236.8975 -79.6492 84.3191 126.5591 -392.9779 16.4128 -50.5235 -351.9128 -174.8696 178.5635 -161.9005 824.0276 -61.0893 483.4430 -48.4500 -79.1580 -529.8993 -115.7098 131.2337 -31.7896 -264.6190 -48.7633 553.5366 294.9721 77.5191 -19.2488 -128.9013 403.2959 -55.1921 -36.3096 215.4424 169.4848 -90.1252 -328.4482 -324.2485 -133.3941 -103.7052 -213.2730 -418.5212 -108.1144 -194.4577 -260.1667 12.3585 -87.5923 -132.8343 417.7711 167.9192 -21.8973 136.0382 -651.7255 62.9888 123.8266 366.9875 -26.7040 175.7135 95.5326 207.8872 -341.1785 173.8358 258.5970 680.2533 84.7321 69.4158 -682.4069 -164.7546 -200.0360 354.8996 154.7104 -131.7883 -343.8684 -105.0045 -333.6975 366.1050 521.2464 -14.7541 369.1459 408.1514 286.6218 -382.7259 320.7273 216.9551 -143.3725 -2.2798 140.3648 -500.9092 24.8995 -57.2794 204.5386 53.8846 175.3922 258.7857 134.6371 -336.4559 -401.4835 111.7307 -464.7836 139.2102 -410.8642 -119.3856 56.3902 94.8452 140.0510 165.9146 -590.8240 37.4625 -159.5212 -70.8463 -353.7171 -130.0025 -30.5373 267.2294 515.6509 396.2239 206.2445 -220.4072 -76.8124 238.0113 468.9327 12.2164 -87.6993 -48.3783 41.5684
-396.8214 -852.3829 1114.7930 2629.4272 21.2072 -1603.4553 -3445.6765 -736.7900 -2241.5488 -3187.6680 3475.2654 2038.9697 3661.2798 2959.8596 384.0291 4148.8296 800.8141 -160.4846 1529.5085 -745.0461 -2508.6040 -4004.1604 -1780.4210 2348.8145 -2489.6709 299.6524 -1373.8142 -3472.6179 2544.9517 -2725.0066 2067.4526 -1151.0475 759.2638 1381.5665 -629.1448 1632.3661 100.0633 249.0128 -770.4103 -747.2481 -1426.9452 4475.2910 6629.1201 701.5560 -3871.4834 -2059.6470 -2848.4480 -1369.8947 3737.0796 -1049.9441 40.1643 4809.2534 -2233.8481 4302.6514 1988.3020 680.6484 2422.7656 -2534.6523 3052.9426 -3236.9778 -4936.6812 602.5645 1320.0690 -2998.8323 -2425.0989 -3512.4932 -2111.7686 -1810.0731 1867.4006 -1449.2632 -1608.9471 -3467.6143 2532.8010 -462.3851 -783.1757 -4026.7822 -107.1501 -514.1574 3205.4846 1325.2406 -941.1997 -597.1550 -4019.8650 -472.5635 3887.3271 1476.8317 8.8816 5765.4746 1187.1755 -960.2514 2305.7112 -3448.2739 -3704.4900 -1511.3695 3368.4839 -4093.3701 -672.4806 -489.5679 -54.3976 -1782.9432 -4546.2271 1800.6641 2228.2793 -2730.5803 4332.5181 -2781.8103 2551.1921 -470.1937 4824.1304 47.9390 -808.5013 3711.7969 732.5507 -2094.6208 3870.2571 -2777.2266 742.1126 -1201.3527 2538.2334 728.2585 -2966.1272 -983.2665 -592.1752 -3911.7986 2223.2610 -4361.6611 1337.3809 244.1598 -1499.3610 158.1188 2138.7197 1713.7764 -2324.4426 2992.9568 321.1140 3697.7993 -2556.8047 -1213.1851 7186.0737 -874.2347 1159.9028 -1073.4102 605.6727 -2324.1394 -1162.2191 381.9398 2114.1099 -418.1433 286.0234 2356.3457 1124.5813 -1690.8787 3762.9238 -4241.4282 -490.5057 -709.4941 515.3469 -1984.5631 -5320.6045 380.1084 1987.6049 -4224.0190 -3019.6836 -2530.0010 1030.5164 -1935.2139 1247.6268 218.6738 -3232.6782 2142.2314 5601.9688 -775.1651 2548.5054 -1239.6387 -2677.5688 3507.3674 -180.4173 -2049.3550 2329.9673 -783.1652 829.3438 1244.4346 -3864.8115 161.6135 -496.5853 -3460.7871 -1719.7612 1756.0684 -1591.9266 8103.3770 -600.4588 4754.5464 -476.6838 -778.6912 -5211.9883 -1137.7400 1290.4821 -312.4431 -2602.0791 -479.8381 5443.7988 2900.9792 762.5372 -188.9991 -1267.7783 3965.9146 -542.7763 -356.6340 2118.7505 1666.6357 -886.4316 -3229.9973 -3188.4519 -1311.7412 -1020.1131 -2097.6294 -4115.8213 -1063.2850 -1912.6320 -2561.3196 122.2050 -861.1136 -1306.6698 4108.5674 1651.5018 -215.4120 1337.2433 -6409.1353 619.2878 1217.7710 3609.5142 -262.4112 1728.2794 939.6627 2044.1943 -3355.7908 1709.2488 2543.0476 6690.0566 833.3813 682.5529 -6710.9292 -1620.2623 -1966.8237 3489.5876 1521.5604 -1295.7135 -3381.8657 -1032.6165 -3281.7910 3600.1860 5126.2031 -145.2665 3630.0288 4014.2205 2818.5237 -3763.8232 3154.0515 2133.7271 -1409.7649 -22.8094 1380.0984 -4926.1963 245.1251 -563.3964 2011.6370 530.2396 1724.8688 2545.1038 1324.3586 -3308.4006 -3948.8459 1098.5968 -4571.1025 1368.7267 -4040.6296 -1173.7504 554.6206 932.8049 1377.5112 1631.1211 -5810.4844 368.3348 -1568.6943 -696.8358 -3478.2761 -1278.4536 -300.2834 2628.0059 5071.0493 3896.5759 2028.5477 -2167.7114 -754.9816 2340.8247 4611.5454 119.8038 -861.9752 -475.6539 409.0417
139.4720 299.5931 -391.8059 -924.1840 -7.4684 563.5781 1211.1105 258.9512 787.8870 1120.3673 -1221.4827 -716.7098 -1286.9131 -1040.3473 -134.9745 -1458.2192 -281.4451 56.3853 -537.5676 261.9005 881.7475 1407.3605 625.8008 -825.5424 875.0844 -105.3219 482.8538 1220.5615 -894.4572 957.7998 -726.5981 404.5477 -266.8892 -485.5919 221.1756 -573.7543 -35.1771 -87.5052 270.7630 262.6096 501.5420 -1572.9883 -2330.0046 -246.6035 1360.7590 723.8615 1001.1880 481.4754 -1313.4861 369.0040 -14.1385 -1690.3638 785.1926 -1512.3512 -698.9000 -239.2469 -851.5521 890.8692 -1073.0519 1137.7072 1735.1841 -211.8018 -463.9832 1054.0360 852.3788 1234.5426 742.2245 636.2133 -656.3539 509.4149 565.4737 1218.8184 -890.2259 162.5101 275.3009 1415.3804 37.6549 180.7428 -1126.6754 -465.8031 330.8163 209.8530 1412.8910 166.1582 -1366.3435 -519.0597 -3.1191 -2026.4910 -417.2791 337.4731 -810.4568 1211.9893 1302.0609 531.2070 -1183.9730 1438.7444 236.3703 172.0765 19.1045 626.6696 1597.9097 -632.8506 -783.1768 959.7570 -1522.7854 977.7452 -896.6729 165.2833 -1695.6045 -16.8491 284.1873 -1304.6351 -257.4507 736.2079 -1360.3213 976.1919 -260.8136 422.2453 -892.1724 -255.9875 1042.5291 345.6535 208.1356 1374.9464 -781.4939 1533.0344 -470.0843 -85.7660 527.0200 -55.5813 -751.7832 -602.3732 816.9889 -1051.9657 -112.8124 -1299.7267 898.6589 426.4052 -2525.7563 307.2542 -407.7207 377.2743 -212.8872 816.8606 408.4783 -134.2243 -743.0724 146.9903 -100.5458 -828.1956 -395.2849 594.2904 -1322.6675 1490.7811 172.4293 249.3661 -181.1450 697.5587 1870.1285 -133.5910 -698.5961 1484.6964 1061.3735 889.2999 -362.2631 680.2061 -438.5610 -76.8100 1136.2583 -752.9795 -1968.9828 272.4481 -895.7488 435.6929 941.0878 -1232.7538 63.3471 720.3093 -818.8968 275.2621 -291.4784 -437.3838 1358.3888 -56.8074 174.5316 1216.4036 604.4587 -617.2162 559.5527 -2848.2065 211.0366 -1671.1753 167.5620 273.7079 1831.8755 399.9003 -453.5769 109.8326 914.5687 168.6309 -1913.4043 -1019.6166 -268.0154 66.4573 445.6404 -1393.9608 190.7330 125.3373 -744.6970 -585.7859 311.5638 1135.2954 1120.6779 461.0800 358.5674 737.2561 1446.6439 373.7203 672.2296 900.2456 -42.8492 302.9893 459.2696 -1444.0928 -580.4819 75.6536 -469.9767 2252.6902 -217.6762 -428.0596 -1268.6746 92.2245 -607.4420 -330.2615 -718.4877 1179.4401 -600.8070 -893.8467 -2351.4810 -292.9353 -239.9301 2358.7932 569.4831 691.3246 -1226.4951 -534.8230 455.4443 1188.6522 362.9289 1153.5250 -1265.4327 -1801.7354 51.0891 -1275.8716 -1410.9119 -990.6622 1322.9083 -1108.5856 -749.9095 495.4989 7.9989 -485.0830 1731.4684 -86.1342 198.0653 -707.1021 -186.3406 -606.2821 -894.5643 -465.4920 1162.8702 1387.9734 -386.1830 1606.6447 -481.0681 1420.2310 412.5152 -194.9511 -327.9022 -484.2523 -573.2927 2042.2772 -129.4438 551.3602 244.9408 1222.5454 449.3743 105.5774 -923.7012 -1782.3722 -1369.5204 -712.9612 761.8909 265.3577 -822.7742 -1620.8599 -42.0440 302.9958 167.1413 -143.7742
281.9285 605.5406 -792.1104 -1868.2213 -15.0712 1139.2860 2448.2200 523.4379 1592.6385 2264.8208 -2469.2231 -1448.7720 -2601.3652 -2103.0530 -272.8416 -2947.7524 -568.9620 114.0593 -1086.7603 529.3958 1782.3550 2845.0105 1265.0627 -1668.8721 1768.9169 -212.9207 976.1083 2467.2739 -1808.2041 1936.1349 -1468.8940 817.7939 -539.4501 -981.5795 447.0235 -1159.8802 -71.1544 -176.9813 547.4302 530.9435 1013.8114 -3179.7532 -4710.0508 -498.4247 2750.6890 1463.3920 2023.8644 973.2729 -2655.1882 745.9557 -28.5545 -3416.9839 1587.1462 -3057.0703 -1412.6979 -483.5706 -1721.4567 1800.9014 -2169.0745 2299.9451 3507.5166 -428.1428 -937.9299 2130.6619 1723.0272 2495.6707 1500.4501 1286.0084 -1326.7723 1029.7225 1143.1482 2463.8196 -1799.5846 328.5165 556.4417 2861.0764 76.1428 365.2890 -2277.5383 -941.5834 668.7646 424.2921 2856.1785 335.7831 -2762.0056 -1049.3328 -6.3609 -4096.4883 -843.4671 682.1929 -1638.3077 2450.0103 2632.1260 1073.8287 -2393.3694 2908.3669 477.8241 347.8294 38.6299 1266.8228 3230.1589 -1279.4396 -1583.1982 1940.1094 -3078.2754 1976.5612 -1812.6447 334.0791 -3427.6416 -34.0939 574.4805 -2637.2756 -520.5073 1488.1927 -2749.8237 1973.2551 -527.2559 853.5991 -1803.4689 -517.4572 2107.4561 698.6071 420.7244 2779.3679 -1579.6501 3099.0154 -950.1641 -173.5423 1065.3170 -112.3970 -1519.5936 -1217.6312 1651.5472 -2126.5576 -228.1056 -2627.3308 1816.6656 861.8870 -5105.7896 621.1161 -824.1058 762.6697 -430.3405 1651.2906 825.7006 -271.3235 -1502.0868 297.1052 -203.2996 -1674.2280 -798.9980 1201.4147 -2673.6057 3013.5820 348.5605 504.0987 -366.1207 1410.0394 3780.3311 -270.0536 -1412.2131 3001.2229 2145.4978 1797.5765 -732.1882 1374.9631 -886.4827 -155.3734 2296.8032 -1522.0898 -3980.2729 550.7708 -1810.7307 880.7443 1902.4595 -2491.9971 128.2192 1456.0634 -1655.4562 556.4692 -589.2598 -884.1287 2745.9678 -114.8497 352.7955 2458.8845 1221.8540 -1247.6964 1131.0295 -5757.5000 426.6468 -3378.1321 338.7065 553.2895 3703.1868 808.3735 -916.9576 221.9958 1848.8086 340.9561 -3867.8687 -2061.1816 -541.7880 134.2850 900.7559 -2817.8047 385.5940 253.4424 -1505.3895 -1184.1310 629.8140 2294.9438 2265.4075 932.0308 724.7878 1490.3938 2924.2881 755.4697 1358.9331 1819.8490 -86.6136 611.8832 928.6412 -2919.2051 -1173.4060 153.0817 -950.0965 4553.7026 -439.9599 -865.2184 -2564.6160 186.4391 -1227.9608 -667.5706 -1452.4371 2384.2786 -1214.4906 -1806.8501 -4753.3276 -592.1288 -484.9716 4768.2065 1151.2336 1397.4288 -2479.3262 -1081.0464 920.6160 2402.7661 733.7039 2331.7668 -2557.9744 -3642.2021 103.1910 -2579.1855 -2852.1392 -2002.6564 2674.2410 -2241.0481 -1516.0042 1001.6145 16.2115 -980.5425 3500.0774 -174.1047 400.3220 -1429.3269 -376.6922 -1225.5892 -1808.3541 -940.9722 2350.6638 2805.6460 -780.6291 3247.8147 -972.4652 2870.9375 833.9782 -394.0530 -662.7676 -978.7166 -1159.0011 4128.4570 -261.7056 1114.5305 495.1410 2471.3232 908.3453 213.3886 -1867.2367 -3603.0330 -2768.5537 -1441.2504 1540.2455 536.4664 -1663.1887 -3276.5730 -85.0156 612.4649 337.9601 -290.6120
-82.6392 -177.4517 232.0465 547.2893 4.4060 -333.7238 -717.2125 -153.3539 -466.5395 -663.4695 723.3301 424.4596 762.0159 616.0967 79.9195 863.4673 166.6880 -33.4147 318.3331 -155.1019 -522.1254 -833.4745 -370.6061 488.8877 -518.2170 62.4038 -285.9819 -722.8261 529.7265 -567.1714 430.2688 -239.6082 158.0169 287.5557 -130.9243 339.7728 20.8509 51.7909 -160.3779 -155.5433 -296.9846 931.4909 1379.7806 146.0519 -805.8029 -428.7127 -592.8892 -285.1346 777.8909 -218.5281 8.3760 1000.9800 -464.9729 895.5908 413.8425 141.6243 504.2774 -527.5734 635.4066 -673.7303 -1027.4615 125.3677 274.7686 -624.1747 -504.7390 -731.1051 -439.5265 -376.7759 388.6458 -301.6606 -334.8719 -721.7393 527.1731 -96.2146 -163.0022 -838.1025 -22.2770 -107.0279 667.1916 275.8111 -195.9041 -124.2715 -836.7049 -98.3544 809.1155 307.3893 1.8622 1200.0164 247.0725 -199.8652 479.9300 -717.7484 -771.1160 -314.5299 701.1292 -851.9852 -139.9577 -101.9209 -11.2846 -371.0922 -946.2573 374.7882 463.7917 -568.3662 901.7591 -579.0152 530.9896 -97.8503 1004.0726 9.9470 -168.3379 772.5880 152.4565 -435.9963 805.5123 -578.0615 154.4712 -250.0045 528.3054 151.5997 -617.3699 -204.6346 -123.2983 -814.1801 462.7509 -907.8597 278.3412 50.8142 -312.0805 32.8994 445.1435 356.6909 -483.8669 622.9408 66.7847 769.6136 -532.1586 -252.4796 1495.7329 -181.9781 241.3925 -223.4521 126.0787 -483.7404 -241.9002 79.5153 440.0338 -87.0695 59.5569 490.4272 234.0850 -351.8917 783.2371 -882.7821 -102.1232 -147.6594 107.2402 -413.0431 -1107.4547 79.1315 413.7144 -879.1908 -628.5286 -526.5927 214.4944 -402.7712 259.6483 45.5060 -672.8682 445.9398 1165.9822 -161.3418 530.4406 -258.0285 -557.2856 730.0175 -37.5234 -426.4964 484.9433 -163.0251 172.5956 258.9726 -804.4070 33.6668 -103.3785 -720.3005 -357.9792 365.5141 -331.2966 1686.5953 -124.9846 989.6131 -99.2049 -162.1271 -1084.8094 -236.8436 268.6042 -65.0206 -541.6085 -99.8394 1133.0319 603.7914 158.7193 -39.3406 -263.8744 825.4307 -112.9542 -74.2474 440.9830 346.9042 -184.4359 -672.3075 -663.7004 -273.0184 -212.3075 -436.5752 -856.6797 -221.2876 -398.1137 -533.1116 25.3684 -179.2498 -271.9313 855.4308 343.7304 -44.8081 278.3189 -1333.9902 128.9118 253.4175 751.2753 -54.6450 359.7029 195.5752 425.4907 -698.4196 355.7816 529.3429 1392.4943 173.4543 142.0999 -1396.8524 -337.2371 -409.3953 726.2943 316.7007 -269.7049 -703.8934 -214.8967 -683.0747 749.3293 1066.9462 -30.2392 755.5214 835.4934 586.6665 -783.3854 656.4841 444.1010 -293.4572 -4.7834 287.2481 -1025.3016 50.9840 -117.2552 418.7318 110.3720 359.0312 529.7448 275.7107 -688.5753 -821.8976 228.6795 -951.4380 284.8872 -841.0194 -244.3763 115.4419 194.2007 286.6959 339.5125 -1209.3289 76.6817 -326.5024 -145.0082 -723.9911 -266.1171 -62.4971 546.9957 1055.4406 811.0285 422.2118 -451.1722 -157.1530 487.2413 959.8814 24.8610 -179.4200 -99.0426 85.1421
65.7876 141.1979 -184.7540 -435.7463 -3.4752 265.7427 570.9854 122.0882 371.4376 528.1797 -575.8527 -337.9000 -606.6829 -490.4817 -63.5932 -687.4858 -132.6945 26.5596 -253.4354 123.4792 415.6789 663.5602 295.0392 -389.2156 412.5844 -49.6145 227.6578 575.4117 -421.6991 451.6109 -342.5557 190.7281 -125.8515 -228.9341 104.2641 -270.5232 -16.5894 -41.2717 127.6559 123.8478 236.4310 -741.6713 -1098.5093 -116.2319 641.5214 341.2923 472.0267 227.0103 -619.2842 173.9735 -6.6301 -796.9106 370.1899 -713.0103 -329.4461 -112.7924 -401.5213 419.9695 -505.9178 536.4070 818.0604 -99.8458 -218.7272 496.8957 401.8868 582.0740 349.9341 299.9405 -309.4664 240.1895 266.6168 574.6446 -419.6987 76.6183 129.7633 667.2798 17.7751 85.2120 -531.1956 -219.6122 155.9612 98.9554 666.1464 78.2471 -644.1790 -244.7506 -1.4720 -955.3001 -196.6729 159.0949 -382.1436 571.3856 613.8754 250.4568 -558.1945 678.3207 111.4289 81.0975 9.0448 295.4473 753.3281 -298.3578 -369.2726 452.4584 -717.9084 460.9502 -422.7832 77.9397 -799.3907 -7.9282 133.9899 -615.0811 -121.3590 347.1122 -641.3231 460.2311 -122.9813 199.0851 -420.6292 -120.6664 491.5196 162.9425 98.1440 648.2334 -368.3595 722.7208 -221.5662 -40.4749 248.4668 -26.2679 -354.4284 -284.0238 385.2064 -495.9305 -53.2442 -612.7635 423.7004 201.0049 -1190.7980 144.8549 -192.2478 177.8389 -100.3909 385.0844 192.5749 -63.2934 -350.3426 69.2632 -47.4364 -390.4603 -186.4031 280.1312 -623.6063 702.8244 81.2806 117.5686 -85.4000 328.8432 881.7274 -62.9770 -329.3865 699.9429 500.3645 419.2485 -170.7759 320.6836 -206.7067 -36.2265 535.7225 -354.9523 -928.2827 128.4059 -422.2675 205.3964 443.6477 -581.2067 29.8673 339.6217 -386.0936 129.8077 -137.4538 -206.2273 640.4271 -26.7722 82.2869 573.4991 284.9452 -290.9934 263.8128 -1342.7621 99.4816 -787.8649 78.9825 129.0311 863.6686 188.5492 -213.8472 51.7636 431.2258 79.4664 -902.1183 -480.7072 -126.3823 31.3356 210.0627 -657.1954 89.9672 59.0997 -351.0888 -276.1704 146.9099 535.2551 528.4080 217.3461 169.0352 347.6119 682.0370 176.2153 316.9522 424.4036 -20.1622 142.7128 216.4861 -680.8419 -273.3352 35.6871 -221.5924 1062.0546 -102.6208 -201.7754 -598.1634 43.4894 -286.3931 -155.7119 -338.7377 556.0860 -283.2408 -421.3910 -1108.6279 -138.1435 -113.0825 1112.0906 268.5013 325.9352 -578.2381 -252.1317 214.7270 560.3783 171.1420 543.7853 -596.5715 -849.4661 24.0810 -601.5135 -665.2136 -467.0237 623.6838 -522.6671 -353.5723 233.6375 3.7880 -228.6788 816.2747 -40.5911 93.3653 -333.3728 -87.8645 -285.8642 -421.7263 -219.4630 548.2331 654.2966 -182.0634 757.4269 -226.8628 669.5748 194.4855 -91.8839 -154.5996 -228.2537 -270.2711 962.8323 -61.0307 259.9407 115.4178 576.3612 211.8460 49.7194 -435.4471 -840.2892 -645.6868 -336.1795 359.2163 125.1279 -387.8806 -764.1682 -19.8680 142.8827 78.8372 -67.8317
-71.2215 -153.0246 200.1741 472.1705 3.7860 -287.9490 -618.7191 -132.2984 -402.4922 -572.4138 624.0562 366.0826 657.4212 531.4864 68.9429 744.9781 143.7780 -28.7887 274.5946 -133.7856 -450.4785 -719.0087 -319.7255 421.7841 -447.0831 53.7494 -246.6647 -623.5173 456.9746 -489.3589 371.2264 -206.6684 136.3428 248.0998 -112.9868 293.1198 17.9706 44.7125 -138.3152 -134.2141 -256.2259 803.5627 1190.4078 125.9676 -695.1692 -369.8610 -511.5096 -245.9831 671.0468 -188.5619 7.1844 863.5597 -401.1169 772.6054 357.0755 122.2203 435.0887 -455.1568 548.2243 -581.2807 -886.4717 108.2065 237.0542 -538.4956 -435.5283 -630.7440 -379.2370 -325.0622 335.3539 -260.2583 -288.8980 -622.6702 454.8032 -83.0252 -140.6125 -723.1027 -19.2395 -92.3342 575.6094 237.9841 -168.9733 -107.2495 -721.8296 -84.8402 698.0576 265.1707 1.5769 1035.2980 213.1600 -172.4227 414.0589 -619.2203 -665.2178 -271.3950 604.8450 -735.0196 -120.7684 -87.9063 -9.7593 -320.1719 -816.3583 323.3708 400.1203 -490.3013 777.9881 -499.5305 458.1382 -84.4182 866.2761 8.5956 -145.1472 666.5344 131.5741 -376.0846 695.0099 -498.7344 133.3056 -215.7753 455.7755 130.7845 -532.6598 -176.5979 -106.2980 -702.4525 399.2160 -783.1664 240.1429 43.8423 -269.2853 28.3912 384.0580 307.7485 -417.3853 537.4816 57.6724 664.0136 -459.1338 -217.8502 1290.3551 -156.9536 208.3251 -192.7226 108.7720 -417.3378 -208.6958 68.5876 379.6441 -75.0779 51.3566 423.1424 201.9478 -303.5988 675.7215 -761.5897 -88.0613 -127.4041 92.5202 -356.3497 -955.4261 68.2550 356.8951 -758.5110 -542.2010 -454.3195 185.0555 -347.5438 224.0518 39.1906 -580.5036 384.6862 1005.9385 -139.1887 457.6529 -222.6222 -480.8042 629.8601 -32.3794 -367.9719 418.3880 -140.6073 148.9108 223.4542 -694.0261 29.0233 -89.1626 -621.4442 -308.8126 315.3179 -285.8037 1455.0970 -107.7997 853.8107 -85.5953 -139.8218 -935.8907 -204.2906 231.7505 -56.1018 -467.2429 -86.1921 977.5392 520.9221 136.9615 -33.9360 -227.6538 712.1758 -97.4759 -64.0422 380.4841 299.2799 -159.1703 -580.0197 -572.5363 -235.5664 -183.1968 -376.6617 -739.0219 -190.9308 -343.4216 -459.9088 21.8837 -154.6667 -234.6388 737.8015 296.5901 -38.3656 240.0913 -1150.8644 111.2037 218.6607 648.1261 -47.1353 310.3633 168.7044 367.0842 -602.6134 306.9392 456.5964 1201.2834 149.6365 122.5556 -1205.0751 -290.9599 -353.2070 626.5919 273.2226 -232.6516 -607.2820 -185.4724 -589.3252 646.4706 920.5249 -26.0826 651.8144 720.8328 506.1609 -675.8824 566.3845 383.1262 -253.1292 -4.1217 247.8260 -884.5979 44.0008 -101.1720 361.2421 95.2354 309.7560 457.0208 237.7768 -594.1436 -709.0810 197.2836 -820.8495 245.7602 -725.5527 -210.7672 99.6372 167.5067 247.3356 292.8723 -1043.3776 66.0996 -281.6610 -125.1519 -624.6111 -229.5432 -53.9575 471.9269 910.6200 699.6945 364.2843 -389.2614 -135.5582 420.3633 828.1238 21.5151 -154.7396 -85.4454 73.4765
-174.7025 -375.2361 490.8372 1157.7430 9.3351 -706.0187 -1517.1283 -324.4205 -986.9177 -1403.5612 1530.1300 897.7827 1612.0869 1303.2280 169.1213 1826.7035 352.6221 -70.6860 673.4198 -328.1165 -1104.5724 -1763.0366 -783.9318 1034.1240 -1096.2463 132.0139 -604.9111 -1528.9921 1120.5588 -1199.8417 910.2490 -506.7918 334.3221 608.2754 -277.0237 718.7238 44.0504 109.6413 -339.2137 -328.9954 -628.2602 1970.4514 2918.8601 308.8736 -1704.6160 -906.8751 -1254.1691 -603.1831 1645.4440 -462.2575 17.7109 2117.5730 -983.5493 1894.5502 875.4709 299.7114 1066.7610 -1116.0255 1344.1987 -1425.2645 -2173.6282 265.3216 581.2367 -1320.3333 -1067.7400 -1546.5706 -929.8185 -796.9785 822.2321 -638.1214 -708.4536 -1526.8163 1115.2045 -203.5805 -344.8578 -1772.9840 -47.1718 -226.3380 1411.4329 583.5075 -414.4665 -262.9179 -1769.9463 -208.0988 1711.5559 650.2435 3.9275 2538.5576 522.7133 -422.7312 1015.2189 -1518.3096 -1631.1222 -665.4330 1483.1503 -1802.3154 -296.0731 -215.5506 -23.9438 -785.0464 -2001.7506 792.8047 981.1168 -1202.2777 1907.6024 -1224.8497 1123.2762 -207.0830 2124.0845 21.1597 -355.9633 1634.3740 322.4949 -922.2382 1704.0641 -1222.8134 326.7496 -528.9289 1117.5668 320.6566 -1305.9956 -432.9198 -260.7440 -1722.3849 978.8869 -1920.4623 588.8472 107.5415 -660.1721 69.6672 941.7234 754.5646 -1023.5126 1317.8003 141.3625 1628.1262 -1125.7860 -534.1302 3164.0679 -384.8672 510.6962 -472.6213 266.6593 -1023.2962 -511.6982 168.1489 930.8337 -184.0979 125.9701 1037.5135 495.1759 -744.4628 1656.8098 -1867.5067 -215.9659 -312.3892 226.8946 -873.8206 -2342.6953 167.3704 875.1251 -1859.8727 -1329.5836 -1113.9502 453.7658 -852.0386 549.3380 96.2824 -1423.3668 943.2586 2466.5447 -341.3419 1122.0896 -545.8288 -1178.9342 1544.2711 -79.4410 -902.2878 1025.8674 -344.8343 365.1384 547.8818 -1701.6997 71.1541 -218.6342 -1523.7942 -757.2330 773.2048 -700.8930 3567.9683 -264.3413 2093.4507 -209.8641 -342.8408 -2294.8232 -500.9858 568.2733 -137.5851 -1145.7075 -211.2593 2396.9231 1277.2996 335.7549 -83.2087 -558.1339 1746.1449 -238.9721 -157.0466 932.8869 733.8337 -390.2786 -1422.1476 -1403.8882 -577.5625 -449.1543 -923.6055 -1812.1617 -468.1772 -842.1605 -1127.7708 53.7060 -379.1476 -575.2968 1809.0144 727.1586 -94.8763 589.0533 -2821.9534 272.6360 536.2056 1589.2367 -115.5175 760.9736 413.7170 900.0590 -1477.5581 752.5875 1119.7167 2945.6365 366.9483 300.5562 -2954.8459 -713.4160 -865.9788 1536.4467 669.9398 -570.4887 -1489.0494 -454.6709 -1445.0111 1585.1531 2257.0505 -63.9656 1598.3550 1767.5225 1241.0497 -1657.1925 1388.7386 939.4647 -620.7677 -10.0825 607.6370 -2169.0334 107.9245 -248.0553 885.7998 233.4579 759.4684 1120.6473 583.0872 -1456.7032 -1738.7159 483.7266 -2012.6785 602.6603 -1779.1085 -516.8344 244.1729 410.7364 606.5465 718.2047 -2558.3704 162.2220 -690.7161 -306.8767 -1531.5081 -562.9258 -132.2484 1157.0975 2232.7754 1715.6707 893.1889 -954.4330 -332.4499 1030.6390 2030.4872 52.6832 -379.4708 -209.4255 180.1066
32.4165 69.6268 -91.0536 -214.8432 -1.7304 131.0005 281.4745 60.1917 183.1374 260.3738 -283.9393 -166.5604 -299.0940 -241.8093 -31.3763 -338.8966 -65.4136 13.1263 -124.9073 60.8989 204.9422 327.1224 145.4639 -191.9061 203.3862 -24.4720 112.2090 283.6930 -207.9100 222.6127 -168.8907 94.0481 -62.0411 -112.8643 51.4287 -133.3110 -8.1646 -20.3228 62.9012 61.0348 116.5747 -365.5897 -541.5722 -57.3614 316.2694 168.2545 232.7237 111.9190 -305.3148 85.8184 -3.2850 -392.8878 182.5123 -351.4926 -162.4673 -55.6044 -197.8846 207.0775 -249.4157 264.4365 403.3430 -49.2138 -107.8808 245.0049 198.1221 286.9146 172.5071 147.8904 -152.5431 118.4186 131.3827 283.2800 -206.9009 37.7637 63.9521 328.9731 8.7312 41.9800 -261.9026 -108.2434 76.9025 48.7975 328.3907 38.5912 -317.5663 -120.6167 -0.6965 -471.0204 -96.9835 78.4719 -188.4123 281.7100 302.6538 123.4544 -275.2054 334.4007 54.9064 40.0229 4.3855 145.6580 371.4092 -147.0992 -182.0538 223.0738 -353.9184 227.2393 -208.4406 38.3929 -394.1240 -3.9027 66.0798 -303.2480 -59.8428 171.1336 -316.2050 226.9351 -60.6505 98.1630 -207.3596 -59.4793 242.3833 80.3409 48.3820 319.6134 -181.6666 356.2899 -109.2667 -19.9194 122.5467 -12.9247 -174.6992 -140.0344 189.9176 -244.5137 -26.1932 -302.0828 208.8826 99.0950 -587.0189 71.4045 -94.7707 87.6780 -49.4586 189.8333 94.9626 -31.2030 -172.7333 34.1611 -23.4174 -192.4795 -91.8536 138.1232 -307.4473 346.4890 40.0929 57.9604 -42.1207 162.1711 434.6550 -31.0175 -162.3419 345.0825 246.7119 206.7108 -84.1989 158.0812 -101.9721 -17.8109 264.1188 -175.0290 -457.7097 63.3247 -208.2230 101.2865 218.7236 -286.5536 14.7859 167.4189 -190.3034 63.9799 -67.7613 -101.6259 315.7353 -13.2452 40.5875 282.7484 140.5258 -143.4589 130.0114 -662.0056 49.0601 -388.4745 38.9230 63.6057 425.7735 92.9701 -105.3981 25.5047 212.5777 39.2488 -444.7196 -237.0137 -62.2860 15.4412 103.5958 -323.9859 44.2834 29.1343 -173.1269 -136.1509 72.3839 263.8282 260.4788 107.1743 83.3696 171.3582 336.2248 86.8039 156.2759 209.2536 -9.9808 70.3868 106.7344 -335.6256 -134.9363 17.5966 -109.2308 523.8889 -50.5932 -99.4732 -294.8923 21.4685 -141.1616 -76.7233 -166.9689 274.1606 -139.6463 -207.7728 -546.5725 -68.0923 -55.7501 548.2411 132.3962 160.7252 -285.0706 -124.2960 105.8345 276.2941 84.3712 268.1120 -294.1432 -418.7976 11.8782 -296.5757 -327.9225 -230.2877 307.4756 -257.6706 -174.2720 115.1256 1.8006 -112.7969 402.4395 -20.0765 46.0193 -164.3660 -43.2929 -140.8937 -207.9114 -108.2190 270.2451 322.5931 -89.7601 373.4350 -111.8126 330.0904 95.9728 -45.3912 -76.1762 -112.5587 -133.2211 474.6911 -30.1002 128.1370 56.9235 284.1899 104.4742 24.5268 -214.7058 -414.2726 -318.2849 -165.7366 177.0798 61.6899 -191.2574 -376.7460 -9.7710 70.4053 38.8566 -33.4121
117.4650 252.3534 -330.0211 -778.4672 -6.2799 474.7330 1020.1840 218.1640 663.6823 943.7498 -1028.8994 -603.6909 -1083.9503 -876.3339 -113.6815 -1228.3619 -237.0756 47.5088 -452.8264 220.5545 742.7582 1185.4768 527.1440 -695.3757 737.1033 -88.7510 406.7433 1028.1178 -753.4238 806.7955 -612.1206 340.7948 -224.7676 -409.0528 186.2378 -483.3637 -29.6884 -73.7133 228.0971 221.2051 422.4259 -1324.9681 -1962.6876 -207.7417 1146.2186 609.7784 843.3654 405.5672 -1106.4087 310.8475 -11.8944 -1423.8409 661.3600 -1273.8801 -588.6905 -201.5219 -717.3015 750.4728 -903.9360 958.3773 1461.6040 -178.4076 -390.8331 887.8746 717.9900 1039.9539 625.2164 535.9284 -552.8750 429.1263 476.3492 1026.6772 -749.8860 136.9146 231.8559 1192.2018 31.7208 152.2365 -949.0341 -392.3669 278.6484 176.7976 1190.1680 139.9083 -1150.9576 -437.2656 -2.6542 -1707.0002 -351.4928 284.2880 -682.7018 1020.9200 1096.7842 447.4831 -997.3007 1211.9785 199.0978 144.9432 16.1026 527.8702 1345.9888 -533.1127 -659.7680 808.4380 -1282.7358 823.6406 -755.3479 139.2019 -1428.3079 -14.1885 239.3526 -1098.9510 -216.8912 620.1114 -1145.8466 822.2961 -219.7008 355.6997 -751.4662 -215.6199 878.1624 291.1153 175.3398 1158.2020 -658.2239 1291.3470 -395.9324 -72.2989 443.9235 -46.8178 -633.1902 -507.4013 688.2211 -886.1368 -95.0854 -1094.7747 756.9493 359.1547 -2127.5408 258.8231 -343.4511 317.8020 -179.2827 688.1250 344.0574 -113.0255 -625.9173 123.8020 -84.6796 -697.6385 -333.0036 500.5879 -1114.1125 1255.7358 145.2186 210.0511 -152.5932 587.5243 1575.2473 -112.5017 -588.4681 1250.6132 894.0092 749.1132 -305.1345 572.9597 -369.3813 -64.6968 957.1091 -634.2880 -1658.5754 229.5208 -754.5421 367.0014 792.7675 -1038.3911 53.3613 606.7630 -689.8568 231.9202 -245.5358 -368.4248 1144.2803 -47.8165 147.0200 1024.6611 509.1436 -519.9142 471.2800 -2399.1445 177.7299 -1407.6512 141.1417 230.5906 1543.0948 336.7906 -382.0748 92.5197 770.4243 142.0723 -1611.8213 -858.8784 -225.7923 55.9526 375.3647 -1174.1538 160.7120 105.6372 -627.3107 -493.4583 262.4468 956.3657 943.9987 388.4301 302.0211 620.9913 1218.6056 314.8413 566.2776 758.3378 -36.0326 254.9916 386.8736 -1216.4546 -488.9792 63.7591 -395.9223 1897.5890 -183.0560 -360.5516 -1068.6710 77.6766 -511.6693 -278.2194 -605.2338 993.5432 -506.0684 -752.9263 -1980.7585 -246.7602 -202.0926 1986.9568 479.7057 582.3330 -1033.1265 -450.5341 383.5837 1001.2192 305.7639 971.6612 -1065.8828 -1517.7305 43.0227 -1074.7273 -1188.5011 -834.4846 1114.3655 -933.8311 -631.6851 417.3771 6.7814 -408.5789 1458.4601 -72.5690 166.8452 -595.5699 -156.9345 -510.7107 -753.5754 -392.1387 979.5345 1169.1312 -325.3103 1353.3679 -405.1943 1196.2837 347.4807 -164.2389 -276.2211 -407.8352 -482.9252 1720.2804 -109.0457 464.4264 206.3261 1029.7850 378.5071 88.9235 -778.0831 -1501.3721 -1153.6664 -600.5790 641.7881 223.5339 -693.0695 -1365.3267 -35.4394 255.1468 140.8317 -121.1495
145.7662 313.0590 -409.4151 -965.7579 -7.7953 588.9030 1265.5781 270.5972 823.3326 1170.7953 -1276.4108 -748.8915 -1344.7817 -1087.1882 -141.0396 -1523.8352 -294.1157 58.9608 -561.8036 273.6509 921.3292 1470.7164 653.9475 -862.6757 914.4028 -110.0811 504.5932 1275.5010 -934.7592 1000.8832 -759.3436 422.7238 -278.8721 -507.4296 231.0811 -599.5826 -36.7312 -91.4927 282.9279 274.4426 524.1022 -1643.7399 -2434.8054 -257.6610 1421.9937 756.4665 1046.1902 503.1628 -1372.6554 385.6626 -14.7947 -1766.4326 820.4670 -1580.3740 -730.3224 -249.9860 -889.9037 930.9596 -1121.3361 1188.8881 1813.1846 -221.2989 -484.8019 1101.4420 890.7451 1290.1183 775.5995 664.8264 -685.8941 532.3380 590.9476 1273.6492 -930.2405 169.8337 287.6407 1479.0258 39.3793 188.8283 -1177.3582 -486.7521 345.6771 219.3423 1476.4342 173.5899 -1427.7751 -542.4310 -3.2814 -2117.6763 -436.0450 352.6693 -846.8777 1266.4915 1360.6399 555.1130 -1237.1985 1503.4056 246.9938 179.8203 19.9513 654.8911 1669.8298 -661.3594 -818.4589 1002.8793 -1591.2668 1021.7935 -937.0431 172.6891 -1771.8879 -17.5814 296.9568 -1363.3466 -268.9797 769.3390 -1421.5555 1020.0755 -272.5813 441.2462 -932.2979 -267.4796 1089.4309 361.1241 217.4658 1436.7749 -816.5959 1602.0728 -491.1959 -89.6739 550.7253 -58.0838 -785.5342 -629.4274 853.7460 -1099.2544 -117.9147 -1358.1742 939.0621 445.5493 -2639.4248 321.1056 -425.9635 394.2588 -222.4610 853.5886 426.8369 -140.2968 -776.4902 153.5961 -105.0935 -865.4224 -413.0784 621.0518 -1382.1008 1557.8590 180.1858 260.6050 -189.2641 728.9272 1954.2123 -139.6244 -730.0154 1551.4568 1109.1389 929.2700 -378.4807 710.7852 -458.2361 -80.3400 1187.3035 -786.8409 -2057.5925 284.6692 -936.0126 455.2833 983.4674 -1288.2314 66.2274 752.7194 -855.8041 287.6596 -304.6058 -457.0504 1419.4618 -59.3967 182.4382 1271.1119 631.6501 -645.0035 584.6973 -2976.2827 220.5058 -1746.3354 175.0874 286.0320 1914.3490 417.8984 -473.9990 114.6995 955.7224 176.2588 -1999.4469 -1065.5117 -280.0647 69.4469 465.6361 -1456.6084 199.3047 131.0126 -778.1614 -612.1119 325.5670 1186.3375 1171.1205 481.7517 374.6758 770.4045 1511.6782 390.5336 702.5032 940.7632 -44.7917 316.3064 479.9179 -1509.0405 -606.5834 79.1538 -491.1543 2353.9915 -227.4401 -446.9727 -1325.7810 96.3781 -634.7603 -345.0880 -750.8128 1232.5200 -627.8150 -934.0293 -2457.2305 -306.1302 -250.7016 2464.8472 595.1037 722.3754 -1281.7175 -558.8549 475.8918 1242.1232 379.2566 1205.3779 -1322.3251 -1882.8011 53.3576 -1333.2706 -1474.3966 -1035.2617 1382.4590 -1158.4446 -783.6967 517.8249 8.4006 -506.9100 1809.3239 -90.0070 206.9263 -738.8538 -194.7795 -633.5139 -934.8000 -486.4134 1215.1720 1450.3613 -403.5052 1678.9156 -502.7227 1484.1080 431.1108 -203.7250 -342.5962 -505.9298 -599.1708 2134.1536 -135.2488 576.1967 255.9273 1277.5466 469.5673 110.2692 -965.2595 -1862.5239 -1431.1812 -745.0636 796.1805 277.3580 -859.7142 -1693.8124 -44.0252 316.6572 174.6981 -150.2094
-75.2509 -161.6159 211.3952 498.5847 3.9993 -304.0994 -653.3624 -139.7006 -425.0909 -604.4905 659.0189 386.6551 694.2662 561.3428 72.8140 786.7614 151.8441 -30.4301 290.0655 -141.2518 -475.6943 -759.3423 -337.6864 445.4343 -472.1619 56.8845 -260.5120 -658.5421 482.6152 -516.7549 392.0684 -218.2989 143.9673 261.9861 -119.2925 309.5320 18.9524 47.2507 -146.0433 -141.7147 -270.6174 848.6481 1257.1399 132.9849 -734.1451 -390.6043 -540.1635 -259.7986 708.6662 -199.0984 7.6543 911.9406 -423.5845 815.9921 377.0295 129.0775 459.4888 -480.6620 578.9451 -613.8405 -936.1342 114.2521 250.3334 -568.6557 -459.8767 -666.1330 -400.4777 -343.2793 354.0949 -274.8396 -305.1119 -657.5760 480.3129 -87.6807 -148.5046 -763.6295 -20.2903 -97.4635 607.8447 251.2966 -178.4698 -113.2828 -762.3464 -89.6317 737.1541 280.0550 1.7084 1093.3145 225.1062 -182.0853 437.2295 -653.9569 -702.5043 -286.5828 638.8159 -776.2060 -127.5547 -92.8609 -10.2787 -338.0857 -862.0865 341.4582 422.5325 -517.8404 821.6317 -527.5174 483.8019 -89.1840 914.7836 9.1000 -153.3243 703.9265 138.8925 -397.2170 733.9273 -526.5953 140.7038 -227.7971 481.3308 138.1240 -562.5305 -186.4811 -112.2531 -741.7906 421.6344 -827.1429 253.6251 46.3278 -284.3544 29.9880 405.5761 324.9631 -440.8317 567.5850 60.7724 701.1976 -484.8998 -230.0550 1362.7694 -165.7593 219.9308 -203.5548 114.8313 -440.7294 -220.3714 72.4171 400.8996 -79.2801 54.2628 446.8405 213.2710 -320.6145 713.5309 -804.3686 -93.0017 -134.5682 97.6781 -376.3523 -1008.9554 72.0928 376.9384 -801.0645 -572.6904 -479.7982 195.4356 -366.9699 236.6149 41.4734 -613.0127 406.2834 1062.3806 -146.9592 483.2887 -235.1065 -507.7661 665.1157 -34.2549 -388.5453 441.8161 -148.4821 157.2903 235.9240 -732.9242 30.6773 -94.1394 -656.3062 -326.1396 333.0023 -301.8492 1536.6492 -113.8630 901.5973 -90.4163 -147.6521 -988.3268 -215.7573 244.7762 -59.2560 -493.4332 -91.0155 1032.3121 550.0724 144.6035 -35.8502 -240.4211 752.0566 -102.8999 -67.6434 401.8019 316.0245 -168.0462 -612.4882 -604.6224 -248.7620 -193.4132 -397.7717 -780.4513 -201.6293 -362.7272 -485.7184 23.1456 -163.3204 -247.7823 779.1221 313.1797 -40.8323 253.5625 -1215.3829 117.4168 230.9261 684.7886 -49.7338 327.7801 178.1655 387.6676 -636.3589 324.1276 482.2744 1268.6241 157.9969 129.4542 -1272.5779 -307.3134 -372.9706 661.7531 288.5660 -245.7136 -641.3134 -195.8510 -622.3715 682.6922 972.0799 -27.5322 688.3790 761.2151 534.5109 -713.7709 598.1731 404.6071 -267.3719 -4.3383 261.6653 -934.1740 46.4705 -106.8176 381.4674 100.5474 327.1133 482.6703 251.1609 -627.3594 -748.8037 208.3338 -866.8385 259.5161 -766.2751 -222.6074 105.1655 176.8588 261.2271 309.3031 -1101.8754 69.8670 -297.4813 -132.1721 -659.6021 -242.4199 -56.9562 498.3536 961.6288 738.9191 384.6543 -411.1057 -143.1876 443.8738 874.5043 22.7234 -163.4498 -90.1857 77.5542
-22.1820 -47.6730 62.3200 147.0264 1.1604 -89.6040 -192.6106 -41.1627 -125.2817 -178.1808 194.2654 114.0029 204.6614 165.4923 21.4699 231.9002 44.7442 -8.9788 85.5116 -41.6741 -140.2272 -223.8000 -99.5621 131.3053 -139.1466 16.7304 -76.7944 -194.1017 142.2888 -152.2660 115.6072 -64.3422 42.3928 77.2101 -35.1427 91.2261 5.6249 13.9263 -43.0933 -41.7557 -79.7154 250.1659 370.5675 39.2380 -216.4393 -115.1081 -159.2654 -76.5774 208.8880 -58.6925 2.2441 268.8622 -124.8991 240.4621 111.1369 38.0645 135.4278 -141.7157 170.6885 -180.9248 -275.9543 33.7031 73.7945 -167.5828 -135.5394 -196.3881 -118.0771 -101.1515 104.4070 -80.9999 -89.9502 -193.8853 141.5731 -25.8054 -43.7954 -225.1234 -5.9698 -28.7333 179.1193 74.0667 -52.6552 -33.4123 -224.7220 -26.3815 217.3491 82.5920 0.5186 322.3357 66.3867 -53.6833 128.9116 -192.7036 -207.1216 -84.5071 188.3016 -228.8109 -37.5882 -27.3720 -3.0206 -99.6775 -254.1353 100.7033 124.5682 -152.6197 242.1834 -155.4992 142.5898 -26.2899 269.6690 2.6737 -45.2013 207.4454 40.9562 -117.0655 216.3360 -155.2728 41.5216 -67.1617 141.9084 40.7369 -165.8455 -54.9014 -33.1163 -218.6608 124.3045 -243.7931 74.7342 13.6331 -83.7561 8.7934 119.5836 95.7553 -129.8723 167.3175 17.9456 206.7146 -142.9557 -67.7782 401.6691 -48.8801 64.8145 -60.0042 33.8573 -129.9266 -65.0034 21.3255 118.1917 -23.4054 15.9690 131.7092 62.8621 -94.5031 210.3424 -237.1198 -27.4383 -39.6579 28.7902 -110.8890 -297.4357 21.2434 111.0959 -236.1709 -168.8052 -141.4258 57.5354 -108.1675 69.7452 12.1820 -180.7092 119.7784 313.1847 -43.3686 142.4718 -69.3159 -149.7252 196.0321 -10.0956 -114.5293 130.2229 -43.7905 46.3678 69.5749 -216.0188 8.9905 -27.7752 -193.4006 -96.1299 98.2305 -88.9834 452.9294 -33.6313 265.7884 -26.6269 -43.5570 -291.3363 -63.6124 72.1457 -17.4675 -145.4747 -26.8425 304.3173 162.1323 42.6086 -10.5933 -70.8583 221.6853 -30.3293 -20.0192 118.4509 93.1683 -49.5756 -180.5448 -178.2015 -73.3356 -57.0550 -117.2685 -230.0435 -59.4266 -106.9133 -143.1751 6.7669 -48.1715 -73.0543 229.7138 92.3115 -12.0323 74.7725 -358.2592 34.6507 68.0508 201.7894 -14.3497 96.5990 52.5137 114.2888 -187.6255 95.5693 142.1403 373.9456 46.6194 38.1881 -375.1189 -90.5805 -109.9295 195.0609 85.0428 -72.4238 -189.0320 -57.7352 -183.4262 201.2186 286.5928 -8.1250 202.9622 224.3724 157.5469 -210.3897 176.3392 119.2422 -78.7858 -1.2478 77.2053 -275.3766 13.7027 -31.4912 112.4420 29.5992 96.4127 142.2927 74.0383 -184.9484 -220.7601 61.3948 -255.5150 76.5216 -225.8698 -65.5761 30.9885 52.1869 76.9758 91.1437 -324.8425 20.6411 -87.6886 -38.9607 -194.4383 -71.4729 -16.8062 146.9179 283.5142 217.8331 113.3385 -121.1487 -42.1986 130.8433 257.7857 6.6705 -48.2160 -26.6078 22.8452
0.3245 0.7257 -0.9552 -2.1303 -0.0004 1.2964 2.8266 0.6227 1.8585 2.6028 -2.8142 -1.6855 -2.9708 -2.4054 -0.3353 -3.3777 -0.6528 0.0869 -1.2794 0.5441 2.0473 3.2631 1.4462 -1.9087 2.0746 -0.2496 1.1051 2.8090 -2.1202 2.2747 -1.6564 0.9267 -0.6184 -1.1199 0.4974 -1.3301 -0.0839 -0.2063 0.6534 0.6336 1.1824 -3.6556 -5.3779 -0.5179 3.1595 1.6807 2.3447 1.0873 -3.0559 0.8255 -0.0211 -3.8986 1.8177 -3.5585 -1.6416 -0.5653 -1.9943 2.0702 -2.4765 2.6422 4.0242 -0.5005 -1.0657 2.4754 1.9754 2.8613 1.7161 1.4826 -1.5054 1.1426 1.3039 2.8337 -2.0493 0.3696 0.6600 3.3279 0.0444 0.3958 -2.6037 -1.0513 0.7678 0.4914 3.2283 0.4023 -3.1781 -1.2081 0.0228 -4.6929 -0.9982 0.8027 -1.8570 2.8365 3.0171 1.2058 -2.7262 3.3159 0.6178 0.3839 0.0653 1.4291 3.6751 -1.4627 -1.8360 2.2334 -3.4907 2.2699 -2.0494 0.3677 -3.9321 -0.0643 0.6504 -3.0642 -0.5736 1.7128 -3.1343 2.2401 -0.5963 0.9632 -2.0581 -0.5767 2.3940 0.8319 0.5347 3.1703 -1.8115 3.5545 -1.0815 -0.1821 1.2357 -0.0800 -1.7600 -1.3925 1.8738 -2.4601 -0.2326 -2.9641 2.0724 0.9964 -5.9356 0.6942 -0.9325 0.9123 -0.5077 1.8563 0.9154 -0.3188 -1.7481 0.3331 -0.2309 -1.9241 -0.8952 1.3822 -3.0577 3.4818 0.3727 0.5849 -0.3611 1.6470 4.3462 -0.2984 -1.6561 3.4752 2.4379 2.0746 -0.8236 1.5833 -1.0153 -0.1732 2.6548 -1.7296 -4.5689 0.6318 -2.0952 1.0065 2.1835 -2.8404 0.1550 1.6814 -1.8906 0.5966 -0.7263 -1.0486 3.1483 -0.1416 0.3959 2.8017 1.4397 -1.4259 1.3234 -6.6589 0.4974 -3.8418 0.3709 0.6417 4.2467 0.9423 -1.0493 0.2891 2.1153 0.3513 -4.4217 -2.4169 -0.5904 0.1412 1.0614 -3.2720 0.4795 0.2650 -1.7247 -1.3530 0.7257 2.5975 2.6163 1.0643 0.8251 1.7155 3.3466 0.8875 1.5330 2.0842 -0.0884 0.6642 1.0883 -3.3081 -1.3610 0.1485 -1.0867 5.2200 -0.5215 -0.9805 -2.9262 0.1943 -1.1551 -0.7917 -1.6777 2.7025 -1.4316 -2.0804 -5.4818 -0.7002 -0.5379 5.4680 1.3244 1.6400 -2.8517 -1.2126 1.0492 2.7458 0.7799 2.6752 -2.9586 -4.1709 0.1335 -2.9718 -3.2516 -2.2864 3.0621 -2.5561 -1.7575 1.1419 -0.0118 -1.1821 4.0098 -0.2077 0.4112 -1.6967 -0.4351 -1.4150 -2.0525 -1.0969 2.6896 3.2043 -0.8957 3.7254 -1.1505 3.3189 0.9125 -0.4144 -0.7424 -1.1359 -1.3226 4.6873 -0.3204 1.2882 0.6182 2.8531 1.0247 0.2344 -2.1457 -4.1265 -3.1514 -1.6508 1.7555 0.6156 -1.8836 -3.7375 -0.0888 0.7245 0.4103 -0.3332
184.8973 397.2134 -519.4741 -1225.3242 -9.8169 747.1987 1605.6385 343.3497 1044.5063 1485.4390 -1619.4199 -950.1619 -1706.1445 -1379.2780 -178.9500 -1933.3965 -373.1918 74.7757 -712.7728 347.1771 1168.9636 1865.8370 829.6678 -1094.5057 1160.1742 -139.6630 640.1569 1618.2047 -1185.9399 1269.8573 -963.3886 536.3508 -353.8042 -643.7925 293.1274 -760.6450 -46.6212 -116.0209 359.0508 348.2050 664.9215 -2085.4578 -3089.0515 -326.8685 1804.0603 959.7727 1327.3695 638.3632 -1741.4589 489.2556 -18.6958 -2241.0940 1040.9384 -2005.0143 -926.5566 -317.2002 -1129.0140 1181.1056 -1422.6443 1508.3918 2300.4553 -280.8321 -615.1508 1397.4353 1130.1058 1636.8043 984.0867 843.4732 -870.2026 675.2941 749.7682 1615.9047 -1180.2604 215.4428 364.9053 1876.5017 49.9018 239.6176 -1493.7212 -617.5376 438.5762 278.2845 1873.1552 220.2205 -1811.4532 -688.2096 -4.1670 -2686.6641 -553.2473 447.4319 -1074.4447 1606.8665 1726.2755 704.3272 -1569.6633 1907.4663 313.3742 228.1523 25.3594 830.8719 2118.4719 -839.0585 -1038.3832 1272.4310 -2018.9368 1296.3043 -1188.8387 219.0907 -2247.9727 -22.3360 376.7643 -1729.6552 -341.3699 976.0239 -1803.5286 1294.1075 -345.7805 559.8088 -1182.7828 -339.3847 1382.1962 458.1245 275.9726 1822.8950 -1036.0225 2032.5276 -623.1981 -113.7525 698.6672 -73.7354 -996.6240 -798.5840 1083.1681 -1394.6771 -149.6172 -1723.0948 1191.3955 565.3373 -3348.6558 407.3230 -540.5052 500.1789 -282.1946 1083.0072 541.5553 -177.9595 -985.1652 194.8444 -133.2888 -1098.0109 -524.0413 787.9185 -1753.4708 1976.4540 228.5682 330.6396 -240.1496 924.7800 2479.3394 -177.1500 -926.2162 1968.3956 1407.1293 1178.9948 -480.1637 901.8214 -581.3967 -101.9091 1506.4312 -998.2785 -2610.4790 361.2310 -1187.5541 577.6493 1247.7639 -1634.3734 84.0711 955.0125 -1085.7482 364.9615 -386.4717 -579.9364 1800.9639 -75.3290 231.3737 1612.7137 801.3820 -818.3099 741.8315 -3776.1223 279.8394 -2215.5278 222.1327 362.8638 2428.7786 530.1318 -601.3668 145.5650 1212.5441 223.6526 -2536.7932 -1351.8567 -355.2715 88.0880 590.7559 -1848.0914 252.9576 166.2244 -987.3239 -776.6235 413.0912 1505.1536 1485.7588 611.2960 475.3517 977.4797 1917.9817 495.4579 891.2578 1193.5532 -56.7491 401.2460 608.9366 -1914.5782 -769.5938 100.3692 -623.1176 2986.5889 -288.6127 -567.4789 -1682.0330 122.2799 -805.3826 -437.5893 -952.5790 1563.7793 -796.5020 -1184.9918 -3117.5161 -388.4005 -318.0551 3127.2336 755.0726 916.5346 -1626.1118 -709.0392 603.7816 1575.8937 481.1731 1529.3036 -1677.6389 -2388.7817 67.7259 -1691.5647 -1870.5787 -1313.4043 1753.8757 -1469.7201 -994.3010 656.9232 10.6514 -643.1566 2295.5771 -114.2208 262.5340 -937.4230 -247.0850 -803.7837 -1185.9508 -617.1379 1541.7148 1840.1393 -511.9497 2130.0679 -637.8293 1882.8949 546.9088 -258.4528 -434.6584 -641.9309 -760.0891 2707.6379 -171.6986 730.9780 324.7231 1620.8352 595.7684 139.9084 -1224.5880 -2363.0637 -1815.7467 -945.2991 1010.1410 351.8239 -1090.8037 -2148.9092 -55.8504 401.6913 221.6683 -190.5945
-275.0744 -590.7788 772.7245 1822.5920 14.6993 -1111.3845 -2388.3184 -510.6095 -1553.7158 -2209.4656 2408.8330 1413.2850 2537.8062 2051.6287 266.1776 2875.7063 555.0640 -111.2298 1060.1841 -516.4251 -1738.8037 -2775.4797 -1234.0406 1628.0731 -1725.7085 207.7377 -952.2765 -2406.9993 1764.0190 -1888.8063 1432.9825 -797.8658 526.3013 957.5926 -436.0653 1131.4315 69.3828 172.6361 -534.0103 -517.9359 -989.0770 3102.0000 4594.9048 486.2564 -2683.4927 -1427.6049 -1974.3732 -949.5753 2590.3345 -727.7484 27.8274 3333.5076 -1548.3865 2982.3823 1378.2118 471.7776 1679.3441 -1756.8616 2116.1274 -2243.6650 -3421.8462 417.6465 914.9642 -2078.5647 -1680.9059 -2434.6509 -1463.7307 -1254.5922 1294.3362 -1004.5367 -1115.2474 -2403.5867 1755.5581 -320.5165 -542.8212 -2791.1370 -74.2739 -356.3450 2221.8669 918.5472 -652.3871 -413.9736 -2786.3499 -327.5821 2694.4717 1023.6937 6.1928 3996.3542 822.8329 -665.5680 1598.2510 -2390.1284 -2567.7837 -1047.6028 2334.8638 -2837.2678 -466.0881 -339.3410 -37.6674 -1235.8779 -3151.2092 1248.1139 1544.5593 -1892.6511 3003.0210 -1928.2500 1768.3221 -325.9209 3343.8337 33.2111 -560.4133 2572.7927 507.6959 -1451.8641 2682.6287 -1925.0115 514.3733 -832.7404 1759.3501 504.7679 -2055.9373 -681.5059 -410.4316 -2711.4414 1541.0074 -3023.2549 926.9923 169.2277 -1039.2340 109.6429 1482.4248 1187.8759 -1611.1791 2074.5581 222.5914 2563.0737 -1772.2550 -840.8842 4980.9814 -605.9538 803.9109 -744.0357 419.8325 -1610.8944 -805.5707 264.7456 1465.3649 -289.8350 198.2975 1633.2449 779.4932 -1172.0380 2608.2405 -2939.8826 -340.0179 -491.7785 357.2249 -1375.5825 -3687.8862 263.4194 1377.6537 -2927.8486 -2093.1145 -1753.6392 714.2137 -1341.3510 864.8306 151.5919 -2240.7039 1484.8855 3883.0161 -537.3218 1766.4788 -859.2366 -1855.9851 2431.0920 -125.0408 -1420.4827 1614.9718 -542.8480 574.8550 862.5239 -2678.8450 112.0202 -344.2199 -2398.7993 -1192.0052 1217.2271 -1103.3788 5616.7334 -416.1894 3295.5823 -330.4269 -539.7402 -3612.6362 -788.6486 894.4592 -216.5541 -1803.5947 -332.6713 3773.2693 2010.8182 528.5423 -131.0212 -878.6883 2748.9458 -376.1782 -247.2117 1468.6194 1155.1974 -614.3917 -2238.8289 -2210.0334 -909.2262 -707.1276 -1453.9237 -2852.8408 -736.9999 -1325.7013 -1775.3702 84.5007 -596.8655 -905.6940 2847.8003 1144.7161 -149.3403 926.8467 -4442.4087 429.1911 844.0807 2501.8889 -181.9134 1197.9155 651.2895 1417.2280 -2326.0500 1184.7950 1762.7146 4637.1719 577.7072 473.0757 -4651.6040 -1123.0771 -1363.2628 2418.7761 1054.6727 -898.1536 -2344.0537 -715.7303 -2274.7136 2495.4595 3553.1455 -100.6842 2516.0940 2782.4412 1953.6184 -2608.8516 2186.1982 1478.9686 -977.1342 -15.7888 956.6034 -3414.5100 169.8822 -390.5299 1394.3401 367.5031 1195.5953 1764.1150 917.9814 -2293.2100 -2737.0923 761.5068 -3168.3989 948.6807 -2800.7317 -813.5991 384.4226 646.5685 954.7957 1130.6034 -4027.5352 255.3508 -1087.3105 -483.0071 -2410.8916 -886.1938 -208.1092 1821.5935 3514.9092 2700.8931 1406.0446 -1502.5853 -523.3513 1622.4954 3196.4639 83.0535 -597.5544 -329.7318 283.4653
-97.0742 -208.4713 272.6817 643.1234 5.1847 -392.1911 -842.7509 -180.1901 -548.2729 -779.6927 850.0330 498.6901 895.4985 723.9664 93.9232 1014.7240 195.8120 -39.2490 374.1326 -182.2152 -613.5707 -979.3826 -435.5094 574.4905 -608.9148 73.2934 -336.0468 -849.2950 622.4343 -666.5204 505.7168 -281.5135 185.6567 337.9052 -153.8857 399.2632 24.4989 60.8699 -188.4713 -182.7714 -348.9739 1094.5898 1621.4080 171.6051 -946.8975 -503.7374 -696.6879 -335.0852 914.0168 -256.8142 9.8512 1176.3004 -546.3523 1052.3458 486.3339 166.4932 592.6046 -619.8934 746.7046 -791.6801 -1207.4368 147.3802 322.9034 -733.4705 -593.1674 -859.0816 -516.5111 -442.7098 456.7394 -354.4864 -393.4752 -848.1907 619.4516 -113.1147 -191.5295 -984.9132 -26.1984 -125.7508 784.0222 324.1345 -230.2027 -146.0557 -983.1942 -115.5708 950.8000 361.1761 2.2291 1410.1498 290.4074 -234.8225 564.0006 -843.3728 -906.0925 -369.7071 823.9332 -1001.1900 -164.4864 -119.7955 -13.2994 -436.0976 -1111.9639 440.4331 545.0067 -667.9118 1059.6952 -680.4141 623.9695 -115.0409 1179.9635 11.7241 -197.7069 907.8691 179.1695 -512.2748 946.6297 -679.2526 181.4787 -293.8415 620.8217 178.0985 -725.4938 -240.4625 -144.7917 -956.7870 543.7569 -1066.8036 327.1133 59.7255 -366.7503 38.7234 523.0891 419.1175 -568.5134 732.0499 78.4930 904.4136 -625.3557 -296.7124 1757.6250 -213.7801 283.7237 -262.4944 148.1251 -568.4890 -284.2246 93.3868 517.0873 -102.2490 70.0033 576.3444 275.0597 -413.6037 920.3770 -1037.4142 -120.0199 -173.5414 126.0230 -485.4152 -1301.3596 92.9554 486.1757 -1033.1517 -738.5853 -618.8390 252.0503 -473.3474 305.1725 53.4777 -790.6921 523.9718 1370.1769 -189.6005 623.3151 -303.1640 -654.9214 857.8533 -44.1656 -501.2358 569.8583 -191.5842 202.8292 304.3950 -945.3126 39.5170 -121.4468 -846.4976 -420.6479 429.5084 -389.3624 1981.9824 -146.8401 1162.9138 -116.5885 -190.4442 -1274.7705 -278.2627 315.6277 -76.4262 -636.4459 -117.4228 1331.4994 709.5391 186.5198 -46.2254 -310.0728 970.0269 -132.7235 -87.2555 518.2487 407.6423 -216.8104 -790.0161 -779.8505 -320.8586 -249.4724 -513.0887 -1006.6937 -260.0699 -467.8246 -626.4501 29.7891 -210.6473 -319.5698 1004.9369 403.9581 -52.7031 327.0582 -1567.5817 151.4398 297.8968 882.8734 -64.1997 422.7125 229.8266 499.9614 -820.4771 418.0518 621.9866 1636.2991 203.8260 166.9456 -1641.3726 -396.3049 -481.0058 853.5488 372.1418 -316.9374 -827.1476 -252.5924 -802.7098 880.5753 1253.7948 -35.5238 887.9000 981.8129 689.3328 -920.5972 771.4694 521.8632 -344.8118 -5.5755 337.5312 -1204.9026 59.9545 -137.7986 492.0238 129.6461 421.8808 622.4749 323.9209 -809.2171 -965.7791 268.6981 -1118.0131 334.7308 -988.3197 -287.1266 135.7238 228.1716 336.8979 398.9753 -1421.2008 90.1024 -383.6927 -170.4221 -850.7707 -312.6902 -73.4564 642.7976 1240.3446 953.0462 496.1093 -530.2109 -184.6838 572.5377 1127.9568 29.2953 -210.8130 -116.3405 100.0260
-292.0173 -627.1958 820.3661 1934.9454 15.5872 -1179.9546 -2535.6274 -542.1735 -1649.4980 -2345.7024 2557.3511 1500.4227 2694.2395 2178.1438 282.5999 3053.0112 589.2815 -118.0997 1125.5032 -548.2575 -1845.9974 -2946.5928 -1310.1853 1728.4111 -1832.1073 220.5095 -1010.9477 -2555.4067 1872.7772 -2005.3192 1521.3243 -847.0333 558.7315 1016.6531 -462.9831 1201.2321 73.6377 183.2365 -566.9069 -549.8220 -1050.0007 3293.2585 4878.2310 516.2758 -2848.8928 -1515.6453 -2096.1050 -1008.0954 2750.0457 -772.6401 29.5491 3539.0266 -1643.8529 3166.2573 1463.1554 500.9056 1782.9187 -1865.2179 2246.6006 -2382.0044 -3632.7498 443.4147 971.3774 -2206.7732 -1784.5527 -2584.7632 -1553.9708 -1331.9888 1374.1749 -1066.4670 -1183.9805 -2551.7649 1863.8408 -340.2656 -576.3273 -2963.2163 -78.8182 -378.3703 2358.8157 975.2549 -692.6134 -439.4696 -2958.1523 -347.7447 2860.6069 1086.7656 6.5811 4242.6704 873.5919 -706.5647 1696.7589 -2537.4968 -2726.0493 -1112.2094 2478.7795 -3012.1802 -494.8336 -360.2705 -40.0010 -1312.0184 -3345.4875 1325.0443 1639.7419 -2009.3840 3188.2236 -2047.0770 1877.4172 -346.0423 3550.0151 35.3203 -594.9595 2731.4368 539.0428 -1541.3752 2848.0334 -2043.7292 546.0969 -884.0702 1867.8324 535.9294 -2182.6675 -723.5666 -435.6972 -2878.5913 1636.0216 -3209.6799 984.1204 179.6530 -1103.3450 116.3865 1573.8357 1261.0914 -1710.5015 2202.4036 236.3188 2721.1030 -1881.4832 -892.7074 5288.0693 -643.2976 853.5262 -789.8906 445.6968 -1710.2319 -855.2552 281.0432 1555.6959 -307.6929 210.5010 1733.9308 827.5900 -1244.2634 2769.0730 -3121.1572 -360.9537 -522.0767 379.2125 -1460.3811 -3915.3550 279.7127 1462.6494 -3108.3628 -2222.1475 -1861.7991 758.3577 -1424.0804 918.1063 160.8696 -2378.8567 1576.4385 4122.3965 -570.4026 1875.3674 -912.2072 -1970.4102 2580.9954 -132.7660 -1508.0585 1714.5773 -576.3336 610.2823 915.7244 -2844.0330 118.9157 -365.4289 -2546.7156 -1265.5079 1292.2371 -1171.4298 5963.0024 -441.8315 3498.7483 -350.7435 -573.0219 -3835.3628 -837.2744 949.6669 -229.9399 -1914.8081 -353.0983 4006.0024 2134.7170 561.1429 -139.1303 -932.9421 2918.3501 -399.3574 -262.4670 1559.1478 1226.4448 -652.3109 -2376.8850 -2346.3054 -965.2922 -750.7039 -1543.5875 -3028.7505 -782.4462 -1407.4476 -1884.7875 89.6734 -633.7103 -961.5531 3023.3967 1215.3228 -158.5147 984.0142 -4716.3125 455.7071 896.1644 2656.1858 -193.0804 1271.7678 691.4660 1504.2827 -2469.4111 1258.1039 1871.3673 4923.0449 613.3138 502.3435 -4938.4683 -1192.2653 -1447.3501 2567.9065 1119.7054 -953.4501 -2488.6533 -759.8828 -2414.9663 2649.3057 3772.2239 -106.9291 2671.2661 2953.9692 2074.0974 -2769.6919 2321.0024 1570.1589 -1037.4264 -16.8093 1015.5244 -3625.0630 180.3778 -414.5810 1480.3334 390.1653 1269.3209 1872.8772 974.5353 -2434.6147 -2905.8262 808.4667 -3363.7546 1007.1734 -2973.4148 -863.7380 408.1535 686.4550 1013.6782 1200.2968 -4275.8013 271.0377 -1154.3964 -512.8101 -2559.5701 -940.7748 -221.0054 1933.9127 3731.6150 2867.3806 1492.7277 -1595.1582 -555.5597 1722.5605 3393.4993 88.1311 -634.3510 -350.0355 301.0167
-121.3094 -260.4976 340.8428 803.7745 6.4776 -490.1661 -1053.3765 -225.2286 -685.2332 -974.4077 1062.3755 623.3165 1119.2402 904.7999 117.4055 1268.1947 244.8130 -49.1087 467.5335 -227.8250 -766.8492 -1224.0184 -544.2591 717.9785 -761.0887 91.6393 -419.9391 -1061.5198 777.9610 -833.0322 631.9456 -351.8634 232.1445 422.2955 -192.3537 499.0194 30.5747 76.0916 -235.5086 -228.3674 -436.1696 1368.0453 2026.4642 214.4514 -1183.4414 -629.5928 -870.7155 -418.7828 1142.3790 -320.9655 12.2362 1470.1299 -682.8505 1315.3397 607.8292 208.0813 740.6245 -774.8052 933.2556 -989.5579 -1509.0796 184.1864 403.5345 -916.6963 -741.3135 -1073.7472 -645.5526 -553.2960 570.8208 -443.0448 -491.8333 -1059.9971 774.2585 -141.3446 -239.3991 -1230.9620 -32.7693 -157.1348 979.8761 405.1523 -287.7177 -182.5268 -1228.8136 -144.4699 1188.3330 451.4467 2.6779 1762.4609 362.8986 -293.4586 704.8271 -1054.0863 -1132.4314 -462.0248 1029.7236 -1251.3157 -205.5719 -149.6822 -16.6535 -545.0498 -1389.7822 550.4304 681.1218 -834.7841 1324.4031 -850.3419 779.8765 -143.7521 1474.6298 14.7076 -247.1761 1134.6901 223.8424 -640.2933 1183.1156 -849.0049 226.8193 -367.2360 775.8974 222.6286 -906.7234 -300.5443 -181.0456 -1195.7800 679.6563 -1333.3483 408.8009 74.6445 -458.3519 48.3379 653.8187 523.8790 -710.5792 914.9189 98.1339 1130.3604 -781.5895 -370.8700 2196.7410 -267.2749 354.5838 -328.1376 185.1506 -710.4623 -355.2460 116.7191 646.2614 -127.8555 87.4598 720.3043 343.7987 -516.8781 1150.3167 -1296.5389 -149.9857 -216.8745 157.5309 -606.6238 -1626.4841 116.1903 607.6487 -1291.2773 -923.1257 -773.4208 315.0443 -591.6086 381.3736 66.8425 -988.1794 654.8246 1712.4950 -236.9820 779.0630 -378.9144 -818.5031 1072.1095 -55.1487 -626.5060 712.2169 -239.4500 253.5329 380.4388 -1181.4313 49.3969 -151.8087 -1057.8993 -525.7076 536.7876 -486.6229 2477.1292 -183.5450 1453.4166 -145.7467 -238.0700 -1593.2690 -347.7664 394.4834 -95.5289 -795.3694 -146.6697 1664.1235 886.7756 233.1136 -57.7854 -387.5811 1212.3525 -165.8615 -109.0345 647.7028 509.4905 -270.9906 -987.3502 -974.6702 -400.9746 -311.8467 -641.1734 -1258.1503 -325.0333 -584.7070 -782.9409 37.2587 -263.2234 -399.4187 1255.9354 504.8705 -65.8753 408.7496 -1959.2249 189.2795 372.3177 1103.3989 -80.2086 528.3510 287.2569 624.8356 -1025.8323 522.5062 777.6755 2045.1132 254.7569 208.7150 -2051.4915 -495.2572 -601.2535 1066.7242 465.1181 -396.0388 -1033.8251 -315.6513 -1003.1914 1100.5516 1567.0522 -44.4440 1109.6942 1227.0562 861.6094 -1150.5363 964.1913 652.2570 -431.0041 -6.9914 421.9102 -1505.8531 74.9406 -172.2383 615.0197 162.0973 527.3199 778.0370 404.8400 -1011.3480 -1207.1276 335.8655 -1397.3457 418.4090 -1235.2081 -358.7942 169.5036 285.1766 421.1742 498.6429 -1776.1927 112.6186 -479.5529 -213.0535 -1063.2360 -390.8132 -91.7923 803.3345 1550.1490 1191.1241 620.0584 -662.6653 -230.7632 715.5770 1409.7001 36.5708 -263.4417 -145.4014 125.0507
125.8653 270.3723 -353.5964 -834.0269 -6.7778 508.5918 1092.9716 233.6754 711.0543 1011.1024 -1102.3619 -646.7595 -1161.3391 -938.8320 -121.7798 -1315.9606 -254.0186 50.9046 -485.1759 236.3050 795.7239 1270.0558 564.7394 -745.0203 789.7426 -95.0350 435.7738 1101.5073 -807.2609 864.3497 -655.7343 365.0833 -240.8681 -438.2256 199.5745 -517.7793 -31.7802 -78.9446 244.4176 237.0346 452.5997 -1419.5022 -2102.7363 -222.5484 1227.9781 653.3213 903.4688 434.4876 -1185.3488 333.0813 -12.7521 -1525.4884 708.5710 -1364.7866 -630.7062 -215.8773 -768.4532 803.9583 -968.3572 1026.7819 1565.8689 -191.0971 -418.7316 951.1960 769.2591 1114.1481 669.8460 574.1851 -592.2995 459.6912 510.3417 1099.9182 -803.3551 146.6735 248.4003 1277.2820 33.9509 163.0837 -1016.7875 -420.3691 298.5234 189.3959 1275.0927 149.9257 -1233.0455 -468.4227 -2.8614 -1828.8237 -376.5437 304.6092 -731.3663 1093.7969 1175.0632 479.3748 -1068.4700 1298.4172 213.2984 155.3085 17.2375 565.5117 1442.0134 -571.1183 -706.7946 866.1381 -1374.2454 882.3451 -809.2448 149.1543 -1530.1826 -15.2174 256.4703 -1177.3807 -232.3544 664.3434 -1227.6602 880.9473 -235.3565 381.1025 -805.0800 -230.9934 940.8622 311.8698 187.8385 1240.8206 -705.2052 1383.5110 -424.2209 -77.4326 475.6147 -50.1289 -678.3850 -543.5931 737.2993 -949.3597 -101.8301 -1172.9219 810.9920 384.8085 -2279.3845 277.2732 -367.9436 340.4983 -192.0999 737.2216 368.6366 -121.1304 -670.5868 132.6364 -90.7269 -747.4129 -356.7261 536.3120 -1193.5916 1345.3446 155.5517 224.9959 -163.4641 629.4787 1687.6448 -120.5490 -630.4818 1339.8341 957.7950 802.5397 -326.8925 613.8789 -395.7375 -69.3107 1025.4108 -679.5041 -1776.9270 245.8547 -808.3536 393.1808 849.3137 -1112.4941 57.2694 650.0403 -739.0324 248.4444 -263.0306 -394.7242 1225.9097 -51.2722 157.4862 1097.7699 545.5550 -556.9608 504.8980 -2570.3699 190.4579 -1508.1237 151.2174 247.0081 1653.2301 360.9045 -409.3414 99.1436 825.3702 152.1966 -1726.7693 -920.1429 -241.9012 59.9666 402.1634 -1258.0000 172.1439 113.1517 -672.0829 -528.6724 281.1685 1024.5742 1011.3783 416.0839 323.5703 665.2919 1305.5365 337.2734 606.6614 812.4630 -38.6672 273.1426 414.4974 -1303.1938 -523.8394 68.2847 -424.1437 2032.9501 -196.4166 -386.2951 -1144.8490 83.2765 -548.2052 -298.1128 -648.4017 1064.4010 -542.1932 -806.6735 -2121.7856 -264.3199 -216.5220 2128.6079 513.9810 623.9427 -1106.9299 -482.6697 410.9888 1072.7047 327.5441 1040.9996 -1141.9730 -1625.9789 46.0666 -1151.4257 -1273.2939 -894.0374 1193.8865 -1000.4391 -676.8132 447.1899 7.2238 -437.8060 1562.5475 -77.8156 178.7065 -638.0897 -168.1809 -547.1169 -807.2840 -420.1036 1049.4413 1252.5460 -348.5176 1449.9110 -434.1202 1281.6345 372.2864 -175.9470 -295.9192 -436.9212 -517.3610 1843.0299 -116.8186 497.6013 221.0357 1103.2622 405.5339 95.2451 -833.6361 -1608.5338 -1235.9823 -643.4313 687.5789 239.4343 -742.5079 -1462.7629 -38.0102 273.3814 150.9163 -129.7346
-186.1363 -399.7387 522.9339 1233.3186 9.9460 -752.0703 -1616.1855 -345.5648 -1051.3844 -1495.0983 1630.0485 956.4041 1717.2974 1388.2925 180.1140 1945.9108 375.6346 -75.2930 717.4024 -349.5024 -1176.5820 -1878.1180 -835.0820 1101.7489 -1167.7563 140.5672 -644.3696 -1628.7911 1193.6821 -1278.1692 969.6624 -539.8810 356.1302 648.0107 -295.1245 765.6490 46.9987 116.7893 -361.3708 -350.4449 -669.2943 2099.0422 3109.3096 329.0819 -1815.8619 -966.0698 -1336.0784 -642.5140 1752.8529 -492.4919 18.8373 2255.7495 -1047.8065 2018.1075 932.6035 319.2225 1136.3507 -1188.8202 1431.9398 -1518.3538 -2315.5095 282.6340 619.1519 -1406.5552 -1137.4795 -1647.4918 -990.5116 -848.9988 875.8293 -679.7801 -754.6547 -1626.4230 1188.0116 -216.9198 -367.3671 -1888.7146 -50.2345 -241.1454 1503.5250 621.5836 -441.4703 -280.0540 -1885.4843 -221.7277 1823.2942 692.6940 4.1897 2704.2715 556.7978 -450.4096 1081.5212 -1617.3815 -1737.5857 -708.8819 1580.0212 -1919.9791 -315.3437 -229.6741 -25.4902 -836.3001 -2132.4219 844.5573 1045.1593 -1280.7734 2032.1410 -1304.7834 1196.6111 -220.5259 2262.7405 22.5122 -379.2661 1740.9860 343.5894 -982.4335 1815.3258 -1302.6493 348.0463 -563.5245 1190.5129 341.5626 -1391.2233 -461.1348 -277.7321 -1834.8279 1042.7964 -2045.8135 627.2910 114.5447 -703.3011 74.1809 1003.1503 803.8065 -1090.2566 1403.8461 150.5866 1734.3966 -1199.2667 -569.0322 3370.5420 -410.0114 543.9904 -503.4821 284.0765 -1090.1217 -545.0922 179.1400 991.5974 -196.1342 134.2160 1105.2698 527.4818 -793.1105 1764.9480 -1989.3976 -230.1111 -332.7660 241.6675 -930.8221 -2495.5422 178.2378 932.2483 -1981.2194 -1416.3964 -1186.7098 483.3406 -907.6785 585.1893 102.5846 -1516.2649 1004.8042 2627.6177 -363.6121 1195.3364 -581.3963 -1255.9039 1645.0854 -84.6253 -961.1893 1092.7893 -367.3356 388.9949 583.7088 -1812.7456 75.8391 -232.9537 -1623.2498 -806.7010 823.6682 -746.6223 3800.8191 -281.5952 2230.0947 -223.5932 -365.2437 -2444.6335 -533.6518 605.2701 -146.5363 -1220.4783 -225.1020 2553.3821 1360.6541 357.6846 -88.6640 -594.6335 1860.1509 -254.5080 -167.2852 993.7797 781.7004 -415.7957 -1514.9747 -1495.5646 -615.2549 -478.5000 -983.8799 -1930.4399 -498.6942 -897.0934 -1201.3688 57.1479 -403.9510 -612.8426 1927.0625 774.6030 -101.0627 627.1669 -3006.1392 290.3789 571.2139 1693.0056 -123.0861 810.6291 440.7360 958.8018 -1573.9769 801.7381 1192.8080 3137.9351 391.2065 320.1816 -3147.6875 -759.9505 -922.5331 1636.7952 713.6996 -607.7147 -1586.2114 -484.3212 -1539.3187 1688.6545 2404.3972 -68.1532 1702.6510 1882.8112 1322.0543 -1765.3718 1479.4415 1000.7712 -661.2284 -10.6974 647.3250 -2310.5598 115.0003 -264.2739 943.5537 248.6736 809.0541 1193.7551 621.1868 -1551.7909 -1852.1716 515.3605 -2144.0593 641.9839 -1895.2173 -550.5841 260.2095 437.5834 646.0818 765.0872 -2725.3823 172.7592 -735.7779 -326.8698 -1631.4336 -599.6900 -140.8487 1232.6771 2378.5208 1827.6482 951.4468 -1016.7915 -354.0895 1097.9440 2163.0393 56.1625 -404.2837 -223.1286 191.8116
112.0928 240.7423 -314.9272 -742.6799 -5.9698 452.9668 973.2823 208.1012 633.2117 900.3547 -981.6356 -575.9571 -1034.1869 -836.0628 -108.4640 -1171.8862 -226.1989 45.3084 -432.0366 210.4712 708.6250 1131.0469 502.9000 -663.4395 703.2170 -84.6382 388.0255 980.8110 -718.8558 769.7714 -583.9587 325.1676 -214.4924 -390.2266 177.6960 -461.0994 -28.3006 -70.3259 217.6276 211.0754 403.0501 -1264.0626 -1872.5039 -198.1564 1093.5306 581.7659 804.5985 386.9288 -1055.5778 296.5993 -11.3484 -1358.4056 631.0281 -1215.4211 -561.6943 -192.2601 -684.3575 715.9122 -862.3536 914.3344 1394.4313 -170.2462 -372.8571 847.0333 684.9856 992.1318 596.5048 511.3062 -527.4495 409.3659 454.4660 979.4943 -715.4106 130.6442 221.2099 1137.4384 30.2669 145.2455 -905.3594 -374.3271 265.8853 168.6766 1135.4330 133.4728 -1098.0818 -417.1948 -2.5116 -1628.5823 -335.2849 271.2607 -651.3402 974.0199 1046.4116 426.9119 -951.4720 1156.2228 189.9435 138.2908 15.3993 503.6461 1284.1832 -508.5895 -629.4703 771.2819 -1223.7499 785.7813 -720.6335 132.7986 -1362.7117 -13.6041 228.3839 -1048.4716 -206.8963 591.5923 -1093.1904 784.5328 -209.5820 339.3786 -716.9262 -205.6587 837.8333 277.7085 167.2428 1104.9447 -627.9854 1232.0446 -377.7693 -68.9596 423.5063 -44.6784 -604.1442 -484.0344 656.5746 -845.3943 -90.7117 -1044.4666 722.2038 342.6847 -2029.7915 246.8849 -327.6420 303.2222 -171.0994 656.4830 328.3017 -107.8433 -597.1373 118.1278 -80.7925 -665.5582 -317.6664 477.6101 -1062.9480 1197.9690 138.5405 200.3951 -145.5468 560.5555 1502.8760 -107.3224 -561.4467 1193.1329 852.9028 714.6247 -291.0393 546.6598 -352.3770 -61.7576 913.1217 -605.1093 -1582.3459 218.9880 -719.8365 350.1219 756.3447 -990.7042 50.9261 578.8855 -658.1219 221.2363 -234.2419 -351.5264 1091.6936 -45.6462 140.2810 977.5425 485.7973 -496.0428 449.6381 -2288.9094 169.5777 -1342.9504 134.6164 219.9875 1472.2415 321.4009 -364.5247 88.2601 734.9996 135.5334 -1537.7252 -819.4243 -215.3717 53.4138 358.1074 -1120.2396 153.2784 100.7707 -598.4770 -470.7589 250.4409 912.3772 900.5697 370.5296 288.1243 592.5072 1162.6000 300.3813 540.2372 723.5075 -34.4502 243.2346 369.0708 -1160.5616 -466.5298 60.8512 -377.6876 1810.3352 -174.9119 -344.0036 -1019.5777 74.1110 -488.1806 -265.4123 -577.3868 947.9490 -482.8206 -718.3330 -1889.7668 -235.4508 -192.4977 1895.6179 457.6707 555.5593 -985.6926 -429.7833 365.9912 955.2141 291.6488 926.9872 -1016.8947 -1447.9562 41.0116 -1025.3862 -1133.8665 -796.1320 1063.1283 -890.8870 -602.7169 398.1649 6.4880 -389.8615 1391.3962 -69.2246 159.1703 -568.2880 -149.7542 -487.2613 -718.8753 -374.0660 934.5222 1115.4017 -310.3645 1291.1748 -386.6316 1141.2708 331.4848 -156.6664 -263.5429 -389.0926 -460.6814 1641.2820 -104.0558 443.1456 196.8041 982.4260 361.1520 84.8010 -742.3350 -1432.4138 -1100.6295 -573.0012 612.3183 213.2544 -661.1917 -1302.5658 -33.8557 243.5493 134.4337 -115.5370
-70.1314 -150.6808 197.0384 464.8649 3.7661 -283.5130 -609.1938 -130.2707 -396.2937 -563.5548 614.4171 360.4489 647.3495 523.3437 67.9010 733.5291 141.5771 -28.3481 270.4030 -131.7825 -443.5094 -707.9414 -314.7544 415.1990 -440.2085 52.9647 -242.8642 -613.9447 449.9029 -481.7707 365.5313 -203.5618 134.2537 244.2563 -111.2458 288.5725 17.6043 44.0249 -136.1799 -132.0661 -252.2354 791.2619 1172.0745 124.0602 -684.4752 -364.0761 -503.5892 -242.1997 660.7005 -185.6276 7.0824 850.2677 -394.9343 760.7264 351.5637 120.3807 428.3560 -448.0926 539.7599 -572.2267 -872.7747 106.4976 233.3818 -530.1837 -428.7383 -621.0214 -373.3669 -320.0364 330.1532 -256.2389 -284.4560 -613.0127 447.8091 -81.7700 -138.4585 -711.8885 -18.9340 -90.8989 566.7305 234.3413 -166.3997 -105.5570 -710.7208 -83.5357 687.3013 261.1220 1.5535 1019.2710 209.8885 -169.7462 407.6297 -609.6486 -654.9353 -267.2223 595.5401 -723.6887 -118.9049 -86.5383 -9.6337 -315.1863 -803.7349 318.3248 393.9474 -482.7681 765.9970 -491.8042 451.0667 -83.1338 852.8314 8.4642 -142.9182 656.2906 129.4696 -370.3414 684.2578 -491.0038 131.1495 -212.4208 448.7348 128.7839 -524.4067 -173.8214 -104.6592 -691.5889 393.0589 -771.1339 236.4625 43.1602 -265.0688 27.9539 378.0910 302.9703 -410.9601 529.1103 56.7763 653.7213 -451.9567 -214.4778 1270.4841 -154.5416 205.0304 -189.7967 107.0985 -410.9082 -205.4647 67.5177 373.7456 -73.9070 50.5615 416.5452 198.8010 -298.9298 665.2890 -749.8802 -86.7039 -125.4457 91.1086 -350.8585 -940.7081 67.2554 351.4332 -746.8265 -533.8403 -447.3230 182.2057 -342.1104 220.5799 38.6909 -571.4958 378.7351 990.4341 -137.0308 450.5669 -219.2063 -473.3881 620.0698 -31.9039 -362.3031 411.9339 -138.4885 146.6142 220.0020 -683.2802 28.5700 -87.8119 -611.8557 -304.0462 310.4767 -281.4730 1432.6832 -106.1778 840.5778 -84.2683 -137.6538 -921.4563 -201.1602 228.2233 -55.2760 -460.0174 -84.8518 962.4173 512.8574 134.7804 -33.4426 -224.1479 701.1568 -95.9357 -63.0356 374.5957 294.6505 -156.6667 -571.0569 -563.7233 -231.8896 -180.3752 -370.8370 -727.7501 -187.9933 -338.1562 -452.8296 21.5471 -152.2292 -231.0384 726.3588 291.9902 -38.0759 236.4666 -1133.1035 109.5125 215.3326 638.1312 -46.3695 305.5742 166.0923 361.3801 -593.2376 302.2108 449.6265 1182.7682 147.3380 120.6898 -1186.1605 -286.4305 -347.7453 616.9445 269.0407 -229.0985 -597.9460 -182.5718 -580.1652 636.5339 906.2940 -25.6914 641.8066 709.7000 498.3103 -665.4251 557.6014 377.2578 -249.2534 -4.0656 243.9893 -870.9725 43.3517 -99.6586 355.6857 93.7315 304.9536 449.9597 234.1615 -584.9529 -698.1423 194.2191 -808.0803 242.0044 -714.3972 -207.5090 98.0316 164.9092 243.5425 288.3954 -1027.2773 65.1296 -277.3579 -123.2252 -614.9724 -226.0485 -53.0997 464.5869 896.5344 688.8684 358.6417 -383.2164 -133.4415 413.8516 815.2693 21.2215 -152.3615 -84.0830 72.3238
-468.5949 -1006.3548 1316.3433 3104.6995 25.0163 -1893.3287 -4068.4788 -869.9191 -2646.6934 -3763.8579 4103.4092 2407.5249 4323.0557 3494.9194 453.4471 4898.7173 945.5754 -189.4688 1805.9414 -879.7781 -2961.9746 -4727.9448 -2102.2517 2773.3872 -2939.7024 353.8352 -1622.1516 -4100.2520 3004.9055 -3217.6431 2441.0464 -1359.0562 896.5193 1631.2577 -742.8051 1927.4784 118.1832 293.9799 -909.6401 -882.3074 -1684.7942 5284.1689 7827.3433 828.3372 -4571.2280 -2431.8840 -3363.3330 -1617.4894 4412.5762 -1239.7682 47.4017 5678.4644 -2637.6311 5080.4644 2347.7241 803.6248 2860.7830 -2992.7407 3604.7297 -3822.0452 -5828.9849 711.5140 1558.6799 -3540.7957 -2863.4312 -4147.3779 -2493.4773 -2137.2263 2204.9121 -1711.2062 -1899.7646 -4094.4314 2990.5525 -545.9794 -924.6911 -4754.6260 -126.5521 -607.1435 3784.8750 1564.7802 -1111.3074 -705.1171 -4746.3896 -557.9429 4590.0166 1743.8748 10.5587 6807.6089 1401.7032 -1133.7402 2722.5684 -4071.5242 -4374.1147 -1784.5433 3977.4006 -4833.1987 -794.0444 -578.0367 -64.2011 -2105.2544 -5368.0620 2126.1211 2631.0439 -3224.1768 5115.6416 -3284.6106 3012.3328 -555.2391 5696.1377 56.6776 -954.6426 4382.7588 864.9138 -2473.1721 4569.8018 -3279.2505 876.2194 -1418.4973 2997.0154 859.8729 -3502.2502 -1160.9221 -699.1777 -4618.8169 2625.0559 -5150.0449 1579.1536 288.3315 -1770.3839 186.7906 2525.3508 2023.4705 -2744.6348 3533.9338 379.1440 4366.1714 -3019.0088 -1432.4327 8485.0322 -1032.2416 1369.5302 -1267.4675 715.1640 -2744.1814 -1372.2554 450.9065 2496.1917 -493.7305 337.7625 2782.2742 1327.8547 -1996.4750 4443.1641 -5008.0190 -579.1744 -837.7156 608.4243 -2343.2200 -6282.3447 448.7766 2346.8481 -4987.5322 -3565.4744 -2987.2825 1216.7145 -2285.0115 1473.1774 258.2495 -3817.0632 2529.4749 6614.5371 -915.2989 3009.1389 -1463.6901 -3161.5422 4141.3613 -212.9630 -2419.7202 2751.0930 -924.7545 979.2519 1469.3566 -4563.3960 190.8209 -586.3678 -4086.3452 -2030.6005 2073.4861 -1879.5940 9568.0225 -708.9480 5613.9023 -562.8474 -919.4337 -6154.0693 -1343.3693 1523.7827 -368.8770 -3072.3867 -566.5610 6427.7539 3425.3164 900.4149 -223.1926 -1496.9310 4682.7109 -640.8593 -421.1040 2501.7449 1967.8777 -1046.6532 -3813.7998 -3764.7288 -1548.9327 -1204.3925 -2476.7715 -4859.7476 -1255.4720 -2258.2861 -3024.2710 143.8847 -1016.7847 -1542.7719 4851.2437 1950.0800 -254.3537 1578.9098 -7567.5864 731.1571 1437.9008 4261.9463 -309.8499 2040.6689 1109.4955 2413.6526 -3962.3379 2018.2352 3002.7246 7899.3735 984.0470 806.0074 -7924.0078 -1912.7778 -2322.2974 4120.3320 1796.5640 -1529.9287 -3993.0896 -1219.2507 -3875.0012 4250.8604 6052.6934 -171.5264 4286.1426 4739.8496 3327.9893 -4444.1567 3724.2068 2519.4216 -1664.5750 -26.9350 1629.5262 -5816.5220 289.3535 -665.2191 2375.3511 626.0450 2036.7244 3005.1033 1563.7814 -3906.4490 -4662.5825 1297.2727 -5397.3262 1616.1160 -4770.9785 -1385.8772 654.8876 1101.4928 1626.4539 1926.0214 -6860.7451 434.9398 -1852.2463 -822.7827 -4106.9341 -1509.5813 -354.5918 3103.0496 5987.6475 4600.8823 2395.1926 -2559.5061 -891.5002 2763.8997 5445.1313 141.3806 -1017.8297 -561.7703 482.9451
-171.8301 -369.1665 482.8760 1138.7988 9.1913 -694.4525 -1492.3870 -319.1199 -970.8340 -1380.6118 1505.1621 883.0605 1585.7402 1281.9661 166.3460 1796.8882 346.8290 -69.5268 662.4025 -322.6757 -1086.5092 -1734.2299 -771.1365 1017.2621 -1078.2891 129.8001 -594.9922 -1504.0068 1102.2156 -1180.2684 895.3839 -498.5533 328.8497 598.3565 -272.5088 707.0353 43.3966 107.8469 -333.6979 -323.5966 -617.9509 1938.2302 2871.1118 303.8581 -1676.7113 -892.0925 -1233.6572 -593.3394 1618.5304 -454.7233 17.3556 2082.8853 -967.5220 1863.5354 861.1808 294.7884 1049.3644 -1097.7944 1322.2661 -1401.9399 -2138.1003 260.9715 571.7573 -1298.7751 -1050.3191 -1521.3038 -914.6363 -783.9734 808.7707 -627.6863 -696.8572 -1501.8569 1096.9640 -200.2710 -339.2383 -1744.0128 -46.4560 -222.7150 1388.3335 573.9797 -407.6495 -258.6260 -1741.0546 -204.6641 1683.6508 639.5659 3.8896 2497.1311 514.1874 -415.8857 998.6026 -1493.5316 -1604.4595 -654.6063 1458.9761 -1772.8497 -291.2548 -212.0566 -23.5681 -772.2223 -1969.0536 779.8787 965.1260 -1182.6654 1876.4849 -1204.8569 1104.9508 -203.6429 2089.3501 20.8171 -350.1027 1607.6523 317.2798 -907.1356 1676.2495 -1202.8551 321.3636 -520.3217 1099.2949 315.3994 -1284.6965 -425.8104 -256.4430 -1694.2551 962.8971 -1889.1090 579.2469 105.7379 -649.3804 68.5301 926.2726 742.2247 -1006.7602 1296.2485 139.0224 1601.5402 -1107.3823 -525.4547 3112.3035 -378.5939 502.3872 -464.9047 262.3310 -1006.6875 -503.3210 165.4152 915.6194 -181.1276 123.8660 1020.5212 487.0983 -732.2911 1629.7545 -1837.0321 -212.4211 -307.3016 223.1946 -859.4949 -2304.3721 164.6096 860.8195 -1829.5068 -1307.8679 -1095.7715 446.3604 -838.1838 540.4065 94.7010 -1400.1155 927.8053 2426.2744 -335.7571 1103.7589 -536.8723 -1159.6716 1519.0400 -78.1584 -887.5283 1009.0984 -339.2315 359.2173 538.9833 -1673.9065 69.9999 -215.0613 -1498.9274 -744.8456 760.5603 -689.4205 3509.7153 -260.0191 2059.2532 -206.4420 -337.2429 -2257.3184 -492.7877 558.9344 -135.3223 -1126.9708 -207.8413 2357.7651 1256.4323 330.3221 -81.8704 -549.0793 1717.6267 -235.0906 -154.4923 917.6702 721.9095 -383.9453 -1398.9298 -1380.9424 -568.1426 -441.7697 -908.4562 -1782.5900 -460.5249 -828.3566 -1109.3811 52.7206 -373.0271 -565.9730 1779.4629 715.3088 -93.3140 579.1429 -2775.8147 268.1990 527.4828 1563.3052 -113.6512 748.5297 407.0194 885.3996 -1453.4681 740.3099 1101.4568 2897.5632 360.9519 295.6996 -2906.6006 -701.7563 -851.6148 1511.3954 659.0707 -561.1660 -1464.7266 -447.2641 -1421.3900 1559.2408 2220.1777 -62.9580 1572.2224 1738.6105 1220.7140 -1630.1460 1366.0377 924.1442 -610.5916 -9.9261 597.6786 -2133.5674 106.1595 -244.0177 871.2884 229.6280 747.1064 1102.3159 573.5284 -1432.9421 -1710.3201 475.8374 -1979.7928 592.7497 -1750.0063 -508.3564 240.2432 404.0025 596.6403 706.4459 -2516.6108 159.5268 -679.4600 -301.8130 -1506.4442 -553.7426 -130.0402 1138.1970 2196.3201 1687.6411 878.5578 -938.8348 -327.0068 1013.8448 1997.3390 51.8885 -373.3070 -206.0214 177.1746
852.6573 1831.2646 -2395.2144 -5649.5762 -45.5552 3445.1445 7403.3247 1582.9773 4816.1807 6848.9531 -7466.8906 -4380.9429 -7866.5635 -6359.5659 -825.0817 -8914.0596 -1720.5493 344.8612 -3286.2974 1600.8123 5389.9019 8603.2695 3825.3479 -5046.6201 5349.4033 -643.9036 2951.7649 7461.1855 -5467.9136 5854.9531 -4441.9785 2473.0481 -1631.3262 -2968.3721 1351.8138 -3507.3076 -215.0755 -535.0325 1655.2487 1605.4739 3065.8394 -9615.5098 -14243.2480 -1507.3186 8318.1836 4425.3267 6120.1963 2943.3433 -8029.3384 2255.8962 -86.3161 -10333.0654 4799.6973 -9244.6943 -4272.1147 -1462.4089 -5205.5625 5445.9346 -6559.4614 6954.9429 10606.8242 -1294.6506 -2836.2881 6443.1738 5210.5503 7546.8901 4537.3149 3889.0466 -4012.1853 3113.8711 3456.9617 7450.4668 -5441.9131 993.4818 1682.6925 8651.9111 230.2513 1104.7137 -6887.3433 -2847.4126 2022.2859 1283.0642 8637.0068 1015.4045 -8352.2354 -3173.1870 -19.2425 -12387.6523 -2550.6179 2063.0405 -4954.1973 7408.8955 7959.5083 3247.2688 -7237.5791 8794.9062 1444.8534 1051.8635 116.8034 3830.9514 9768.0371 -3868.8635 -4787.6733 5866.9312 -9308.8223 5977.0405 -5481.4873 1010.2814 -10365.1006 -103.0474 1737.1699 -7975.1245 -1573.8182 4500.4185 -8315.6328 5967.1416 -1594.4500 2581.2251 -5453.5996 -1564.6902 6372.9033 2112.5750 1272.2468 8404.8789 -4776.8325 9371.4014 -2873.4524 -524.6469 3221.5525 -339.8443 -4595.2437 -3682.1550 4994.3506 -6430.6309 -689.8621 -7944.9521 5493.4614 2606.5471 -15439.9502 1878.2295 -2492.1360 2306.2712 -1301.3424 4993.5796 2497.0054 -820.5927 -4542.3193 898.4305 -614.7037 -5062.7896 -2416.2754 3633.0215 -8084.9863 9113.0801 1053.9543 1524.3585 -1107.2552 4263.9795 11431.7686 -816.6407 -4270.4639 9075.6768 6488.0815 5435.9619 -2214.1731 4157.9985 -2680.7595 -469.8377 6945.7388 -4602.8257 -12036.4072 1665.5471 -5475.6333 2663.4250 5753.0151 -7535.7754 387.5389 4403.2046 -5006.0781 1682.8177 -1781.9237 -2673.6479 8303.8975 -347.2529 1066.9640 7435.7944 3694.9839 -3773.0435 3420.2898 -17410.7715 1290.0455 -10215.5723 1024.2262 1673.1281 11198.3486 2444.5427 -2772.7651 671.3078 5590.7573 1031.0181 -11696.4512 -6233.0034 -1638.3928 406.1344 2723.9343 -8521.0381 1166.1119 766.3065 -4552.3696 -3580.9580 1904.5320 6939.8809 6850.6616 2818.4587 2191.8271 4506.8809 8843.1748 2284.5076 4109.3691 5503.2671 -261.8496 1850.2665 2807.4512 -8827.6279 -3548.3967 462.8742 -2873.0542 13770.5254 -1330.4789 -2616.5396 -7755.3325 563.7964 -3713.3357 -2018.8965 -4392.1030 7210.1182 -3672.5176 -5463.8862 -14374.2510 -1790.6925 -1466.5714 14419.0557 3481.2300 4225.9375 -7497.3042 -3269.3459 2783.9568 7266.1367 2218.7078 7051.2690 -7735.3589 -11014.0156 312.1496 -7799.3838 -8624.9688 -6055.9175 8086.8911 -6776.8442 -4584.4121 3029.0317 49.0596 -2965.1675 10584.2861 -526.6577 1210.5076 -4322.2505 -1139.2034 -3706.1289 -5468.2744 -2845.5400 7108.4243 8484.3555 -2360.5432 9821.3486 -2940.7556 8681.6221 2521.8926 -1191.6117 -2004.2518 -2959.7227 -3504.6313 12484.3916 -791.4398 3370.4727 1497.2614 7473.2871 2746.9080 645.2411 -5646.5386 -10895.5098 -8372.1064 -4358.4814 4657.5840 1622.2021 -5029.4385 -9908.3018 -257.3307 1852.0537 1021.9478 -878.8015
45.9615 98.6021 -128.9583 -304.1933 -2.4758 185.5018 398.6210 85.2460 259.3474 368.7430 -402.0545 -235.9200 -423.5668 -342.4487 -44.4061 -480.0195 -92.6441 18.5564 -176.9439 86.1694 290.1924 463.2451 205.9562 -271.7136 288.0393 -34.6854 158.9240 401.7806 -294.4301 315.2262 -239.1132 133.1898 -87.8425 -159.8617 72.7350 -188.8750 -11.5863 -28.8217 89.1195 86.4217 165.0936 -517.7188 -766.9208 -81.1996 447.9034 238.2621 329.5326 158.4497 -432.3334 121.4719 -4.7021 -556.3836 258.4725 -497.7451 -230.0815 -78.7462 -280.2765 293.2266 -353.2035 374.5050 571.0934 -69.7052 -152.7366 346.9897 280.5601 406.3328 244.3075 209.4450 -216.0305 167.6855 186.1230 401.1365 -293.0329 53.5204 90.6146 465.8489 12.3668 59.4799 -370.8586 -153.3361 108.8910 69.1023 465.0072 54.7242 -449.7377 -170.8225 -1.0106 -667.0233 -137.3361 111.0884 -266.7734 398.9400 428.5909 174.8367 -389.7046 473.5905 77.7980 56.6503 6.2841 206.2718 525.9255 -208.3181 -257.7820 315.8818 -501.1938 321.8309 -295.1408 54.3798 -558.1212 -5.5436 93.5762 -429.4491 -84.7380 242.3591 -447.7374 321.3351 -85.8313 138.9605 -293.6540 -84.2579 343.1575 113.8038 68.5021 452.5449 -257.2567 504.5980 -154.7374 -28.2585 173.4907 -18.2679 -247.4307 -198.2824 268.8990 -346.2115 -37.1517 -427.8119 295.7897 140.3370 -831.3779 101.0990 -134.1720 124.1931 -70.0574 268.8725 134.4453 -44.1922 -244.6074 48.4183 -33.1007 -272.5815 -130.0949 195.5961 -435.3287 490.6495 56.7432 82.0815 -59.6600 229.6300 615.5277 -43.9636 -229.9083 488.7159 349.3481 292.7280 -119.2460 223.9067 -144.3273 -25.2647 373.9423 -247.8359 -648.1047 89.6713 -294.8478 143.4433 309.7826 -405.7442 20.8552 237.0950 -269.5552 90.6591 -95.9690 -143.9585 447.1217 -18.7107 57.4673 400.3274 198.9411 -203.1646 184.1461 -937.4656 69.4792 -550.0711 55.1724 90.1156 602.9379 131.6400 -149.2774 36.0888 301.0302 55.5385 -629.7659 -335.5904 -88.1865 21.8548 146.6731 -458.8135 62.7643 41.2517 -245.1296 -192.8149 102.5485 373.6754 368.8606 151.7605 118.0322 242.6521 476.1771 122.9981 221.2586 296.2947 -14.1462 99.6328 151.1991 -475.3283 -191.0910 24.9084 -154.6841 741.5010 -71.6480 -140.8335 -417.5667 30.3855 -199.9489 -108.7103 -236.5033 388.1829 -197.7709 -294.1914 -774.0029 -96.4577 -78.9608 776.3990 187.4742 227.5492 -403.6978 -175.7551 149.8418 391.2462 119.4512 379.6369 -416.5330 -593.0599 16.8270 -419.9274 -464.4065 -326.1209 435.4659 -364.8823 -246.8580 163.1092 2.6228 -159.6740 569.8495 -28.3631 65.1720 -232.7647 -61.3451 -199.5336 -294.4570 -153.3027 382.7635 456.8630 -127.1133 528.8087 -158.3510 467.4727 135.7784 -64.1379 -107.9039 -159.3658 -188.6815 672.1965 -42.5903 181.4895 80.6459 402.4210 147.9030 34.7208 -304.0534 -586.6407 -450.7922 -234.6841 250.7401 87.3375 -270.8305 -533.4943 -13.8771 99.7243 55.0204 -47.3276
-351.5812 -755.0829 987.5912 2329.4663 18.7599 -1420.4431 -3052.5251 -652.7120 -1985.7794 -2823.9482 3078.7048 1806.3479 3243.5344 2622.1719 340.1906 3675.4307 709.3983 -142.2037 1354.9891 -660.0861 -2222.3936 -3547.3147 -1577.2878 2080.8267 -2205.6689 265.5169 -1217.0736 -3076.3601 2254.5037 -2414.1479 1831.4829 -1019.6615 672.6420 1223.9086 -557.3871 1446.1157 88.7189 220.6155 -682.5109 -661.9385 -1264.0911 3964.7405 5872.7832 621.5060 -3429.7358 -1824.6538 -2523.5291 -1213.5917 3310.7166 -930.1433 35.5653 4260.5610 -1978.9818 3811.8018 1761.4410 602.9878 2146.3784 -2245.4507 2704.5962 -2867.6069 -4373.4541 533.8154 1169.4399 -2656.5740 -2148.4399 -3111.7852 -1870.8525 -1603.4801 1654.2972 -1283.8945 -1425.3917 -3072.0098 2243.7639 -409.6395 -693.8154 -3567.3755 -94.9235 -455.5174 2839.8223 1174.0428 -833.8069 -529.0214 -3561.2180 -418.6157 3443.7883 1308.3914 7.9172 5107.6343 1051.6670 -850.6700 2042.7524 -3054.8374 -3281.8267 -1338.9363 2984.2170 -3626.3127 -595.7376 -433.6928 -48.1228 -1579.6173 -4027.5659 1595.1910 1974.0525 -2419.0828 3838.2253 -2464.4453 2260.1470 -416.6033 4273.7080 42.4823 -716.2788 3288.2986 648.8671 -1855.6119 3428.6638 -2460.3438 657.4290 -1064.2925 2248.6047 645.1567 -2627.6877 -871.0287 -524.5493 -3465.4761 1969.5458 -3864.0278 1184.7909 216.2942 -1328.3086 140.1501 1894.7096 1518.2125 -2059.2668 2651.5295 284.4398 3275.8542 -2265.1011 -1074.7441 6366.1958 -774.4360 1027.5439 -950.9043 536.5424 -2058.8792 -1029.5365 338.3343 1872.8922 -370.3994 253.4797 2087.5505 996.3823 -1497.9331 3333.5906 -3757.5312 -434.5388 -628.5623 456.5250 -1758.0953 -4713.5957 336.7670 1760.8163 -3742.0610 -2675.1460 -2241.3694 912.9112 -1714.3978 1105.3356 193.7228 -2863.8977 1897.8646 4962.8301 -686.6768 2257.7224 -1098.1421 -2372.0969 3107.1538 -159.7829 -1815.4977 2064.0754 -693.8657 734.7289 1102.4567 -3423.7939 143.1919 -439.9144 -3065.9414 -1523.5508 1555.7183 -1410.2871 7178.7847 -531.8564 4212.0698 -422.2928 -689.8120 -4617.2549 -1007.9238 1143.2905 -276.8003 -2305.1697 -425.1154 4822.6553 2569.9834 675.5342 -167.5057 -1123.1139 3513.3740 -480.8352 -316.0348 1876.9885 1476.5123 -785.2605 -2861.4541 -2824.7261 -1162.1158 -903.6968 -1858.2964 -3646.1860 -941.9737 -1694.3789 -2269.0557 107.9470 -762.9142 -1157.5121 3639.8003 1463.0852 -190.8296 1184.6294 -5677.8301 548.5446 1078.8252 3197.6614 -232.4267 1531.0760 832.4292 1810.9655 -2972.8572 1514.2058 2252.8733 5926.8027 738.2865 604.6783 -5945.2534 -1435.3875 -1742.4110 3091.4478 1347.9900 -1147.5287 -2995.9617 -914.8611 -2907.3936 3189.4309 4541.2656 -128.7042 3215.8682 3556.2878 2496.9121 -3334.3674 2794.2197 1890.1993 -1248.9352 -20.2557 1222.6511 -4364.1211 217.1181 -499.0759 1782.1096 469.6966 1528.0913 2254.6758 1173.3029 -2930.9651 -3498.2769 973.2689 -4049.5332 1212.5145 -3579.5823 -1039.8729 491.3680 826.4336 1220.2865 1445.0084 -5147.5259 326.3835 -1389.7312 -617.3329 -3081.3291 -1132.5637 -265.9977 2328.1436 4492.4565 3451.9773 1797.1216 -1920.3971 -668.9149 2073.7148 4085.4446 106.0782 -763.6104 -421.4030 362.3705
141.2040 303.1692 -396.5720 -935.3834 -7.4933 570.3835 1225.7271 262.0390 797.4083 1133.9657 -1236.2789 -725.3959 -1302.4335 -1052.9634 -136.5951 -1475.8420 -284.8745 57.1396 -544.1455 265.0383 892.3218 1424.4158 633.3441 -835.5415 885.6769 -106.5925 488.6754 1235.3342 -905.3067 969.4150 -735.4316 409.4540 -270.1183 -491.4520 223.7787 -580.6421 -35.5906 -88.5735 274.0493 265.8274 507.6038 -1592.0469 -2358.2021 -249.5708 1377.2266 732.7009 1013.3335 487.3401 -1329.4073 373.4895 -14.2725 -1710.7788 794.6462 -1530.6422 -707.3190 -242.1283 -861.8834 901.6431 -1086.0419 1151.4795 1756.1337 -214.3374 -469.5937 1066.7190 862.6268 1249.5077 751.2126 643.8722 -664.3088 515.5416 572.3896 1233.5817 -900.9934 164.4437 278.5690 1432.4906 38.1297 182.8992 -1140.2887 -471.4300 334.8313 212.4383 1430.0383 168.1177 -1382.8563 -525.4281 -3.1726 -2050.9829 -422.2605 341.5489 -820.2840 1226.6331 1317.8560 537.6360 -1198.2792 1456.1196 239.2215 174.1804 19.3298 634.2893 1617.2626 -640.5643 -792.7137 971.3387 -1541.2280 989.6339 -907.5678 167.2773 -1716.0930 -17.0394 287.6380 -1320.4030 -260.5761 745.1018 -1376.7856 987.8929 -264.0022 427.3489 -902.9327 -259.0703 1055.1014 349.7664 210.6534 1391.5754 -790.8431 1551.5983 -475.7494 -86.8607 533.3559 -56.2730 -760.7929 -609.6329 826.9333 -1064.7008 -114.1762 -1315.4132 909.5416 431.5082 -2556.3948 310.9712 -412.5950 381.8849 -215.4849 826.7736 413.4310 -135.8555 -752.0753 148.7552 -101.7836 -838.2043 -400.0544 601.5479 -1338.5919 1508.7854 174.5219 252.4119 -183.2855 706.0214 1892.6774 -135.2227 -707.0836 1502.6353 1074.2085 900.0085 -366.5783 688.4116 -443.8506 -77.7951 1149.9794 -762.0844 -1992.8223 275.7507 -906.5782 440.9329 952.5056 -1247.6355 64.1676 729.0333 -828.8271 278.6273 -295.0427 -442.6167 1374.8380 -57.5307 176.6461 1231.1041 611.7311 -624.7180 566.2937 -2882.6038 213.6298 -1691.3359 169.5880 277.0354 1854.0714 404.7152 -459.1176 111.1071 925.6646 170.6700 -1936.5497 -1031.9758 -271.2333 67.2772 450.9760 -1410.7644 193.0658 126.8839 -753.6707 -592.8770 315.3114 1148.9723 1134.2438 466.6590 362.8832 746.2397 1464.0671 378.2368 680.3679 911.1552 -43.3776 306.3622 464.7901 -1461.5573 -587.5009 76.6944 -475.6915 2279.9250 -220.2924 -433.1854 -1284.0144 93.3479 -614.8410 -334.2432 -727.1848 1193.7418 -608.0737 -904.6204 -2379.8850 -296.4754 -242.8032 2387.3372 576.3547 699.6681 -1241.3385 -541.2943 460.9578 1203.3097 367.3018 1167.4657 -1280.7341 -1823.5586 51.6677 -1291.3503 -1427.9718 -1002.6425 1338.9485 -1122.0096 -758.9812 501.5106 8.1106 -490.9407 1752.3987 -87.1876 200.4309 -715.6168 -188.5872 -613.5920 -905.3282 -471.1162 1176.9331 1404.7122 -390.8380 1626.0804 -486.9047 1437.3890 417.5786 -197.3552 -331.8075 -490.0059 -580.2711 2067.0461 -131.0672 558.0310 247.8969 1237.2887 454.7679 106.8259 -934.8281 -1803.9229 -1386.1475 -721.6227 771.2102 268.6102 -832.6888 -1640.4674 -42.5523 306.7005 169.1646 -145.5159
12.3391 26.4879 -34.6375 -81.6957 -0.6491 49.7679 107.0135 22.8954 69.6166 98.9942 -107.9263 -63.2971 -113.7623 -91.9472 -11.9242 -128.8658 -24.7953 4.9807 -47.5396 23.1743 77.9132 124.3425 55.2855 -73.0006 77.2958 -9.2915 42.6936 107.8303 -79.0211 84.6100 -64.2486 35.7637 -23.5885 -42.9341 19.4876 -50.6678 -3.1164 -7.7430 23.9175 23.1716 44.2914 -139.0663 -205.9393 -21.8220 120.2246 63.9658 88.4859 42.5864 -116.0909 32.6059 -1.1837 -149.3615 69.3850 -133.6750 -61.7494 -21.1809 -75.2744 78.7754 -94.8273 100.4527 153.3871 -18.7844 -40.9966 93.0898 75.3359 109.1307 65.5970 56.2111 -58.0325 45.0227 50.0001 107.7014 -78.6969 14.3514 24.2803 125.0672 3.3361 15.9818 -99.4709 -41.1829 29.2568 18.5689 124.8391 14.6505 -120.7567 -45.9050 -0.2785 -179.0582 -36.8491 29.8415 -71.6199 107.1301 115.0542 46.9692 -104.6169 127.1324 20.8944 15.1765 1.6932 55.4083 141.2453 -55.9158 -69.2315 84.8228 -134.6488 86.3877 -79.2924 14.6141 -149.8126 -1.5163 25.0707 -115.3041 -22.7066 65.0971 -120.2573 86.2706 -23.0361 37.3313 -78.8256 -22.5912 92.1676 30.5512 18.3818 121.4137 -69.0237 135.4992 -41.5593 -7.5956 46.5324 -4.8999 -66.3844 -53.1954 72.1907 -92.9555 -10.0000 -114.8157 79.4097 37.6626 -223.2400 27.1644 -35.9663 33.3627 -18.8549 72.2224 36.1063 -11.8408 -65.6853 12.9916 -8.8782 -73.1898 -34.9027 52.5730 -116.8776 131.7478 15.2401 22.0248 -15.9968 61.6220 165.2617 -11.8143 -61.7417 131.1414 93.7906 78.5593 -31.9842 60.0659 -38.7510 -6.8247 100.4330 -66.5304 -174.0091 24.0286 -79.1804 38.4844 83.2012 -108.9185 5.5893 63.6246 -72.4008 24.3666 -25.7865 -38.6515 120.0144 -5.0111 15.4092 107.4890 53.3639 -54.5979 49.3867 -251.6802 18.6809 -147.6486 14.8233 24.1978 161.9354 35.3524 -40.0836 9.6906 80.8086 14.8607 -169.0383 -90.0941 -23.6823 5.8977 39.4058 -123.1821 16.8470 11.1034 -65.7482 -51.7360 27.5113 100.3577 99.0503 40.7007 31.6342 65.1165 127.8604 33.0294 59.4439 79.5482 -3.7592 26.7546 40.5816 -127.5747 -51.2810 6.7208 -41.5844 199.0589 -19.2507 -37.8535 -112.1434 8.1689 -53.6771 -29.2252 -63.4700 104.2456 -53.0777 -78.9787 -207.8038 -25.8721 -21.2246 208.5002 50.2978 61.0380 -108.3830 -47.2394 40.2385 105.0721 32.3866 101.9330 -111.8197 -159.2148 4.5726 -112.7650 -124.6445 -87.5445 116.8998 -97.9478 -66.3063 43.7953 0.7402 -42.8754 153.0439 -7.6216 17.4688 -62.4653 -16.5031 -53.5964 -79.0301 -41.1768 102.7641 122.6623 -34.1000 141.9164 -42.5240 125.5266 36.4709 -17.2421 -28.9714 -42.7575 -50.6642 180.4937 -11.4140 48.7543 21.6217 107.9723 39.7455 9.2910 -81.6197 -157.5083 -120.9987 -62.9758 67.3213 23.4198 -72.6624 -143.1876 -3.7294 26.7957 14.7421 -12.6887
-48.1825 -103.5225 135.3308 319.1578 2.5779 -194.6184 -418.2573 -89.4279 -272.1233 -386.9496 421.8702 247.5159 444.4918 359.3109 46.6411 503.6003 97.2502 -19.4743 185.6772 -90.4725 -304.5127 -486.0700 -216.1456 285.1432 -302.1766 36.4253 -166.7409 -421.5904 308.9572 -330.8061 250.9702 -139.6961 92.1567 167.6998 -76.4266 198.1468 12.1249 30.2622 -93.5221 -90.7307 -173.2156 543.2649 804.7009 85.1523 -469.9585 -250.0581 -345.7655 -166.3591 453.6194 -127.4253 4.9083 583.8232 -271.1938 522.3076 241.3932 82.6484 294.0974 -307.7065 370.6217 -392.9661 -599.2525 73.1621 160.2984 -364.0454 -294.4013 -426.4429 -256.4061 -219.7438 226.6943 -175.9256 -195.3379 -420.9098 307.4544 -56.1042 -95.0535 -488.8405 -13.0178 -62.3950 389.1068 160.9166 -114.2885 -72.4742 -488.0135 -57.4227 471.9090 179.2167 1.0856 699.9221 144.1539 -116.5478 279.8631 -418.5942 -449.7393 -183.4854 408.9449 -496.8873 -81.5936 -59.4699 -6.6298 -216.4612 -551.8511 218.5814 270.5079 -331.4528 525.9703 -337.7103 309.7175 -57.1191 585.6096 5.8229 -98.1622 450.5702 88.9058 -254.2694 469.8345 -337.1331 90.1040 -145.8218 308.0844 88.4405 -360.0569 -119.3276 -71.9024 -474.8655 269.9141 -529.4882 162.3857 29.5928 -181.9848 19.2047 259.6152 208.0209 -282.1371 363.3130 38.9514 448.8787 -310.3416 -147.2766 872.3086 -106.1230 140.7862 -130.3090 73.5528 -282.1898 -141.0908 46.3847 256.6140 -50.7412 34.6915 286.0395 136.5736 -205.2607 456.7409 -514.8986 -59.5278 -86.1057 62.5675 -240.9212 -645.8503 46.1485 241.2573 -512.7900 -366.5780 -307.1179 125.1107 -234.9126 151.4532 26.5358 -392.4242 260.0877 680.0306 -94.1091 309.3618 -150.4722 -325.0473 425.7151 -21.9188 -248.7308 282.8322 -95.0854 100.6835 151.0986 -469.1808 19.6317 -60.2789 -420.0936 -208.7994 213.1611 -193.2519 983.6717 -72.9215 577.1701 -57.8564 -94.5287 -632.6702 -138.1499 156.6407 -37.9345 -315.8640 -58.2104 660.8749 352.1492 92.5677 -22.9337 -153.9223 481.3779 -65.8787 -43.3254 257.1618 202.3810 -107.6104 -392.0956 -387.0784 -159.1868 -123.8709 -254.6152 -499.6339 -129.0530 -232.1889 -310.9394 14.7855 -104.5204 -158.6495 498.6933 200.4570 -26.1976 162.3438 -777.9615 75.2114 147.8760 438.1549 -31.8506 209.7913 114.0854 248.1571 -407.3284 207.4403 308.7047 812.0955 101.2010 82.8694 -814.6667 -196.6871 -238.7397 423.6465 184.7093 -157.3007 -410.5733 -125.2873 -398.1225 437.0013 622.2768 -17.6713 440.6896 487.3069 342.1721 -456.9145 382.9068 259.0601 -171.1277 -2.8079 167.5280 -598.0309 29.7497 -68.4104 244.1779 64.4120 209.3809 308.9692 160.7535 -401.5746 -479.4164 133.3809 -554.9724 166.1277 -490.5082 -142.4949 67.3344 113.2668 167.2206 197.9979 -705.3500 44.7297 -190.4656 -84.6043 -422.2405 -155.2142 -36.4677 318.9631 615.6199 472.9916 246.2448 -263.1784 -91.5987 284.1532 559.8083 14.5469 -104.6468 -57.6843 49.5966
-144.8861 -311.1286 407.0063 959.9668 7.8186 -585.3947 -1258.0078 -269.0177 -818.3882 -1163.7812 1268.7861 744.4386 1336.7023 1080.6152 140.1916 1514.6714 292.3345 -58.6150 558.4241 -272.0289 -915.9240 -1461.8666 -649.9799 857.5283 -908.9791 109.3981 -501.5615 -1267.8136 929.1143 -994.8395 754.7610 -420.2054 277.2247 504.4041 -229.6804 596.0010 36.5359 90.8944 -281.2821 -272.8054 -520.9432 1633.9010 2420.2300 256.1027 -1413.4580 -751.9212 -1039.9293 -500.0996 1364.3081 -383.3206 14.6855 1755.7671 -815.5701 1570.9252 725.9707 248.4815 884.5010 -925.3890 1114.5688 -1181.8096 -1802.3104 220.0121 481.9304 -1094.8540 -885.3273 -1282.3339 -770.9615 -660.8030 681.7728 -529.1175 -587.3759 -1265.9967 924.6710 -168.8462 -285.9491 -1470.1506 -39.1027 -187.7013 1170.3171 483.8120 -343.6308 -218.0320 -1467.6216 -172.5721 1419.2477 539.1936 3.2326 2104.9717 433.4164 -350.5549 841.8243 -1258.9209 -1352.4762 -551.7524 1229.7932 -1494.4340 -245.5130 -178.7019 -19.8356 -650.9601 -1659.8029 657.4054 813.5300 -996.9341 1581.7429 -1015.6065 931.3831 -171.6528 1761.2439 17.5003 -295.1954 1355.1324 267.4237 -764.7205 1412.9377 -1013.9857 270.9050 -438.5860 926.6953 265.8246 -1082.8901 -359.0192 -216.2216 -1428.1615 811.7715 -1592.4166 488.2702 89.1227 -547.4109 57.7089 780.8828 625.6628 -848.6505 1092.6641 117.2168 1350.0271 -933.4628 -442.9016 2623.6301 -319.1931 423.5345 -391.9157 221.1167 -848.5144 -424.2718 139.3933 771.8367 -152.6952 104.4377 860.2947 410.5386 -617.2781 1373.8585 -1548.5018 -179.1106 -258.9764 188.1653 -724.5483 -1942.5349 138.7699 725.6820 -1542.1790 -1102.4802 -923.7002 376.2468 -706.5490 455.5046 79.7823 -1180.2008 782.1348 2045.2148 -282.9977 930.4377 -452.5544 -977.5676 1280.4886 -65.8365 -748.2744 850.5872 -285.9253 302.7900 454.3051 -1411.0123 59.0313 -181.3077 -1263.4819 -627.8403 641.0784 -581.1852 2958.4883 -219.1904 1735.8544 -174.0914 -284.3325 -1902.8264 -415.3438 471.1611 -114.0742 -949.9591 -175.1660 1987.4526 1059.0969 278.3975 -69.0125 -462.8631 1447.9425 -198.1235 -130.1731 773.5559 608.4863 -323.6308 -1179.2041 -1164.0803 -478.9086 -372.4704 -765.7914 -1502.6086 -388.2057 -698.2958 -935.0874 44.5041 -314.3748 -477.0285 1500.0162 602.9405 -78.6430 488.1458 -2339.9236 226.0718 444.6312 1317.7874 -95.8015 630.9957 343.0743 746.3434 -1225.1256 624.0656 928.4050 2442.5208 304.2891 249.2289 -2450.0913 -591.4786 -718.1020 1273.9846 555.4952 -473.0660 -1234.6526 -376.9889 -1198.1508 1314.7051 1871.5397 -53.0031 1325.2727 1465.5386 1028.9977 -1374.1315 1151.4855 779.0067 -514.7029 -8.3013 503.8835 -1798.4651 89.4667 -205.6649 734.4623 193.5797 629.7740 929.2151 483.5410 -1207.8564 -1441.6550 401.1276 -1668.8447 499.7194 -1475.2100 -428.4927 202.4872 340.5582 502.9503 595.5220 -2121.3713 134.4527 -572.6984 -254.4321 -1269.8650 -466.7556 -109.6405 959.4906 1851.3940 1422.5820 740.5859 -791.4040 -275.6709 854.6160 1683.6055 43.6803 -314.7152 -173.6397 149.3219
144.3555 310.0688 -405.5884 -956.5669 -7.7208 583.3691 1253.5325 268.0750 815.5084 1159.6514 -1264.2621 -741.7593 -1331.9655 -1076.7683 -139.6878 -1509.3075 -291.2983 58.3674 -556.4172 271.0581 912.5952 1456.7323 647.7475 -854.5063 905.7538 -109.0123 499.8297 1263.2832 -925.8133 991.3739 -752.1193 418.7667 -276.1815 -502.6389 228.9037 -593.8863 -36.4434 -90.5705 280.2574 271.8781 519.0991 -1628.0927 -2411.6902 -255.2298 1408.4517 749.2648 1036.2655 498.3499 -1359.5469 382.0302 -14.6332 -1749.5962 812.7307 -1565.3716 -723.3535 -247.6182 -881.4101 922.1165 -1110.6548 1177.6093 1795.9291 -219.2272 -480.2486 1090.9510 882.2330 1277.8147 768.2510 658.5450 -679.3541 527.2421 585.3354 1261.5309 -921.4550 168.2140 284.9100 1464.9279 38.9760 187.0304 -1166.1302 -482.0882 342.4158 217.2568 1462.4086 171.9104 -1414.2441 -537.2822 -3.2523 -2097.4880 -431.8514 349.3437 -838.8663 1254.4890 1347.7084 549.7999 -1225.5243 1489.1592 244.6144 178.1107 19.7683 648.6389 1653.9641 -655.0770 -810.6755 993.3824 -1576.1979 1012.0164 -928.1084 171.0562 -1755.0850 -17.4829 294.1422 -1350.3716 -266.4438 761.9978 -1408.0156 1010.3723 -269.9849 437.0382 -923.4213 -264.8749 1079.1063 357.6663 215.4011 1423.1263 -808.8156 1586.8290 -486.5101 -88.8033 545.5329 -57.5090 -778.1104 -623.4366 845.6949 -1088.7980 -116.8035 -1345.2473 930.1494 441.3327 -2614.3083 318.0457 -421.9748 390.5079 -220.3328 845.4787 422.8200 -138.9342 -769.0963 152.0996 -104.0723 -857.2563 -409.1535 615.1021 -1368.9827 1543.0392 178.4417 258.1213 -187.4672 721.9609 1935.6372 -138.2741 -723.0287 1536.6691 1098.5740 920.4090 -374.8625 704.0243 -453.9116 -79.5846 1176.0697 -779.3607 -2038.0110 282.0089 -927.1394 450.9695 974.1143 -1275.9885 65.5906 745.5390 -847.6793 284.9195 -301.7067 -452.7371 1406.0118 -58.8157 180.6543 1259.0487 625.6717 -638.8517 579.1137 -2948.0159 218.3888 -1729.6970 173.3900 283.2755 1896.1129 413.9506 -469.4772 113.6404 946.6498 174.5564 -1980.4750 -1055.3453 -277.4348 68.7680 461.2053 -1442.7565 197.4177 129.8128 -770.8171 -606.3098 322.4789 1175.0813 1159.9603 477.2528 371.1054 763.0844 1497.3435 386.8077 695.7675 931.7866 -44.3303 313.2952 475.3467 -1494.6759 -600.8309 78.3892 -486.4287 2331.6003 -225.2840 -443.0341 -1313.1748 95.4710 -628.7329 -341.8080 -743.6752 1220.8438 -621.8149 -925.1182 -2433.8811 -303.1872 -248.3339 2441.4446 589.4582 715.5140 -1269.5259 -553.5425 471.3783 1230.3302 375.6920 1193.9609 -1309.7040 -1864.5443 52.8458 -1320.5713 -1460.3868 -1025.4091 1369.2533 -1147.4587 -776.2468 512.8559 8.3340 -502.0623 1792.0844 -89.1913 204.9599 -731.8332 -192.9124 -627.5624 -925.8815 -481.8349 1203.5739 1436.5695 -399.7134 1662.9729 -497.9263 1469.9719 427.0137 -201.7726 -339.4178 -501.1128 -593.3686 2113.8477 -133.9690 570.6830 253.4568 1265.3694 465.1181 109.2635 -956.1023 -1844.8375 -1417.5696 -737.9908 788.6343 274.6776 -851.5704 -1677.6968 -43.5822 313.5823 173.1139 -148.7755
23.4096 50.2988 -65.7754 -155.1079 -1.2341 94.5336 203.1985 43.4441 132.1886 188.0084 -204.9496 -120.2555 -215.9496 -174.5710 -22.6767 -244.6863 -47.2374 9.4371 -90.2053 43.9233 147.9839 236.1247 104.9759 -138.4692 146.8427 -17.6668 81.0540 204.8602 -150.1151 160.7332 -121.9608 67.9221 -44.8053 -81.4744 37.0468 -96.2554 -5.9005 -14.7253 45.4119 44.0553 84.1406 -263.9096 -390.9687 -41.3971 228.3172 121.4627 167.9964 80.7961 -220.4248 61.9153 -2.3695 -283.6097 131.7915 -253.7469 -117.2604 -40.1375 -142.9002 149.4994 -180.0464 190.8444 291.1634 -35.5092 -77.8424 176.8272 143.0266 207.1125 124.5530 106.7261 -110.1265 85.4382 94.9515 204.4721 -149.3429 27.2885 46.1717 237.4884 6.3345 30.3282 -189.0530 -78.1486 55.5310 35.2153 237.0823 27.8475 -229.2652 -87.1436 -0.5096 -340.0263 -70.0090 56.6501 -135.9152 203.3558 218.4691 89.1459 -198.6532 241.3626 39.6902 28.8920 3.2182 105.1621 268.1530 -106.1771 -131.4057 160.9996 -255.5069 164.0640 -150.4453 27.7135 -284.5219 -2.8720 47.6763 -218.9013 -43.2138 123.5391 -228.2784 163.7956 -43.7620 70.8467 -149.6929 -42.9889 174.9050 57.9849 34.9092 230.6983 -131.0823 257.2067 -78.9048 -14.4150 88.4092 -9.2984 -126.1544 -101.0384 137.0950 -176.5591 -18.9148 -218.0614 150.7908 71.5870 -423.8551 51.5620 -68.3642 63.3451 -35.6993 137.0780 68.4913 -22.5374 -124.6796 24.6985 -16.8672 -138.9565 -66.3254 99.7332 -221.9185 250.1245 28.9001 41.8552 -30.3856 117.0151 313.7577 -22.4150 -117.2138 249.1075 178.1012 149.1925 -60.7669 114.1181 -73.5728 -12.8823 190.6368 -126.3536 -330.4257 45.7154 -150.3216 73.0658 157.9274 -206.8723 10.6782 120.8675 -137.4437 46.1996 -48.9176 -73.3381 227.9145 -9.5848 29.3007 204.0823 101.4345 -103.5679 93.8491 -477.9023 35.4527 -280.3431 28.1046 45.9192 307.3693 67.1151 -76.1283 18.4144 153.4570 28.2822 -320.9975 -171.1181 -44.9504 11.1805 74.7893 -233.8649 32.0052 21.0111 -124.9238 -98.3147 52.2384 190.4684 188.0356 77.3599 60.1329 123.6943 242.7153 62.7146 112.7941 151.0534 -7.2016 50.7831 77.0485 -242.2955 -97.3746 12.7200 -78.8881 378.0080 -36.5189 -71.7957 -212.8374 15.4760 -101.8997 -55.4158 -120.5816 197.9058 -100.7923 -150.0039 -394.5628 -49.1441 -40.2096 395.8029 95.5300 116.0086 -205.7961 -89.7672 76.3933 199.3865 60.8498 193.5293 -212.3629 -302.3290 8.8907 -214.1238 -236.7245 -166.2355 221.9803 -185.9750 -125.8641 83.1089 1.3347 -81.3952 290.5004 -14.4337 33.1922 -118.6380 -31.2508 -101.6998 -150.0966 -78.1026 195.0948 232.8926 -64.8310 269.5833 -80.7038 238.2730 69.3018 -32.7219 -55.0097 -81.2589 -96.1762 342.6991 -21.7372 92.5297 41.1039 205.1382 75.3739 17.6905 -154.9782 -299.0431 -229.8383 -119.6092 127.8147 44.5522 -138.0448 -271.9672 -7.0563 50.8848 28.0467 -24.1254
170.0118 365.1530 -477.5410 -1126.4326 -9.0722 686.9034 1476.1154 315.6443 960.2244 1365.6182 -1488.7649 -873.4961 -1568.4629 -1267.9934 -164.4935 -1777.2909 -343.0914 68.7494 -655.2234 319.1942 1074.6619 1715.3667 762.7535 -1006.2184 1066.5280 -128.3674 588.5508 1487.6348 -1090.2694 1167.3719 -885.7243 493.1155 -325.2751 -591.8423 269.5578 -699.2451 -42.8696 -106.6972 330.0135 320.0870 611.2708 -1917.1819 -2839.8303 -300.5545 1658.4635 882.2936 1220.2319 586.8590 -1600.9327 449.7821 -17.1921 -2060.2854 956.9259 -1843.1824 -851.7645 -291.5910 -1037.9235 1085.8121 -1307.8369 1386.6884 2114.7856 -258.1053 -565.5031 1284.6326 1038.8761 1504.7405 904.6821 775.3873 -799.9586 620.8076 689.2605 1485.5320 -1084.9880 198.0243 335.4446 1725.0504 45.8908 220.2306 -1373.2214 -567.7125 403.1896 255.8500 1722.0541 202.4265 -1665.2670 -632.6349 -3.8197 -2469.9016 -508.5651 411.3173 -987.8117 1477.2010 1586.9934 647.4613 -1443.0525 1753.5702 288.0352 209.7598 23.2994 763.8309 1947.5768 -771.4098 -954.5728 1169.7632 -1856.0105 1191.6715 -1092.8989 201.4788 -2066.5669 -20.5085 346.3704 -1590.1084 -313.7754 897.3307 -1657.9924 1189.7316 -317.9203 514.6482 -1087.3719 -311.9846 1270.6678 421.1527 253.6707 1675.7686 -952.4006 1868.4905 -572.9220 -104.5590 642.2974 -67.7279 -916.2076 -734.1731 995.7673 -1282.1821 -137.5496 -1584.1210 1095.2845 519.6788 -3078.4495 374.5106 -496.8979 459.7962 -259.4740 995.6217 497.8875 -163.6127 -905.6404 179.0921 -122.5466 -1009.4438 -481.8036 724.3287 -1611.9833 1817.0232 210.1193 303.9236 -220.8069 850.1438 2279.3191 -162.8507 -851.4570 1809.5227 1293.6250 1083.8376 -441.4859 829.0367 -534.4838 -93.6677 1384.8721 -917.7219 -2399.8657 332.1169 -1091.7654 531.0748 1147.0753 -1502.4800 77.3437 877.8757 -998.1232 335.5396 -355.2779 -533.0752 1655.6306 -69.2587 212.7699 1482.6036 736.7117 -752.3108 681.9056 -3471.3513 257.2058 -2036.8146 204.1828 333.5649 2232.7612 487.4284 -552.8465 133.8583 1114.6860 205.6176 -2332.0522 -1242.7146 -326.6750 80.9767 543.0604 -1698.9559 232.5331 152.7723 -907.6481 -714.0364 379.7204 1383.6703 1365.9589 561.9583 436.9666 898.5876 1763.1490 455.4485 819.3790 1097.2405 -52.2205 368.8999 559.7117 -1760.0863 -707.4688 92.2743 -572.8087 2745.6138 -265.2904 -521.6617 -1546.2456 112.4288 -740.3544 -402.5092 -875.6917 1437.5657 -732.1692 -1089.3831 -2865.9302 -357.0132 -292.4186 2874.8621 694.1116 842.5681 -1494.9534 -651.8322 555.0579 1448.7786 442.3804 1405.9011 -1542.2866 -2195.9844 62.1862 -1554.7615 -1719.6843 -1207.4545 1612.3883 -1351.1772 -913.9902 603.9366 9.7534 -591.2435 2110.3447 -105.0150 241.3406 -861.7550 -227.1041 -738.8950 -1090.2723 -567.3243 1417.2906 1691.6813 -470.6580 1958.2297 -586.2979 1730.9738 502.8877 -237.6069 -399.6130 -590.0732 -698.7875 2489.1519 -157.8360 672.0518 298.5440 1490.0728 547.6748 128.6827 -1125.8120 -2172.3914 -1669.2380 -868.9889 928.6237 323.4456 -1002.8100 -1975.5630 -51.3108 369.2263 203.7644 -175.2330
-537.0949 -1153.5083 1508.8549 3558.7690 28.6793 -2170.1274 -4663.5020 -997.1015 -3033.8091 -4314.2524 4703.5332 2759.6316 4955.3262 4006.0383 519.7312 5615.1382 1083.7870 -217.2227 2070.1128 -1008.3784 -3395.1948 -5419.3882 -2409.6770 3178.9482 -3369.7087 405.5909 -1859.3785 -4699.9360 3444.4089 -3688.0979 2798.1052 -1557.8149 1027.5956 1869.8325 -851.4601 2209.2612 135.4672 337.0676 -1042.6793 -1011.3582 -1931.2367 6057.0273 8972.0986 949.4768 -5239.7651 -2787.5725 -3855.2163 -1854.1005 5057.8608 -1421.0343 54.3826 6509.0078 -3023.4480 5823.4277 2691.0806 921.2386 3279.0920 -3430.4880 4131.9570 -4381.0205 -6681.4897 815.5271 1786.5950 -4058.6436 -3282.2026 -4753.9375 -2858.1455 -2449.7866 2527.3748 -1961.4928 -2177.5728 -4693.2056 3427.9275 -625.7804 -1059.9363 -5450.0229 -145.0211 -695.8665 4338.4604 1793.6433 -1273.9021 -808.2576 -5440.6377 -639.6260 5261.2583 1998.8318 12.1191 7803.2168 1606.7018 -1299.5504 3120.7688 -4667.0420 -5013.8403 -2045.5042 4559.1016 -5540.0923 -910.1528 -662.6228 -73.6276 -2413.1926 -6153.0454 2437.0701 3015.8560 -3695.6877 5863.8096 -3765.0500 3452.9248 -636.4015 6529.1714 64.9083 -1094.3066 5023.7041 991.3367 -2834.8782 5238.1572 -3758.7710 1004.3378 -1625.9486 3435.3589 985.5917 -4014.4731 -1330.7482 -801.4184 -5294.3955 3009.0176 -5903.2285 1810.0391 330.4978 -2029.3115 214.0731 2894.6470 2319.4514 -3146.0198 4050.7573 434.5327 5004.6680 -3460.4102 -1641.9175 9726.0010 -1183.1700 1569.8390 -1452.7626 819.6993 -3145.5305 -1572.9172 516.8896 2861.3325 -565.9926 387.2119 3189.1301 1522.0511 -2288.4905 5092.8833 -5740.5029 -663.8867 -960.2114 697.4686 -2685.9377 -7201.0957 514.4354 2690.0732 -5716.9795 -4086.9717 -3424.2319 1394.7162 -2619.2034 1688.6421 295.9557 -4375.2505 2899.3821 7581.9810 -1049.1370 3449.2537 -1677.7458 -3623.9939 4746.8906 -244.1478 -2773.6741 3153.4172 -1060.0159 1122.4860 1684.2172 -5230.7588 218.7414 -672.0826 -4683.9390 -2327.5315 2376.7153 -2154.4951 10967.3770 -812.6782 6434.9771 -645.1834 -1053.9429 -7054.0674 -1539.8427 1746.6082 -422.8521 -3521.7144 -649.4962 7367.8301 3926.2917 1032.0438 -255.8254 -1715.8234 5367.5728 -734.5580 -482.7686 2867.6016 2255.6914 -1199.6790 -4371.5259 -4315.3643 -1775.3839 -1380.6674 -2838.9978 -5570.4858 -1439.0613 -2588.5977 -3466.6125 164.9534 -1165.5011 -1768.4628 5560.6611 2235.1560 -291.5730 1809.7976 -8674.2891 838.1058 1648.1943 4885.2500 -355.1890 2339.1230 1271.7788 2766.6709 -4541.8066 2313.3970 3441.8354 9054.6094 1127.9856 923.8160 -9082.8359 -2192.9253 -2661.9753 4722.9102 2059.3621 -1753.6447 -4577.0879 -1397.5923 -4441.7041 4872.6724 6937.9497 -196.6384 4912.9644 5433.3481 3814.7336 -5094.0625 4268.8745 2887.8306 -1908.0490 -30.8744 1867.8494 -6667.2544 331.7346 -762.5219 2722.6826 717.5840 2334.5437 3444.5801 1792.4667 -4477.7432 -5344.4688 1486.9583 -6186.6387 1852.4283 -5468.7437 -1588.6204 750.6473 1262.4841 1864.4075 2207.6584 -7864.1709 498.5961 -2123.1499 -943.1460 -4707.5527 -1730.3448 -406.4150 3556.8398 6863.3110 5273.7529 2745.4368 -2933.9158 -1021.8588 3168.1167 6241.4185 162.0902 -1166.6475 -643.7505 553.5626
157.8660 339.0670 -443.5078 -1046.1246 -8.4507 637.9570 1370.8170 293.1132 891.7806 1268.2155 -1382.6188 -811.2264 -1456.6633 -1177.5920 -152.7887 -1650.5469 -318.6198 63.8438 -608.5374 296.4196 997.9972 1593.0308 708.3344 -934.4429 990.5234 -119.2431 546.5996 1381.6084 -1012.5080 1084.1569 -822.5027 457.9311 -302.1058 -549.6529 250.3268 -649.4777 -39.8307 -99.0783 306.5229 297.2951 567.7000 -1780.4923 -2637.3159 -279.1204 1540.2539 819.3926 1133.2594 544.9920 -1486.7563 417.6804 -16.0124 -1913.3599 888.7397 -1711.7821 -791.0362 -270.7599 -963.9066 1008.3560 -1214.5757 1287.8625 1963.9993 -239.7632 -525.1782 1193.0604 964.8400 1397.4291 840.1974 720.1197 -742.9121 576.5530 640.0878 1379.5754 -1007.6904 183.9256 311.5925 1602.0554 42.6133 204.5268 -1275.3254 -527.2556 374.4469 237.5867 1599.2738 188.0328 -1546.5813 -587.5547 -3.4897 -2293.7759 -472.2887 382.0432 -917.3358 1371.8341 1473.8284 601.2943 -1340.1530 1628.5068 267.4866 194.7675 21.6244 709.3527 1808.7236 -716.3916 -886.4930 1086.3556 -1723.6782 1106.7168 -1014.9764 187.0451 -1919.3010 -19.1061 321.6545 -1476.6995 -291.4512 833.3229 -1539.7679 1104.9048 -295.2963 477.9446 -1009.8560 -289.7288 1180.0427 391.1339 235.6034 1556.3739 -884.4900 1735.2848 -532.0914 -97.1507 596.5192 -62.9357 -850.9388 -681.8060 924.8097 -1190.7170 -127.6970 -1471.1908 1017.2337 482.6320 -2858.9324 347.7896 -461.4643 427.0901 -241.0005 924.6271 462.3580 -151.9465 -841.0685 166.3453 -113.8154 -937.4783 -447.4525 672.7175 -1497.0532 1687.4358 195.1441 282.3031 -205.0242 789.5294 2116.7729 -151.2268 -790.7333 1680.5116 1201.3954 1006.5371 -409.9871 769.9045 -496.3583 -87.0162 1286.1271 -852.2983 -2228.7344 308.4429 -1013.8999 493.1921 1065.2566 -1395.4321 71.7358 815.2747 -926.9038 311.5946 -329.9293 -495.0909 1537.5927 -64.3031 197.5786 1376.8502 684.2209 -698.6669 633.3099 -3223.9045 238.9113 -1891.5975 189.6514 309.7832 2073.5564 452.6513 -513.3945 124.2621 1035.2449 190.8748 -2165.7800 -1154.0864 -303.3826 75.2130 504.3707 -1577.7694 215.8970 141.8799 -842.9076 -663.0427 352.6717 1284.9900 1268.5225 521.8684 405.8295 834.5701 1637.4528 422.9733 760.9126 1019.0114 -48.5009 342.6403 519.8008 -1634.5675 -657.0497 85.7506 -531.9546 2549.8074 -246.3532 -484.4743 -1436.0701 104.3968 -687.5760 -373.8232 -813.2370 1335.0663 -680.0228 -1011.7180 -2661.6362 -331.5670 -271.5713 2669.8811 644.6310 782.4628 -1388.3391 -605.3402 515.5175 1345.4895 410.7871 1305.7024 -1432.2968 -2039.4326 57.8217 -1444.1868 -1597.0936 -1121.0651 1497.3772 -1254.8583 -848.8641 560.8958 9.0233 -549.0419 1959.8582 -97.5123 224.1555 -800.3480 -210.9442 -686.2622 -1012.5851 -526.8637 1316.1719 1571.0349 -437.0915 1818.6169 -544.5612 1607.5546 466.9887 -220.6701 -371.1523 -548.0558 -648.9957 2311.6741 -146.5355 624.0681 277.2307 1383.8269 508.6659 119.4905 -1045.5122 -2017.4941 -1550.2354 -807.0357 862.4320 300.3976 -931.3049 -1834.7020 -47.6853 342.9682 189.2196 -162.7156
84.8966 182.3900 -238.6490 -562.7308 -4.5039 343.1893 737.4294 157.6506 479.7855 682.1844 -743.7624 -436.4015 -783.6157 -633.5205 -82.1849 -887.9943 -171.3871 34.3727 -327.4057 159.5052 536.8884 856.9917 381.0760 -502.6809 532.8969 -64.2183 294.0670 743.2377 -544.6816 583.2286 -442.4552 246.3002 -162.5350 -295.7080 134.6572 -349.3629 -21.4743 -53.3243 164.8793 159.9539 305.4153 -957.8056 -1418.8331 -150.1461 828.6145 440.8486 609.6908 293.1764 -799.8083 224.7081 -8.6309 -1029.2764 478.1510 -920.9155 -425.5810 -145.6664 -518.5484 542.4823 -653.4034 692.8223 1056.5764 -128.9551 -282.5398 641.8257 519.0472 751.7900 451.9798 387.4779 -399.6626 310.2042 344.3808 742.1609 -542.1107 99.0173 167.5868 861.8802 22.9190 110.0161 -686.0449 -283.6556 201.4716 127.8257 860.3713 101.1735 -832.0250 -316.1268 -1.9662 -1233.9850 -254.0233 205.5364 -493.5201 738.0376 792.9199 323.4481 -720.9317 876.0710 143.9352 104.7584 11.6418 381.6110 973.0101 -385.3499 -476.9193 584.3947 -927.2701 595.4050 -546.0829 100.6248 -1032.4987 -10.2365 173.0594 -794.4126 -156.7719 448.2846 -828.3495 594.4149 -158.7947 257.1185 -543.2397 -155.8636 634.8168 210.4266 126.6937 837.2353 -475.8580 933.5331 -286.1916 -52.2137 320.9120 -33.8780 -457.7682 -366.7812 497.4785 -640.5686 -68.6932 -791.4192 547.2097 259.6437 -1538.0321 187.0433 -248.2676 229.7084 -129.6363 497.4202 248.7058 -81.7262 -452.4700 89.4938 -61.2149 -504.3266 -240.7074 361.9034 -805.3531 907.8057 105.0269 151.8577 -110.2751 424.7325 1138.7129 -81.3360 -425.4037 904.0733 646.3458 541.4834 -220.5596 414.1747 -267.0110 -46.8002 691.8530 -458.5135 -1199.0146 165.8946 -545.4323 265.2903 573.1357 -750.6445 38.6084 438.6406 -498.6506 167.5986 -177.4999 -266.2974 827.1723 -34.5801 106.3225 740.7050 368.0810 -375.8045 340.7125 -1734.3726 128.5188 -1017.6127 102.0637 166.6773 1115.5007 243.5194 -276.2321 66.8395 556.9058 102.6898 -1165.1199 -620.8618 -163.1939 40.4647 271.3128 -848.7946 116.1447 76.3421 -453.4833 -356.6445 189.7280 691.2645 682.3874 280.7208 218.3320 448.9536 880.8926 227.5515 409.3620 548.2170 -26.0645 184.3171 279.6464 -879.3497 -353.4157 46.0994 -286.1920 1371.7054 -132.5453 -260.6148 -772.5182 56.1785 -369.9011 -201.1227 -437.5063 718.2100 -365.8233 -544.3033 -1431.8734 -178.3995 -146.0866 1436.3245 346.7913 420.9930 -746.8330 -325.6687 277.3339 723.8235 220.9935 702.3818 -770.5150 -1097.1326 31.0948 -776.9039 -859.1790 -603.2452 805.8979 -675.0517 -456.6448 301.7568 4.9518 -295.3593 1054.3287 -52.4712 120.5703 -430.5505 -113.4831 -369.1815 -544.7432 -283.4366 708.0775 845.1268 -235.1453 978.3175 -292.9447 864.7944 251.1446 -118.6683 -199.6514 -294.8489 -349.1169 1243.6156 -78.8285 335.7511 149.1714 744.3865 273.6026 64.2837 -562.5043 -1085.3086 -833.9339 -434.1268 463.9284 161.6007 -500.9677 -987.0144 -25.6619 184.5475 101.7879 -87.4963
307.6094 660.6502 -864.0984 -2038.1150 -16.4301 1242.9030 2670.8643 571.0957 1737.4722 2470.8271 -2693.7705 -1580.5023 -2837.9583 -2294.2878 -297.6597 -3215.8564 -620.6795 124.4016 -1185.5131 577.5538 1944.4612 3103.7544 1380.0527 -1820.6609 1929.8467 -232.2729 1064.8972 2691.6921 -1972.6534 2112.1995 -1602.5133 892.2594 -588.5352 -1070.8900 487.6553 -1265.3076 -77.6127 -193.0408 597.1392 579.1920 1106.0450 -3468.9065 -5138.4487 -543.7568 3000.8809 1596.4576 2207.9434 1061.8202 -2896.6545 813.8477 -31.1367 -3727.7773 1731.5597 -3335.1243 -1541.2358 -527.5869 -1877.9705 1964.6526 -2366.4370 2509.0513 3826.5430 -467.1143 -1023.2346 2324.4199 1879.7299 2722.6609 1636.9219 1403.0375 -1447.4377 1123.3953 1247.1199 2687.8596 -1963.2601 358.4364 607.0427 3121.2502 83.0573 398.5250 -2484.6582 -1027.2458 729.5438 462.9063 3115.9084 366.2989 -3013.1956 -1144.7410 -6.9391 -4469.0269 -920.1524 744.2906 -1787.2767 2672.8872 2871.4907 1171.5005 -2611.0557 3172.8667 521.2420 379.4724 42.1555 1382.0166 3523.9570 -1395.7681 -1727.2084 2116.5779 -3358.3123 2156.2556 -1977.4865 364.4687 -3739.3440 -37.1585 626.7033 -2877.1370 -567.7986 1623.5861 -2999.9463 2152.7476 -575.2150 931.2043 -1967.4485 -564.4768 2299.1274 762.1512 458.9945 3032.1328 -1723.3152 3380.8936 -1036.6381 -189.2721 1162.1788 -122.5436 -1657.8018 -1328.3677 1801.7526 -2319.9014 -248.9144 -2866.2576 1981.8698 940.3254 -5570.1162 677.6170 -899.0963 832.0345 -469.4650 1801.5297 900.8304 -295.9881 -1638.7146 324.1529 -221.7120 -1826.4672 -871.7166 1310.6075 -2916.7556 3287.6553 380.2155 549.9561 -399.4937 1538.2122 4124.1548 -294.6249 -1540.6521 3274.1699 2340.6379 1961.1379 -798.7850 1500.0259 -967.1249 -169.4831 2505.7341 -1660.5260 -4342.2734 600.8911 -1975.4390 960.9287 2075.4788 -2718.6021 139.8114 1588.4603 -1805.9974 607.1168 -642.8796 -964.5729 2995.7305 -125.2571 384.9178 2682.5491 1332.9791 -1361.2069 1233.8480 -6281.1060 465.3863 -3685.3684 369.5248 603.6021 4039.8926 881.8898 -1000.3044 242.1979 2016.9263 371.9642 -4219.6509 -2248.6182 -591.0996 146.5269 982.7076 -3074.0735 420.6830 276.5211 -1642.3463 -1291.8735 687.1002 2503.6475 2471.4377 1016.8122 790.7180 1625.9106 3190.2522 824.1396 1482.5276 1985.3284 -94.4056 667.5177 1012.8050 -3184.6892 -1280.1414 166.9798 -1036.4907 4967.8984 -479.9997 -943.9509 -2797.8584 203.4328 -1339.6500 -728.2778 -1584.5111 2601.1589 -1324.9346 -1971.1733 -5185.6709 -645.9731 -529.1421 5201.8848 1255.9031 1524.5593 -2704.8540 -1179.4188 1004.3113 2621.3506 800.4431 2543.7852 -2790.6096 -3973.4229 112.6114 -2813.7334 -3111.5618 -2184.7354 2917.4390 -2444.5100 -1653.8607 1092.7467 17.7069 -1069.7253 3818.3936 -189.9737 436.6959 -1559.2994 -410.9595 -1337.0687 -1972.8112 -1026.6077 2564.4705 3060.8474 -851.5889 3543.1853 -1060.9092 3132.0125 909.8334 -429.9133 -723.0655 -1067.7089 -1264.3423 4503.9116 -285.5201 1215.9381 540.1378 2696.0718 991.0110 232.7841 -2037.0889 -3930.7124 -3020.3594 -1572.3867 1680.2905 585.2197 -1814.4343 -3574.5723 -92.7965 668.1079 368.7227 -317.0535
-230.0864 -494.2066 646.2749 1524.5219 12.2696 -929.6387 -1997.7130 -427.1513 -1299.6039 -1848.1866 2014.9017 1182.1906 2122.7583 1716.1129 222.6612 2405.3887 464.2551 -93.0189 886.7641 -431.9944 -1454.4054 -2321.5530 -1032.3134 1361.7999 -1443.4913 173.7557 -796.5120 -2013.3531 1475.4968 -1579.9225 1198.6268 -667.3519 440.1508 801.0116 -364.7603 946.3768 58.0456 144.3954 -446.6542 -433.2667 -827.2845 2594.7371 3843.4939 406.7856 -2244.6428 -1194.1476 -1651.5338 -794.2489 2166.6943 -608.7336 23.2953 2788.3606 -1295.1733 2494.6599 1152.8104 394.6189 1404.7134 -1469.5618 1770.0610 -1876.7188 -2862.2026 349.3351 765.3870 -1738.6545 -1406.0282 -2036.4906 -1224.3732 -1049.4926 1082.6980 -840.2445 -932.8583 -2010.4878 1468.4583 -268.0299 -454.0760 -2334.7046 -62.0864 -298.1075 1858.4861 768.3652 -545.7181 -346.2600 -2330.7070 -273.9766 2253.8108 856.2574 5.1717 3342.7249 688.3079 -556.7069 1336.8723 -1999.2681 -2147.8267 -876.2389 1953.0294 -2373.2356 -389.8931 -283.8349 -31.4938 -1033.7415 -2635.8110 1043.9897 1291.9478 -1583.1704 2511.9319 -1612.8958 1479.1747 -272.6266 2796.9944 27.7851 -468.7579 2152.0371 424.6670 -1214.4153 2243.8999 -1610.2076 430.2757 -696.5251 1471.6343 422.2812 -1719.6963 -570.0720 -343.2845 -2268.0283 1289.0057 -2528.8252 775.3995 141.5630 -869.2930 91.7109 1240.0349 993.6426 -1347.6869 1735.2693 186.1794 2143.9138 -1482.3929 -703.3481 4166.3823 -506.7828 672.4475 -622.3519 351.1682 -1347.4358 -673.8273 221.4023 1225.7513 -242.4373 165.8751 1366.1744 652.0496 -980.3365 2181.6604 -2459.1516 -284.3966 -411.3399 298.7327 -1150.6060 -3084.8572 220.3922 1152.3860 -2449.0286 -1750.8091 -1466.8964 597.4382 -1121.9540 723.4152 126.7758 -1874.3103 1242.1079 3247.9512 -449.3902 1477.5840 -718.7269 -1552.4088 2033.4723 -104.5654 -1188.1138 1350.8745 -454.0726 480.8236 721.4847 -2240.7466 93.7059 -287.9200 -2006.4912 -997.0820 1018.1780 -922.9702 4698.1606 -348.1437 2756.6116 -276.3541 -451.4727 -3021.7649 -659.6508 748.2332 -181.1347 -1508.6829 -278.2503 3156.2168 1681.9170 442.0637 -109.6161 -735.0240 2299.3201 -314.6932 -206.8921 1228.4015 966.2821 -513.9048 -1872.7179 -1848.5996 -760.5925 -591.4478 -1216.1812 -2386.3018 -616.4579 -1108.9047 -1484.9951 70.6234 -499.3038 -757.5773 2382.1184 957.5167 -124.8316 775.2489 -3715.8804 359.0706 706.0626 2092.7434 -152.1243 1002.0609 544.7819 1185.2332 -1945.5930 991.0026 1474.4084 3878.7886 483.1878 395.7633 -3890.9331 -939.4107 -1140.3289 2023.2208 882.1934 -751.2784 -1960.7845 -598.7451 -1902.7711 2087.3354 2972.0620 -84.2639 2104.6479 2327.4131 1634.1927 -2182.2100 1828.7067 1237.3297 -817.4111 -13.2499 800.1502 -2856.1619 142.0697 -326.6516 1166.3220 307.3936 1000.0538 1475.6534 767.8242 -1918.1935 -2289.4768 636.9513 -2650.2698 793.5567 -2342.6738 -680.5652 321.5706 540.8483 798.6566 945.7338 -3368.8254 213.5832 -909.5316 -404.0162 -2016.6423 -741.2667 -174.1195 1523.6818 2940.1191 2259.1582 1176.1271 -1256.8254 -437.7494 1357.1721 2673.7236 69.4184 -499.7898 -275.7624 237.1453
-115.7845 -248.5660 325.2146 767.0198 6.1805 -467.6902 -1005.1565 -214.9249 -653.8691 -929.8286 1013.7031 594.8268 1068.0092 863.4155 111.9837 1210.2201 233.5879 -46.8925 446.1814 -217.3906 -731.7733 -1168.0085 -519.3680 685.1720 -726.2903 87.4929 -400.7329 -1012.9830 742.3444 -794.8655 603.0316 -335.7608 221.5234 402.9920 -183.5348 476.1748 29.1587 72.6381 -224.7318 -217.9486 -416.2646 1305.4786 1933.7961 204.6538 -1129.3735 -600.7645 -830.9454 -399.6025 1090.1118 -306.2789 11.7052 1402.8951 -651.6045 1255.1519 580.0191 198.5359 706.7579 -739.4012 890.5508 -944.2459 -1440.0387 175.7704 385.0249 -874.7537 -707.4005 -1024.6625 -616.0059 -527.9779 544.7500 -422.8098 -469.3531 -1011.5289 738.8452 -134.8811 -228.4070 -1174.6572 -31.2489 -149.9555 935.0859 386.5572 -274.5613 -174.1732 -1172.6290 -137.8593 1133.9644 430.8515 2.6212 1681.8186 346.2846 -280.0827 672.6099 -1005.8800 -1080.6910 -440.8466 982.6175 -1194.1123 -196.1560 -142.7791 -15.8337 -520.1530 -1326.1954 525.2730 650.0154 -796.5685 1263.8434 -811.4996 744.2381 -137.1732 1407.2262 13.9713 -235.8601 1082.7682 213.6544 -611.0463 1128.9869 -810.1584 216.4463 -350.4381 740.4005 212.4436 -865.2222 -286.7775 -172.7644 -1141.1141 648.5695 -1272.3806 390.0719 71.2369 -437.3981 46.1109 623.8543 499.8958 -678.0892 873.0587 93.5935 1078.6133 -745.8035 -353.8533 2096.2744 -254.9962 338.3401 -313.1403 176.6661 -677.9672 -338.9903 111.4037 616.6899 -121.9896 83.4337 687.3433 328.0610 -493.2011 1097.6722 -1237.2294 -143.1342 -206.9698 150.3203 -578.8986 -1552.0513 110.9021 579.7813 -1232.1908 -880.8776 -738.0227 300.6432 -564.4966 363.9786 63.8095 -942.9914 624.9069 1634.1337 -226.1115 743.4332 -361.6190 -781.1183 1023.0953 -52.6174 -597.7924 679.6667 -228.4575 241.9332 362.9649 -1127.3873 47.1756 -144.8736 -1009.5067 -501.6394 512.2702 -464.3784 2363.8384 -175.1530 1386.9534 -139.0737 -227.1931 -1520.3898 -331.8653 376.4429 -91.1320 -759.0715 -139.9447 1588.0110 846.2265 222.4557 -55.1107 -369.7897 1156.8497 -158.3056 -104.0588 618.0529 486.1709 -258.5546 -942.2147 -930.1644 -382.6278 -297.6077 -611.8762 -1200.6069 -310.1337 -557.9674 -747.1401 35.5717 -251.2234 -381.1368 1198.4572 481.7133 -62.8734 390.0729 -1869.5780 180.6573 355.2522 1052.9135 -76.5507 504.1416 274.0604 596.2979 -978.8755 498.5973 741.8415 1951.5874 243.1334 199.1202 -1957.6263 -472.6423 -573.7219 1017.9064 443.8461 -377.9301 -986.4950 -301.1677 -957.3099 1050.1882 1495.3580 -42.4056 1058.8744 1170.9438 822.1773 -1097.9138 920.0556 622.4242 -410.9500 -6.7480 402.5821 -1436.9877 71.5020 -164.3354 586.8355 154.6924 503.1838 742.4423 386.3871 -965.0714 -1151.8657 320.4742 -1333.3893 399.2810 -1178.7006 -342.3678 161.7564 272.1260 401.8414 475.8131 -1694.9445 107.5022 -457.5956 -203.2997 -1014.6162 -372.9491 -87.5626 766.5693 1479.2286 1136.6547 591.7433 -632.3613 -220.2507 682.8729 1345.2637 34.8978 -251.3898 -138.7403 119.3101
1.9404 4.1359 -5.4011 -12.8569 -0.1064 7.7828 16.7904 3.5228 10.9126 15.5547 -16.9232 -9.9653 -17.8380 -14.4276 -1.8463 -20.1864 -3.8725 0.8605 -7.4593 3.6562 12.1935 19.4916 8.6427 -11.4547 12.1235 -1.4496 6.7013 16.9188 -12.4025 13.2833 -10.0764 5.6581 -3.7172 -6.7340 3.0581 -7.9133 -0.5258 -1.2088 3.7571 3.6148 6.9929 -21.8103 -32.3235 -3.4564 18.8707 10.0305 13.8792 6.6563 -18.1919 5.1291 -0.1729 -23.4112 10.8301 -20.9370 -9.7249 -3.3573 -11.8412 12.3125 -14.8612 15.7793 24.0748 -2.9497 -6.3983 14.6200 11.8086 17.1219 10.2742 8.7922 -9.0719 7.0246 7.8178 16.9261 -12.3324 2.2398 3.7676 19.6483 0.5303 2.4979 -15.6353 -6.4373 4.5097 2.9307 19.5916 2.3091 -18.9386 -7.1750 -0.0577 -28.1015 -5.7732 4.6292 -11.2604 16.7556 18.0610 7.3756 -16.4220 19.9190 3.2221 2.4086 0.2434 8.6937 22.1727 -8.7409 -10.8416 13.2588 -21.1175 13.5784 -12.4143 2.2882 -23.4941 -0.2185 3.9533 -18.0535 -3.5944 10.2251 -18.8656 13.5282 -3.6235 5.8685 -12.3454 -3.5540 14.4250 4.8072 2.9130 19.0717 -10.7752 21.1931 -6.5255 -1.2010 7.2566 -0.7584 -10.3855 -8.3339 11.2928 -14.5908 -1.5648 -17.9830 12.4189 5.8896 -35.0109 4.2525 -5.5954 5.2371 -2.9915 11.3050 5.6458 -1.8662 -10.3001 2.0602 -1.4213 -11.4606 -5.4607 8.2444 -18.3316 20.6529 2.4199 3.4722 -2.5026 9.6865 25.9195 -1.8251 -9.6876 20.5839 14.7257 12.3034 -5.0193 9.4067 -6.0936 -1.0689 15.7122 -10.4134 -27.3262 3.7864 -12.4987 6.0339 13.0465 -17.0744 0.8581 9.9428 -11.3342 3.8329 -4.0583 -6.0624 18.8002 -0.8039 2.4146 16.8349 8.3867 -8.5987 7.7186 -39.4298 2.8929 -23.1379 2.3046 3.8266 25.3728 5.5712 -6.2200 1.4714 12.7121 2.3829 -26.4946 -14.1616 -3.6941 0.9249 6.1975 -19.3423 2.6178 1.7453 -10.3357 -8.1698 4.3604 15.7320 15.5586 6.4232 4.9619 10.2391 20.0621 5.1505 9.3005 12.5105 -0.6009 4.2734 6.3862 -20.0121 -8.0269 1.0579 -6.5128 31.2521 -3.0696 -5.9273 -17.5908 1.2890 -8.4204 -4.5614 -9.9442 16.2978 -8.3469 -12.4133 -32.6114 -4.1116 -3.2872 32.6877 7.8679 9.5528 -17.0398 -7.4422 6.2822 16.4838 5.0223 15.9509 -17.6043 -24.9773 0.7250 -17.7210 -19.5490 -13.7496 18.3200 -15.3803 -10.3345 6.8793 0.3364 -6.7593 24.0143 -1.2241 2.7456 -9.7493 -2.5523 -8.4153 -12.3929 -6.4912 16.1258 19.2724 -5.3674 22.2630 -6.7031 19.6699 5.7522 -2.7882 -4.5665 -6.6825 -7.9432 28.3171 -1.8326 7.6409 3.4257 16.9350 6.2635 1.4603 -12.8235 -24.6982 -18.9688 -9.8602 10.5850 3.6928 -11.4331 -22.4925 -0.5461 4.2432 2.2948 -1.9706
228.3894 490.5221 -641.5587 -1513.2678 -12.1751 922.7534 1983.0377 424.0050 1290.0300 1834.5150 -2000.0347 -1173.4540 -2107.0435 -1703.4358 -220.9828 -2387.6150 -460.8245 92.3722 -880.2390 428.7792 1443.7518 2304.3342 1024.6498 -1351.7302 1432.8455 -172.4338 790.6022 1998.4644 -1464.6171 1568.2213 -1189.7927 662.4128 -436.9577 -795.0930 362.0633 -939.4819 -57.5929 -143.3173 443.4148 430.0231 821.2061 -2575.5586 -3815.0432 -403.6969 2228.0601 1185.2804 1639.3369 788.3560 -2150.6777 604.2318 -23.1161 -2767.7065 1285.5774 -2476.1926 -1144.2891 -391.7278 -1394.3063 1458.7006 -1757.0076 1862.8910 2841.0718 -346.7913 -759.6943 1725.7996 1395.7026 2021.4606 1215.3348 1041.6942 -1074.7076 834.0996 925.9418 1995.6359 -1457.6385 266.1123 450.7311 2317.4529 61.6651 295.9354 -1844.7703 -762.7100 541.6345 343.6864 2313.4417 271.9503 -2237.1421 -849.9349 -5.1769 -3318.0344 -683.2037 552.6122 -1327.0071 1984.4976 2131.9299 869.7896 -1938.5846 2355.6978 387.0060 281.7120 31.2860 1026.1183 2616.3850 -1036.2828 -1282.4156 1571.4418 -2493.4214 1600.9547 -1468.2183 270.5899 -2776.3105 -27.5498 465.2903 -2136.1716 -421.5801 1205.4189 -2227.3115 1598.3383 -427.1034 691.3822 -1460.7510 -419.1194 1706.9868 565.8607 340.7927 2251.2905 -1279.4747 2510.2043 -769.6598 -140.5278 862.9034 -90.9903 -1230.8802 -986.2621 1337.7207 -1722.4475 -184.7430 -2128.0913 1471.4170 698.1863 -4135.5825 503.0927 -667.5625 617.7337 -348.5764 1337.4995 668.8668 -219.7937 -1216.7104 240.6591 -164.6332 -1356.0723 -647.2008 973.1171 -2165.6040 2440.9470 282.2745 408.3282 -296.5940 1142.1189 3062.0291 -218.7408 -1143.8953 2430.9500 1737.8468 1456.0663 -593.0811 1113.7328 -718.0520 -125.8253 1860.4664 -1232.8893 -3223.9482 446.1010 -1466.6813 713.4174 1540.9640 -2018.5455 103.8236 1179.4579 -1340.8627 450.7263 -477.3112 -716.1635 2224.1985 -93.0370 285.7828 1991.6956 989.7397 -1010.6799 916.1517 -4663.5366 345.5062 -2736.2290 274.3632 448.1472 2999.4875 654.7177 -742.6751 179.8209 1497.5267 276.1431 -3132.9578 -1669.5566 -438.8562 108.8140 729.6123 -2282.3496 312.3337 205.2934 -1219.3354 -959.1310 510.1418 1858.8759 1834.9622 754.9185 587.0974 1207.1840 2368.6775 611.9323 1100.7178 1474.0437 -70.1257 495.6013 751.9537 -2364.4990 -950.4702 123.9851 -769.5649 3688.4497 -356.3951 -700.8501 -2077.3447 150.9899 -994.6423 -540.7881 -1176.4486 1931.2460 -983.7253 -1463.4834 -3850.1892 -479.6562 -392.8053 3862.1450 932.4659 1131.9108 -2008.2566 -875.6550 745.6921 1946.2111 594.2753 1888.7037 -2071.9414 -2950.1313 83.6371 -2089.0691 -2310.2202 -1622.0645 2166.0964 -1815.1759 -1227.9092 811.3684 13.1160 -793.9144 2835.0459 -141.0290 324.2210 -1157.7404 -305.1577 -992.7325 -1464.6841 -762.1852 1904.0341 2272.5400 -632.2812 2630.6584 -787.7092 2325.4116 675.4550 -319.2237 -536.8498 -792.7479 -938.7097 3343.9724 -211.9884 902.7668 401.0024 2001.7230 735.7812 172.8228 -1512.4026 -2918.4028 -2242.4849 -1167.4492 1247.5438 434.5422 -1347.1355 -2653.9753 -68.9349 496.0983 273.7481 -235.4169
-270.7298 -581.5012 760.5501 1793.8462 14.5039 -1093.9421 -2350.7644 -502.6191 -1529.3070 -2174.7102 2370.9312 1391.0944 2497.8181 2019.3547 261.9810 2830.4651 546.3091 -109.4726 1043.4812 -508.3470 -1711.4635 -2731.7646 -1214.7073 1602.4230 -1698.5664 204.4165 -937.2521 -2369.1194 1736.2400 -1859.1344 1410.4377 -785.2845 517.9821 942.5444 -429.2727 1113.6477 68.2910 169.8607 -525.5943 -509.8093 -973.4893 3053.2056 4522.6440 478.6637 -2641.2620 -1405.1235 -1943.3235 -934.5824 2549.5371 -716.3064 27.4567 3281.0330 -1524.0353 2935.4326 1356.5201 464.3598 1652.9384 -1729.1986 2082.8176 -2208.4150 -3367.9419 411.0096 900.6074 -2045.8633 -1654.5017 -2396.3513 -1440.7596 -1234.8606 1273.9669 -988.6840 -1097.6604 -2365.7502 1727.9241 -315.4735 -534.2971 -2747.2346 -73.0846 -350.7551 2186.9299 904.1276 -642.1490 -407.3828 -2742.5183 -322.4358 2652.1123 1007.5788 6.0976 3933.3850 809.8820 -655.0662 1573.1237 -2352.5234 -2527.3806 -1031.0865 2298.1238 -2792.6235 -458.7627 -334.0032 -37.0750 -1216.4032 -3101.6057 1228.4740 1520.1781 -1862.9003 2955.8120 -1897.8922 1740.5688 -320.8250 3291.2490 32.7169 -551.6019 2532.3669 499.7370 -1429.0015 2640.4177 -1894.7506 506.2650 -819.6510 1731.6809 496.8151 -2023.5812 -670.8144 -403.9428 -2668.7874 1516.7939 -2975.6509 912.4518 166.5399 -1022.9496 107.8901 1459.1656 1169.1881 -1585.8750 2041.9340 219.0526 2522.7173 -1744.3372 -827.6324 4902.5903 -596.3584 791.3134 -732.3254 413.2522 -1585.5682 -792.8591 260.5716 1442.3253 -285.2864 195.2019 1607.5677 767.2485 -1153.5649 2567.2192 -2893.6611 -334.6370 -484.0371 351.5670 -1353.9620 -3629.9558 259.2947 1355.9941 -2881.7583 -2060.1248 -1726.1008 703.1014 -1320.2173 851.1833 149.1648 -2205.4634 1461.5613 3821.8984 -528.8130 1738.7008 -845.7077 -1826.7645 2392.8142 -123.0768 -1398.1180 1589.5500 -534.3246 565.8236 848.9307 -2636.6790 110.2876 -338.7696 -2361.0864 -1173.2732 1198.0400 -1086.0375 5528.4170 -409.6252 3243.7527 -325.2408 -531.2442 -3555.7815 -776.1903 880.4862 -213.1838 -1775.2308 -327.3617 3713.9788 1979.1315 520.1952 -128.9394 -864.9315 2705.6533 -370.2846 -243.3751 1445.4641 1137.0356 -604.7286 -2203.6104 -2175.2666 -894.9538 -695.9379 -1431.0907 -2807.9077 -725.3907 -1304.8119 -1747.4316 83.1790 -587.5202 -891.3909 2802.9941 1126.6885 -146.9346 912.2438 -4372.4702 422.4893 830.7922 2462.4788 -179.0389 1179.1390 641.0145 1394.6139 -2289.3777 1166.1316 1734.9696 4564.2041 568.5716 465.6673 -4578.4316 -1105.3999 -1341.8173 2380.7227 1038.0624 -884.0150 -2307.2202 -704.4690 -2238.9856 2456.2253 3497.2236 -99.1274 2476.5640 2738.6138 1922.9216 -2567.8076 2151.8406 1455.6140 -961.7983 -15.5519 941.5242 -3360.5188 167.1938 -384.4046 1372.4535 361.6974 1176.7859 1736.3341 903.5333 -2257.1506 -2694.0139 749.5640 -3118.5518 933.7664 -2756.6140 -800.8027 378.3817 636.4510 939.7664 1112.7958 -3964.0852 251.3209 -1070.2366 -475.4606 -2372.9670 -872.2255 -204.8717 1792.9017 3459.6311 2658.3250 1383.9116 -1478.9449 -515.0882 1596.9786 3146.1494 81.6961 -588.0607 -324.4482 279.0449
-157.0792 -337.4106 441.2980 1040.7091 8.3525 -634.6852 -1363.8168 -291.6113 -887.1971 -1261.6974 1375.5007 807.0635 1449.1722 1171.5496 152.0135 1642.1012 316.9665 -63.4867 605.3870 -294.9175 -992.9372 -1584.9235 -704.7327 929.6700 -985.4258 118.6387 -543.7958 -1374.4801 1007.3223 -1078.5792 818.3423 -455.5982 300.5213 546.8359 -249.0335 646.1434 39.6711 98.5827 -304.9138 -295.8272 -564.8323 1771.3463 2623.8203 277.6525 -1532.3502 -815.2383 -1127.4519 -542.2326 1479.1393 -415.5048 15.9196 1903.5288 -884.2286 1703.0566 786.9691 269.4086 958.9395 -1003.2997 1208.3939 -1281.2389 -1953.9872 238.5303 522.5027 -1186.8926 -959.8995 -1390.2985 -835.8665 -716.4516 739.1336 -573.6924 -636.8431 -1372.4855 1002.5505 -182.9878 -309.9536 -1593.8445 -42.4175 -203.5214 1268.7426 524.5375 -372.5416 -236.3893 -1591.0977 -187.0344 1538.6740 584.5319 3.5420 2282.0527 469.8718 -380.0322 912.6478 -1364.8788 -1466.2876 -598.1981 1333.3798 -1620.1544 -266.2180 -193.7883 -21.5423 -705.7205 -1799.4685 712.7269 881.9815 -1080.7781 1714.8762 -1101.1156 1009.7767 -186.0823 1909.4391 18.9926 -320.0351 1469.1879 289.9414 -829.0602 1531.8680 -1099.2473 293.7915 -475.4472 1004.6525 288.2000 -1174.0116 -389.1916 -234.3913 -1548.3136 879.9816 -1726.3651 529.3684 96.6952 -593.4667 62.5983 846.5579 678.3598 -920.0579 1184.6758 127.0638 1463.6545 -1011.9999 -480.2154 2844.2974 -346.0403 459.1081 -424.8521 239.7556 -919.9097 -459.9564 151.1548 836.7623 -165.5124 113.2009 932.7245 445.1580 -669.2632 1489.3900 -1678.8147 -194.1058 -280.8467 203.9841 -785.4359 -2105.9617 150.3813 786.7090 -1671.9121 -1195.2432 -1001.3694 407.9001 -765.9651 493.9066 86.5652 -1279.5295 847.9450 2217.3125 -306.8484 1008.7863 -490.6429 -1059.8010 1388.2415 -71.3631 -811.1182 922.2360 -310.0043 328.2964 492.5775 -1529.7374 63.9574 -196.5204 -1369.7985 -680.6977 695.0839 -630.0508 3207.3596 -237.6249 1881.8499 -188.6446 -308.2144 -2062.9043 -450.3073 510.7473 -123.6651 -1029.8938 -189.9023 2154.7002 1148.2590 301.8626 -74.7747 -501.8293 1569.6700 -214.8084 -141.1551 838.6164 659.6558 -350.8674 -1278.4423 -1262.0305 -519.1862 -403.7358 -830.2256 -1629.0723 -420.8633 -757.0508 -1013.8069 48.2171 -340.8571 -517.1628 1626.1887 653.6878 -85.2992 529.2805 -2536.7939 245.1226 481.9971 1428.7283 -103.8523 684.0555 371.9124 809.1286 -1328.2449 676.5181 1006.5161 2647.9309 329.8497 270.1533 -2656.2876 -641.3096 -778.4769 1381.2252 602.2278 -512.8425 -1338.5708 -408.7312 -1298.9901 1424.9718 2028.9611 -57.5093 1436.7578 1588.8978 1115.6244 -1489.7461 1248.4487 844.5580 -558.0342 -9.0175 546.1792 -1949.8442 97.2504 -223.0029 796.2079 209.8666 682.7888 1007.4086 524.2325 -1309.4474 -1563.0132 434.8926 -1809.3656 541.7094 -1599.3696 -464.6039 219.5220 369.2296 545.2880 645.6381 -2299.8740 145.8162 -620.9011 -275.7705 -1376.7201 -506.0455 -118.8599 1040.1831 2007.1866 1542.2888 802.8953 -858.0331 -298.8615 926.4842 1825.3389 47.3925 -341.1883 -188.2523 161.9009
58.4171 125.3900 -164.0441 -386.9693 -3.0525 235.9039 507.0412 108.3656 329.8376 469.0241 -511.3675 -300.1037 -538.7472 -435.6075 -56.5066 -610.5148 -117.9014 23.6101 -225.0386 109.6647 369.1387 589.2430 262.0042 -345.6244 366.3271 -44.0952 202.1586 511.0463 -374.4827 400.9988 -304.2437 169.3909 -111.7452 -203.2858 92.5414 -240.1949 -14.7287 -36.6659 113.3200 109.9572 209.9475 -658.5504 -975.5013 -103.2577 569.7033 303.0866 419.1766 201.5922 -549.9783 154.5032 -5.9299 -707.6696 328.7561 -633.1817 -292.6148 -100.1715 -356.5218 373.0009 -449.2843 476.3120 726.4370 -88.6422 -194.2545 441.2543 356.8649 516.9259 310.7466 266.3403 -274.8206 213.2724 236.8055 510.3079 -372.7023 68.0202 115.2425 592.5676 15.7753 75.6713 -471.6467 -194.9821 138.5302 87.8979 591.5796 69.5394 -572.0396 -217.3551 -1.3082 -848.4507 -174.7389 141.2994 -339.3033 507.4195 545.1393 222.3788 -495.6889 602.3492 98.9217 72.0558 7.9664 262.3685 669.0125 -264.9579 -327.9044 401.8082 -637.5154 409.3594 -375.4320 69.1953 -709.8859 -7.0516 118.9962 -546.1495 -107.7376 308.2332 -569.5554 408.6733 -109.2270 176.7860 -373.5537 -107.2104 436.4748 144.7050 87.1288 575.6539 -327.1735 641.8030 -196.7759 -35.9040 220.6249 -23.2701 -314.7135 -252.1979 342.0875 -440.4153 -47.2275 -544.1490 376.2613 178.5331 -1057.4833 128.6334 -170.6371 157.9601 -89.1081 341.9916 171.0376 -56.2163 -311.1261 61.5534 -42.1021 -346.7289 -165.5279 248.8229 -553.7134 624.1487 72.2502 104.4187 -75.8038 292.0497 782.9413 -55.9319 -292.4858 621.5753 444.4170 372.3236 -151.6145 284.8008 -183.6015 -32.1880 475.7081 -315.2687 -824.3922 114.0822 -375.0017 182.4003 394.0219 -516.0914 26.5267 301.5006 -342.8737 115.2114 -122.0788 -183.1276 568.7010 -23.8049 73.1149 509.2648 253.0494 -258.4478 234.2305 -1192.4315 88.3914 -699.6337 70.1248 114.6330 766.9840 167.4095 -189.8858 45.9425 382.9169 70.5989 -801.0621 -426.8622 -112.1991 27.8398 186.5392 -583.6125 79.8403 52.5075 -311.7920 -245.2656 130.4355 475.2961 469.1693 193.0389 150.1078 308.6647 605.6744 156.4356 281.4883 376.9246 -17.9095 126.7328 192.2646 -604.6127 -243.0043 31.6960 -196.7824 943.1660 -91.1435 -179.2073 -531.1685 38.6161 -254.3087 -138.2960 -300.8199 493.8448 -251.5001 -374.2270 -984.4781 -122.6797 -100.4350 987.5852 238.3977 289.4150 -513.5159 -223.9191 190.6691 497.6453 151.9474 482.9297 -529.7517 -754.3499 21.3575 -534.1606 -590.6987 -414.7956 553.8773 -464.1655 -313.9238 207.4740 3.3941 -203.0827 724.8901 -36.0452 83.2142 -296.0140 -77.9903 -253.8098 -374.5408 -194.8920 486.8372 581.0974 -161.6991 672.6752 -201.3855 594.6000 172.7487 -81.6579 -137.3123 -202.7480 -240.0376 855.0845 -54.2001 230.8457 102.5513 511.8485 188.1301 44.2572 -386.6816 -746.2266 -573.4219 -298.4778 318.9928 111.1208 -344.4377 -678.6212 -17.6039 126.8916 69.9874 -60.2009
-78.6703 -168.9590 221.0215 521.2908 4.2466 -317.9180 -683.1685 -146.0888 -444.4253 -632.0261 688.9747 404.2330 725.8599 586.8230 76.1107 822.5698 158.7966 -31.8246 303.2431 -147.7109 -497.4183 -793.9041 -353.0245 465.6817 -493.5787 59.4362 -272.3920 -688.4944 504.5933 -540.2646 409.9129 -228.1498 150.5247 273.9047 -124.7059 323.6255 19.8728 49.3751 -152.7564 -148.1677 -282.9085 887.2834 1314.3149 139.1114 -767.5594 -408.3318 -564.7405 -271.5623 740.9362 -208.1604 7.9717 953.5142 -442.9091 853.0921 394.1627 134.9684 480.3459 -502.5237 605.3176 -641.8311 -978.7447 119.4340 261.7368 -594.5458 -480.7724 -696.3961 -418.7066 -358.8534 370.2380 -287.3018 -318.9866 -687.5416 502.1443 -91.6738 -155.3285 -798.3680 -21.2216 -101.9593 635.5974 262.7027 -186.6108 -118.3712 -796.9771 -93.7119 770.7294 292.8318 1.7625 1143.0981 235.3735 -190.3895 457.1566 -683.6619 -734.4725 -299.6623 667.8815 -811.5878 -133.2938 -97.0656 -10.7500 -353.5059 -901.3739 357.0048 441.7723 -541.3950 859.0031 -551.5465 505.7678 -93.2675 956.4756 9.5333 -160.3314 735.9274 145.2170 -415.2643 767.3229 -550.6676 147.1064 -238.2108 503.2822 144.3533 -588.1088 -194.9333 -117.4404 -775.5952 440.8299 -864.6962 265.1754 48.3967 -297.3088 31.4091 424.0662 339.7498 -460.8660 593.3994 63.6489 733.1300 -506.9432 -240.5933 1424.7867 -173.3146 229.9080 -212.7925 120.1053 -460.7955 -230.3882 75.7234 419.1080 -82.9063 56.7198 467.2029 222.9567 -335.2561 746.0282 -840.9347 -97.2839 -140.6259 102.0976 -393.4628 -1054.8811 75.3136 394.0323 -837.5027 -598.7150 -501.5864 204.3040 -383.6865 247.3203 43.3355 -640.9142 424.7680 1110.6711 -153.6906 505.2760 -245.7830 -530.8964 695.3445 -35.7306 -406.3381 461.9346 -155.2678 164.4363 246.7767 -766.2435 32.0362 -98.4636 -686.1498 -340.9897 348.1667 -315.6357 1606.6519 -119.0491 942.7055 -94.5275 -154.3875 -1033.3772 -225.5293 255.8473 -61.9144 -515.9108 -95.1582 1079.3186 575.1716 151.1596 -37.4361 -251.3057 786.2735 -107.6417 -70.7204 420.0984 330.4463 -175.7397 -640.3915 -632.1622 -260.0960 -202.2575 -415.9149 -815.9941 -210.8156 -379.1973 -507.8463 24.1734 -170.7677 -259.0929 814.6247 327.4009 -42.6907 265.0925 -1270.7096 122.7707 241.4353 715.5947 -52.0144 342.6666 186.3262 405.2682 -665.3428 338.8510 504.2047 1326.3912 165.2000 135.3001 -1330.5629 -321.2401 -389.9503 691.8293 301.7100 -256.9182 -670.5236 -204.7653 -650.6348 713.7466 1016.3431 -28.7993 719.7294 795.8688 558.7938 -746.1915 625.3611 423.0420 -279.5184 -4.5167 273.6325 -976.7302 48.5839 -111.7191 399.1491 105.1079 341.9575 504.6120 262.5741 -655.8922 -782.9177 217.8455 -906.3001 271.3587 -801.1017 -232.7127 109.9725 184.9415 273.1284 323.3922 -1152.0024 73.0847 -311.0162 -138.1776 -689.6699 -253.4586 -59.5541 521.0294 1005.4056 772.4785 402.1321 -429.7049 -149.7255 464.1290 914.3148 23.6910 -170.8945 -94.3319 81.1108
120.8985 259.6483 -339.5445 -800.9728 -6.4311 488.4082 1049.5444 224.4224 682.7233 970.9556 -1058.5741 -621.0303 -1115.2727 -901.5547 -117.0027 -1263.7871 -243.9535 48.8425 -465.8898 226.9608 764.0583 1219.6495 542.2715 -715.4062 758.3442 -91.2685 418.4774 1057.7271 -775.1611 830.0472 -629.7100 350.6078 -231.2950 -420.8412 191.6510 -497.2295 -30.4690 -75.8545 234.6400 227.5957 434.6107 -1363.1354 -2019.2036 -213.6949 1179.2296 627.3617 867.6195 417.2929 -1138.3325 319.8275 -12.2319 -1464.9093 680.4943 -1310.5977 -605.6501 -207.3195 -737.9680 772.0596 -929.8698 985.9607 1503.7106 -183.5829 -402.0637 913.4120 738.6912 1069.8843 643.2440 551.3185 -568.8367 441.3951 490.1359 1056.2097 -771.4940 140.8315 238.5028 1226.5552 32.6834 156.6198 -976.3791 -403.6440 286.7169 181.9024 1224.3673 143.9386 -1184.0476 -449.8935 -2.7439 -1756.1788 -361.6128 292.4920 -702.3112 1050.3092 1128.3574 460.3609 -1026.0266 1246.8188 204.8409 149.0993 16.5713 543.1209 1384.7788 -548.4368 -678.7186 831.6843 -1319.6776 847.3398 -777.1163 143.1819 -1469.4371 -14.6171 246.2194 -1130.5908 -223.0762 638.0179 -1178.9053 845.9643 -226.0404 365.9298 -773.1705 -221.7722 903.4653 299.4351 180.3712 1191.5564 -677.1692 1328.5629 -407.3361 -74.3811 456.6807 -48.1980 -651.4454 -522.0204 708.0333 -911.6479 -97.8203 -1126.2954 778.7412 369.5325 -2188.8613 266.2570 -353.3155 326.9517 -184.5037 707.9574 353.9924 -116.3581 -643.9363 127.3448 -87.0999 -717.6891 -342.5563 515.0344 -1146.1819 1291.9344 149.4091 216.1214 -156.9840 604.4481 1620.6460 -115.7683 -605.3765 1286.5511 919.7350 770.6293 -313.8917 589.5223 -380.0536 -66.6735 984.7079 -652.5284 -1706.3406 236.1108 -776.2329 377.5816 815.6015 -1068.3248 54.9058 624.2147 -709.7148 238.5996 -252.6301 -379.0412 1177.1749 -49.2483 151.2897 1054.1176 523.7769 -534.9274 484.9166 -2468.2461 182.9079 -1448.1829 145.1828 237.1991 1587.6122 346.5537 -393.0869 95.1573 792.5947 146.1733 -1658.1643 -883.6671 -232.2750 57.5832 386.1738 -1208.0277 165.3300 108.6095 -645.3391 -507.6707 270.0025 983.8522 971.2060 399.5489 310.7229 638.8832 1253.6760 323.8610 582.5858 780.1824 -37.1128 262.2250 397.9996 -1251.4540 -503.0442 65.6339 -407.3008 1952.1991 -188.6145 -370.9125 -1099.4818 79.9430 -526.3974 -286.2349 -622.6514 1022.1921 -520.6312 -774.5743 -2037.7588 -253.9070 -207.8759 2044.1312 493.5250 599.1089 -1062.9426 -463.4951 394.6721 1030.0933 314.4856 999.6419 -1096.6451 -1561.4431 44.2616 -1105.6769 -1222.7428 -858.5278 1146.4249 -960.6879 -649.9472 429.3810 6.9548 -420.3518 1500.5184 -74.6918 171.5832 -612.7825 -161.2405 -525.3759 -775.1497 -403.4019 1007.7283 1202.8268 -334.6624 1392.3361 -416.9137 1230.7488 357.5225 -168.9076 -284.1216 -419.5923 -496.8111 1769.8925 -112.1777 477.8444 212.2111 1059.4624 389.4179 91.4705 -800.4502 -1544.5876 -1186.9243 -617.9075 660.2833 229.9819 -712.9646 -1404.6583 -36.5133 262.5772 144.9034 -124.6118
-55.3419 -118.8029 155.3314 366.4849 2.9824 -223.4783 -480.1945 -102.7417 -312.4011 -444.3377 484.3773 284.1517 510.2813 412.5346 53.5350 578.2532 111.6484 -22.3580 213.1512 -103.8035 -349.6669 -558.0878 -248.1095 327.3400 -346.9799 41.7895 -191.4579 -484.0139 354.7187 -379.7964 288.1996 -160.4050 105.7884 192.5551 -87.6818 227.5178 13.9431 34.7324 -107.4016 -104.1272 -198.9071 623.7286 923.9327 97.7966 -539.6130 -287.0968 -397.0374 -190.9764 520.8661 -146.3331 5.6569 670.2825 -311.3531 599.6472 277.1188 94.8622 337.6246 -353.2922 425.5250 -451.1656 -688.0336 83.9805 183.9985 -418.0141 -338.0053 -489.5814 -294.3176 -252.2382 260.2472 -201.9993 -224.2576 -483.2809 352.9986 -64.4450 -109.1870 -561.2326 -14.9388 -71.6785 446.8384 184.6811 -131.1992 -83.2618 -560.2726 -65.8962 541.7857 205.8158 1.2119 803.5648 165.4864 -133.8296 321.3335 -480.6013 -516.2938 -210.6651 469.5069 -570.5441 -93.7452 -68.2494 -7.5595 -248.5058 -633.6236 250.9602 310.5522 -380.5912 603.8206 -387.7202 355.5872 -65.5374 672.3581 6.7001 -112.6908 517.3425 102.1393 -291.9823 539.4003 -387.0933 103.4243 -167.4393 353.7444 101.5473 -413.3997 -137.0374 -82.5568 -545.1827 309.8920 -607.8390 186.4467 34.0292 -208.9624 22.0545 298.0373 238.8471 -323.9846 417.1799 44.7451 515.3922 -356.3613 -169.1338 1001.5542 -121.8573 161.6323 -149.6162 84.3594 -323.9289 -161.9833 53.2383 294.6260 -58.2852 39.9180 328.3967 156.7531 -235.6734 524.4357 -591.1576 -68.3942 -98.8703 71.8339 -276.6067 -741.5757 52.9415 276.9723 -588.7148 -420.8360 -352.6428 143.6715 -269.7371 173.8957 30.4562 -450.5831 298.5881 780.7675 -108.0276 355.2185 -172.7460 -373.1719 488.8574 -25.1619 -285.5843 324.7569 -109.1664 115.5586 173.4155 -538.6483 22.4842 -69.2539 -482.3411 -239.6716 244.7558 -221.8810 1129.4036 -83.6758 662.6738 -66.4182 -108.4925 -726.4110 -158.5898 179.8402 -43.5248 -362.6446 -66.8948 758.7296 404.3600 106.2687 -26.3071 -176.6756 552.7178 -75.6595 -49.6626 295.2784 232.3034 -123.5328 -450.1544 -444.4394 -182.8336 -142.1846 -292.3372 -573.6325 -148.2044 -266.5519 -356.9599 16.9896 -120.0298 -182.1380 572.6749 230.2035 -30.0105 186.3903 -893.2453 86.3131 169.7326 503.1112 -36.5482 240.8820 130.9833 284.9574 -467.7003 238.1985 354.4872 932.4241 116.1615 95.1076 -935.3671 -225.8322 -274.1412 486.3658 212.0913 -180.5941 -471.3651 -143.9472 -457.4134 501.7693 714.4864 -20.2355 505.9308 559.4633 392.8665 -524.6030 439.5857 297.3630 -196.4856 -3.1525 192.3445 -686.5923 34.1604 -78.4682 280.3352 73.8942 240.7065 354.7321 184.5896 -461.0709 -550.3883 153.1087 -637.0916 190.7271 -563.1137 -163.6575 77.3127 129.9774 191.9968 227.3346 -809.8257 51.3487 -218.6141 -97.1056 -484.7921 -178.1635 -41.8728 366.3089 706.8305 543.0869 282.7592 -302.1158 -105.2183 326.2769 642.6941 16.6988 -120.1538 -66.2599 57.0060
-164.0904 -352.3449 460.9559 1087.1477 8.7496 -662.9478 -1424.6454 -304.6227 -926.7812 -1317.9495 1436.8639 843.0677 1513.8059 1223.7848 158.8134 1715.3044 331.0691 -66.3992 632.3632 -308.0478 -1037.1901 -1655.5254 -736.0807 971.1600 -1029.3479 123.9515 -568.0526 -1435.7206 1052.1975 -1126.7167 854.7534 -475.8805 313.9400 571.1990 -260.0814 674.9080 41.4153 102.9481 -318.5395 -308.9607 -589.9940 1850.2692 2740.8203 290.0207 -1600.6744 -851.5975 -1177.7184 -566.4186 1545.1371 -434.0901 16.5788 1988.3995 -923.5282 1779.0422 822.0864 281.4528 1001.7249 -1048.0149 1262.2542 -1338.3519 -2041.1095 249.1653 545.7905 -1239.8560 -1002.6281 -1452.2528 -873.0744 -748.3221 772.0654 -599.1985 -665.2095 -1433.7357 1047.2032 -191.2198 -323.8266 -1664.9042 -44.3532 -212.5926 1325.2938 547.8618 -389.1624 -246.9276 -1662.0465 -195.3541 1607.2129 610.6749 3.7096 2383.8074 490.8474 -396.9654 953.3193 -1425.6962 -1531.6637 -624.8669 1392.7427 -1692.4357 -278.0219 -202.3975 -22.4372 -737.1957 -1879.7329 744.5083 921.3893 -1129.0049 1791.2760 -1150.1998 1054.7659 -194.4245 1994.5693 19.8311 -334.2832 1534.6459 302.8519 -866.0326 1600.1637 -1148.2957 306.8332 -496.7042 1049.4229 301.0926 -1226.3387 -406.4888 -244.8720 -1617.3319 919.2057 -1803.3641 552.9189 101.0031 -619.9324 65.4393 884.2393 708.5547 -961.0817 1237.4573 132.7805 1528.8490 -1057.1705 -501.5564 2971.1035 -361.4542 479.5506 -443.8106 250.3963 -960.8624 -480.5125 157.9104 874.0577 -172.8779 118.3137 974.2635 464.9488 -699.1306 1555.7766 -1753.5609 -202.8252 -293.3334 213.0725 -820.5196 -2199.8489 157.1192 821.7598 -1746.4347 -1248.4833 -1046.0071 426.0538 -800.1130 515.8699 90.4113 -1336.5892 885.7441 2316.1665 -320.5205 1053.6780 -512.4926 -1107.0682 1450.1603 -74.5648 -847.3181 963.3123 -323.8231 342.9051 514.4563 -1597.9226 66.8357 -205.3010 -1430.8512 -711.0273 726.0811 -658.1738 3350.3789 -248.1748 1965.7871 -197.0898 -321.9708 -2154.9346 -470.4067 533.5441 -129.1616 -1075.8602 -198.3874 2250.7827 1199.4415 315.2842 -78.1541 -524.1527 1639.6952 -224.4098 -147.4217 876.0328 689.0474 -366.4875 -1335.4156 -1318.2321 -542.3823 -421.7858 -867.2546 -1701.7181 -439.6432 -790.7906 -1058.9800 50.4108 -356.0535 -540.2291 1698.7424 682.8571 -89.0818 552.8726 -2649.8987 256.0025 503.4962 1492.3787 -108.4786 714.5590 388.5198 845.1975 -1387.4967 706.7314 1051.4250 2766.0474 344.5938 282.1821 -2774.6995 -669.9233 -813.2069 1442.7358 629.1005 -535.7357 -1398.1984 -426.9424 -1356.8975 1488.4753 2119.4136 -60.0760 1500.8308 1659.6987 1165.3383 -1556.1479 1304.0311 882.1694 -582.8636 -9.3957 570.6078 -2036.7354 101.3433 -232.9319 831.7284 219.2172 713.1894 1052.5984 547.5768 -1367.9230 -1632.6237 454.2588 -1889.9296 565.8733 -1670.5942 -485.2666 229.3222 385.6849 569.5184 674.4001 -2402.4270 152.3123 -648.5765 -288.1078 -1438.1191 -528.6251 -124.1086 1086.5653 2096.6265 1611.0836 838.7069 -896.3088 -312.2231 967.8176 1906.7020 49.4567 -356.4223 -196.7070 169.0730
-217.8728 -467.8800 611.9670 1443.4669 11.6477 -880.2518 -1891.5638 -404.4303 -1230.5048 -1749.9275 1907.7683 1119.3241 2009.8994 1624.8512 210.8003 2277.5435 439.6812 -88.0988 839.6346 -409.0057 -1377.1407 -2198.1335 -977.3705 1289.4265 -1366.7699 164.4965 -754.1862 -1906.3567 1397.1146 -1495.9805 1134.9332 -631.8833 416.8354 758.4133 -345.3827 896.1356 54.9132 136.6886 -422.9370 -410.1834 -783.3389 2456.7195 3639.0925 385.1229 -2125.2722 -1130.6829 -1563.7140 -752.0602 2051.5415 -576.3842 22.0778 2640.1096 -1226.3397 2362.0222 1091.5199 373.6625 1330.0358 -1391.4058 1675.9425 -1777.0103 -2710.0154 330.7504 724.6538 -1646.2234 -1331.3010 -1928.2524 -1159.2725 -993.6721 1025.0974 -795.5763 -883.2539 -1903.6185 1390.3890 -253.8055 -429.9380 -2210.5596 -58.8167 -282.2584 1759.7467 727.4829 -516.6778 -327.7912 -2206.7212 -259.4541 2133.9844 810.7204 4.9158 3165.0737 651.6888 -527.1121 1265.7825 -1892.9524 -2033.6610 -829.6708 1849.2090 -2247.1360 -369.1298 -268.7651 -29.8663 -978.7834 -2495.7258 988.4673 1223.2562 -1498.9885 2378.3721 -1527.1472 1400.5458 -258.1342 2648.3000 26.3186 -443.8540 2037.6511 402.1255 -1149.8398 2124.6748 -1524.5892 407.4002 -659.4977 1393.4364 399.7780 -1628.3363 -539.7595 -325.0891 -2147.4451 1220.4524 -2394.3948 734.1758 134.0189 -823.1088 86.8169 1174.0796 940.7794 -1276.0356 1643.0162 176.2565 2029.9794 -1403.5448 -666.0010 3944.8799 -479.9020 636.7440 -589.2340 332.4706 -1275.8684 -637.9967 209.6933 1160.5387 -229.5406 157.0497 1293.5481 617.3734 -928.2201 2065.7378 -2328.3831 -269.2867 -389.4911 282.8883 -1089.4545 -2920.8154 208.6388 1091.1030 -2318.8342 -1657.6882 -1388.9249 565.7346 -1062.4042 684.8774 120.0357 -1774.5999 1175.9800 3075.2771 -425.5894 1399.0344 -680.4883 -1469.8934 1925.3756 -99.0263 -1125.0015 1279.0883 -429.9350 455.2643 683.1119 -2121.6677 88.7284 -272.6418 -1899.8673 -944.0605 964.0345 -873.8510 4448.4556 -329.5892 2610.1003 -261.6374 -427.5034 -2861.2488 -624.5811 708.4265 -171.5332 -1428.4362 -263.4555 2988.5029 1592.5757 418.6462 -103.7532 -695.9387 2177.1211 -297.9377 -195.7885 1163.1483 914.9395 -486.6128 -1773.1346 -1750.3958 -720.0753 -559.9984 -1151.5007 -2259.4116 -583.6725 -1049.9608 -1406.1335 66.8898 -472.7167 -717.3162 2255.4580 906.5952 -118.3003 734.0533 -3518.3799 339.9629 668.5164 1981.5094 -144.0754 948.7359 515.8386 1122.1691 -1842.2186 938.3276 1396.0312 3672.5771 457.5336 374.6999 -3684.0720 -889.4759 -1079.7241 1915.6660 835.2916 -711.2734 -1856.5032 -566.8554 -1801.6068 1976.3639 2814.1167 -79.7432 1992.7266 2203.6824 1547.3032 -2066.1663 1731.4729 1171.3099 -773.8997 -12.5368 757.5789 -2704.2947 134.5866 -309.3166 1104.3330 291.0788 946.8751 1397.1439 727.3103 -1816.1793 -2167.7507 603.1278 -2509.3730 751.3445 -2218.1472 -644.3736 304.4870 512.0786 756.1746 895.4216 -3189.7573 202.2018 -861.1451 -382.5437 -1909.4674 -701.8575 -164.8805 1442.6975 2783.8020 2139.1143 1113.5747 -1189.9851 -414.5174 1285.0295 2531.5579 65.7893 -473.2116 -261.1101 224.5387
43.9937 94.4336 -123.5762 -291.4160 -2.3276 177.7314 381.9405 81.6425 248.4386 353.3110 -385.1554 -225.9813 -405.8118 -328.0450 -42.5859 -459.8594 -88.7692 17.7972 -169.4669 82.5724 278.0576 443.8683 197.3326 -260.3546 275.9344 -33.2624 152.2660 384.9089 -282.0671 302.0193 -229.1285 127.6084 -84.1232 -153.1520 69.7152 -180.9404 -11.1319 -27.5848 85.3417 82.8570 158.1598 -495.9930 -734.8104 -77.7509 429.0662 228.3271 315.7227 151.8549 -414.2420 116.4247 -4.4968 -533.0377 247.6586 -476.9173 -220.3888 -75.4300 -268.5337 280.9573 -338.3635 358.7702 547.1905 -66.7952 -146.3479 332.3520 268.7969 389.3569 234.0693 200.6128 -206.9698 160.6805 178.3641 384.3433 -280.7468 51.2615 86.8105 446.3151 11.8985 56.9887 -355.2697 -146.8221 104.3192 66.1954 445.5648 52.3954 -430.8536 -163.6784 -1.0223 -639.0847 -131.5827 106.4286 -255.5629 382.2483 410.6229 167.4862 -373.4147 453.7189 74.5035 54.2633 6.0188 197.6283 503.9024 -199.5817 -246.9880 302.6841 -480.2117 308.3169 -282.7883 52.1317 -534.7437 -5.3489 89.6166 -411.4305 -81.1527 232.2056 -428.9386 307.8281 -82.2307 133.1933 -281.3598 -80.7296 328.7957 108.9567 65.6190 433.5562 -246.3963 483.4248 -148.2386 -27.0994 166.2025 -17.5173 -237.0278 -189.8865 257.6915 -331.7852 -35.5956 -409.8471 283.4449 134.5044 -796.4775 96.8628 -128.5517 118.9770 -67.1196 257.6113 128.8227 -42.3193 -234.3373 46.3790 -31.7141 -261.1447 -124.6543 187.3710 -417.0603 470.1091 54.3912 78.6326 -57.0951 219.9480 589.7014 -42.0963 -220.2387 468.1898 334.7286 280.3969 -114.2105 214.5048 -138.3100 -24.2364 358.3424 -237.4741 -620.9329 85.9240 -282.5006 137.4126 296.7564 -388.7818 19.9793 227.0995 -258.2663 86.7835 -91.9121 -137.9444 428.3656 -17.9245 55.0401 383.5853 190.6594 -194.6558 176.3881 -898.1919 66.5040 -526.9714 52.8305 86.3247 577.6887 126.1305 -142.9990 34.5839 288.4083 53.1836 -603.3749 -321.5522 -84.5698 20.8895 140.4769 -439.5474 60.1679 39.5248 -234.8503 -184.7680 98.2562 357.9949 353.3925 145.4127 113.0831 232.5077 456.1527 117.8767 212.0344 283.8990 -13.5039 95.4806 144.8402 -455.4035 -183.0720 23.8660 -148.1803 710.3353 -68.6083 -134.9497 -400.0943 29.0987 -191.5497 -104.1262 -226.5831 372.0028 -189.4404 -281.8934 -741.5348 -92.3713 -75.6564 743.8524 179.6305 217.9763 -386.7791 -168.6353 143.5892 374.8655 114.4580 363.7719 -399.0423 -568.1755 16.1031 -402.3240 -444.9261 -312.4089 417.1519 -349.6252 -236.5381 156.2207 2.5743 -152.9639 545.9954 -27.1815 62.4770 -222.9956 -58.7632 -191.1756 -282.0908 -146.8112 366.9920 437.6961 -121.8057 506.6744 -151.6656 447.8731 130.1134 -61.4740 -103.4290 -152.6854 -180.7870 644.0476 -40.8377 173.8641 77.2170 385.5397 141.7177 33.2492 -291.3314 -562.0679 -431.9027 -224.8200 240.2637 83.6669 -259.4605 -511.1590 -13.2490 95.5378 52.7732 -45.2911
79.1443 169.9723 -222.2917 -524.3571 -4.2211 319.7593 687.0963 146.9620 446.9988 635.6365 -692.9763 -406.5984 -730.0929 -590.2687 -76.5993 -827.3217 -159.7049 31.9675 -305.0094 148.5614 500.2549 798.5046 355.0442 -468.3405 496.4859 -59.7650 273.9367 692.4416 -507.4968 543.4215 -412.2708 229.5514 -151.4381 -275.5006 125.4620 -325.5146 -19.9672 -49.6944 153.6162 148.9985 284.5503 -892.4075 -1321.9423 -139.8585 772.0319 410.6840 568.0388 273.1390 -745.1808 209.3625 -7.9851 -958.9696 445.4659 -858.0367 -396.4874 -135.7491 -483.1241 505.4235 -608.8077 645.4775 984.4197 -120.1842 -263.2292 597.9880 483.5555 700.4307 421.0898 360.9809 -372.3402 288.9899 320.8608 691.5025 -505.0958 92.2002 156.1936 802.9932 21.3661 102.5043 -639.2214 -264.2472 187.6976 119.0619 801.5869 94.2087 -775.1753 -294.5430 -1.7315 -1149.6823 -236.7370 191.5147 -459.7595 687.6073 738.7330 301.3754 -671.7147 816.2567 134.1317 97.5716 10.8465 355.5496 906.5692 -359.0554 -444.3486 544.5118 -863.9625 554.7372 -508.6920 93.7568 -961.9895 -9.6050 161.1762 -740.1765 -146.0617 417.6996 -771.7684 553.8174 -147.9876 239.5827 -506.1703 -145.2346 591.4662 196.0821 118.0920 780.0785 -443.3328 869.7422 -266.6612 -48.7132 298.9991 -31.5228 -426.4840 -341.6864 463.5314 -596.8369 -64.0115 -737.4138 509.8559 241.9552 -1432.9789 174.3172 -231.2875 214.0400 -120.7526 463.4457 231.7408 -76.1606 -421.5542 83.3649 -57.0684 -469.8937 -224.2470 337.1800 -750.3521 845.7422 97.8011 141.4571 -102.7592 395.7362 1061.0195 -75.7774 -396.3381 842.3069 602.1320 504.4731 -205.5069 385.9096 -248.7784 -43.6465 644.6145 -427.1722 -1117.0736 154.6157 -508.2091 247.2180 533.9537 -699.4272 35.9419 408.6573 -464.5929 156.1081 -165.4115 -248.1336 770.6846 -32.2166 99.0689 690.1087 342.9696 -350.2046 317.4280 -1615.9471 119.7190 -948.0914 95.0604 155.2601 1039.3370 226.8861 -257.3272 62.3400 518.8887 95.6538 -1085.5615 -578.5148 -152.0253 37.6975 252.8217 -790.8579 108.2439 71.0858 -422.4980 -332.3157 176.7682 644.0687 635.7992 261.5717 203.4260 418.3130 820.7744 212.0313 381.3961 510.7471 -24.3074 171.7338 260.5301 -819.2737 -329.3325 42.9609 -266.6074 1278.0687 -123.4499 -242.8550 -719.7733 52.3183 -344.6357 -187.3964 -407.6376 669.2239 -340.8254 -507.1180 -1334.0977 -166.2005 -136.1240 1338.2195 323.0729 392.1692 -695.8926 -303.4265 258.3570 674.3376 205.9303 654.3862 -717.9105 -1022.2021 28.9501 -723.8604 -800.5157 -562.0582 750.5268 -628.9718 -425.4543 281.1124 4.5598 -275.1732 982.3422 -48.8630 112.3685 -401.1570 -105.7456 -343.9698 -507.5087 -264.0980 659.7151 787.7736 -219.1256 911.5349 -272.9404 805.7412 234.0488 -110.5864 -186.0283 -274.7057 -325.2803 1158.7001 -73.4450 312.8252 138.9754 693.6321 254.9236 59.8954 -524.0526 -1011.1989 -777.0174 -404.4955 432.2476 150.5499 -466.7778 -919.5843 -23.8884 171.9244 94.8835 -81.5547
-158.2052 -339.6809 444.3838 1048.0250 8.4473 -639.1041 -1373.3500 -293.6227 -893.4030 -1270.5120 1385.1694 812.6830 1459.3031 1179.7688 153.0638 1653.6390 319.1623 -64.0010 609.5880 -296.9352 -999.8051 -1595.9674 -709.6464 936.1931 -992.2768 119.4805 -547.5998 -1384.1333 1014.3849 -1086.1101 824.0073 -458.7788 302.5873 550.6326 -250.7288 650.6887 39.8881 99.2779 -307.0656 -297.8482 -568.7280 1783.7227 2642.1868 279.6273 -1543.0801 -820.9441 -1135.2834 -546.0390 1489.4996 -418.4182 16.0452 1916.8016 -890.3446 1714.9669 792.4910 271.2869 965.7052 -1010.2943 1216.8580 -1290.2216 -1967.6210 240.2030 526.1713 -1195.2382 -966.5634 -1400.0225 -841.7146 -721.4736 744.2889 -577.7118 -641.2961 -1382.1121 1009.5768 -184.2472 -312.1718 -1604.9633 -42.7039 -204.9464 1277.6188 528.2432 -375.1500 -238.0745 -1602.2413 -188.3519 1549.3901 588.5761 3.5786 2298.0303 473.1530 -382.7098 919.0501 -1374.4391 -1476.5493 -602.4171 1342.6476 -1631.5000 -268.0322 -195.1461 -21.7125 -710.6996 -1812.0636 717.6764 888.1409 -1088.3264 1726.9148 -1108.7880 1016.8875 -187.4290 1922.7931 19.0922 -322.2356 1479.4615 291.9951 -834.8382 1542.5892 -1106.9120 295.8137 -478.7734 1011.6888 290.2685 -1182.2311 -391.9066 -236.0428 -1559.1324 886.1565 -1738.4518 533.0956 97.3803 -597.6064 63.0699 852.4422 683.0419 -926.5250 1192.8512 127.9412 1473.8632 -1019.0660 -483.5353 2864.2053 -348.4794 462.3275 -427.8420 241.4169 -926.3624 -463.2480 152.2147 842.6022 -166.7102 113.9964 939.1476 448.2292 -673.9278 1499.7897 -1690.5323 -195.4994 -282.8015 205.4211 -790.9491 -2120.6135 151.4533 792.1891 -1683.6182 -1203.5876 -1008.3995 410.7815 -771.3403 497.3164 87.1588 -1288.4657 853.8848 2232.8103 -309.0203 1015.8027 -494.0938 -1067.1969 1397.9661 -71.9116 -816.7969 928.6752 -312.1732 330.5768 495.9618 -1540.4209 64.3930 -197.9139 -1379.3590 -685.4225 699.9319 -634.4663 3229.7805 -239.2971 1895.0286 -190.0135 -310.3777 -2077.3884 -453.4658 514.3470 -124.4896 -1037.1323 -191.2681 2169.7568 1156.2565 303.9674 -75.3063 -505.3019 1580.6287 -216.3020 -142.1238 844.4809 664.2521 -353.2948 -1287.3616 -1270.8358 -522.8636 -406.5623 -836.0233 -1640.4574 -423.8070 -762.3486 -1020.8668 48.5757 -343.2471 -520.8442 1637.5740 658.2476 -85.8879 532.9449 -2554.5046 246.8179 485.3978 1438.7311 -104.6088 688.8497 374.5468 814.7972 -1337.5233 681.2741 1013.6393 2666.4573 332.1841 272.0867 -2674.9028 -645.8165 -783.9138 1390.8856 606.4604 -516.4460 -1347.9312 -411.5735 -1308.0686 1434.9535 2043.1720 -57.9439 1446.8079 1600.0294 1123.4529 -1500.1376 1257.1405 850.4698 -561.9648 -9.0646 549.9745 -1963.4561 97.6829 -224.5460 801.7983 211.3738 687.5336 1014.4793 527.8843 -1318.6770 -1573.9603 438.1830 -1821.9474 545.4973 -1610.5298 -467.8540 221.0643 371.7678 549.1041 650.1978 -2316.0046 146.8108 -625.2462 -277.7402 -1386.2737 -509.6079 -119.7169 1047.4636 2021.2292 1553.0385 808.5215 -864.0446 -300.9179 932.9757 1838.0367 47.7178 -343.5917 -189.5469 163.0571
-239.4965 -514.5010 672.9179 1587.2408 12.7772 -967.9378 -2079.9861 -444.7156 -1353.1243 -1924.2747 2097.8308 1230.8064 2210.1035 1786.7122 231.8040 2504.4031 483.4050 -96.8666 923.2802 -449.7598 -1514.3208 -2417.0884 -1074.7317 1417.8475 -1502.9155 180.8916 -829.3007 -2096.2056 1536.2311 -1644.9987 1247.9426 -694.7459 458.3424 833.9500 -379.7999 985.3949 60.4202 150.3105 -465.1156 -451.0836 -861.3436 2701.4612 4001.6050 423.4906 -2336.9858 -1243.2814 -1719.4753 -826.9218 2255.8552 -633.7901 24.2150 2903.1860 -1348.4358 2597.3489 1200.2560 410.8559 1462.4653 -1530.0402 1842.9357 -1954.0323 -2980.0266 363.7307 796.8652 -1810.2637 -1463.9202 -2120.2991 -1274.8379 -1092.6489 1127.2538 -874.8109 -971.1920 -2093.2473 1528.8716 -279.1416 -472.8133 -2430.7568 -64.6514 -310.3775 1935.0618 799.9838 -568.1714 -360.4809 -2426.5715 -285.2956 2346.5647 891.4807 5.3907 3480.3979 716.6435 -579.6178 1391.8669 -2081.5183 -2236.2458 -912.3383 2033.4056 -2471.0034 -405.9355 -295.5231 -32.7958 -1076.3226 -2744.3250 1086.9762 1345.1166 -1648.3291 2615.2896 -1679.2723 1539.9779 -283.8216 2912.1140 28.9489 -488.0312 2240.6343 442.1765 -1264.3475 2336.2749 -1676.5028 447.9687 -725.2093 1532.1749 439.6264 -1790.5192 -593.4863 -357.4874 -2361.4229 1342.0992 -2632.9229 807.2845 147.3476 -905.1065 95.5142 1291.0918 1034.5337 -1403.1544 1806.7258 193.8138 2232.1404 -1543.4370 -732.3173 4337.8486 -527.6793 700.1752 -647.9401 365.5620 -1402.9308 -701.5714 230.5407 1276.1702 -252.4124 172.6861 1422.4050 678.8991 -1020.6483 2271.4871 -2560.3621 -296.0849 -428.2444 311.0571 -1198.0283 -3211.7781 229.4252 1199.8180 -2549.8896 -1822.8070 -1527.2856 622.0630 -1168.2092 753.1755 131.9689 -1951.4696 1293.1986 3381.6326 -467.9424 1538.3611 -748.3042 -1616.3158 2117.1697 -108.9241 -1237.0814 1406.4340 -472.7922 500.6679 751.1908 -2333.0068 97.5410 -299.7627 -2089.1399 -1038.1437 1060.0190 -960.9683 4891.6265 -362.4093 2870.0881 -287.7803 -470.0424 -3146.2058 -686.7820 779.0234 -188.6423 -1570.7611 -289.6836 3286.1887 1751.1377 460.2907 -114.0886 -765.2802 2393.9949 -327.6421 -215.3020 1279.0248 1006.1210 -535.0537 -1949.7545 -1924.6630 -791.8922 -615.8270 -1266.2173 -2484.4922 -641.8643 -1154.5165 -1546.1387 73.5322 -519.8038 -788.7757 2480.1714 996.9529 -130.0143 807.1517 -3868.8611 373.8226 735.1389 2178.8271 -158.4054 1043.3058 567.2283 1233.9598 -2025.6964 1031.7805 1535.0948 4038.4890 503.1120 412.0300 -4051.0225 -978.1172 -1187.3376 2106.4631 918.5253 -782.2017 -2041.4479 -623.3559 -1981.1119 2173.1912 3094.3948 -87.6944 2191.2891 2423.2180 1701.3804 -2272.0337 1903.9454 1287.9720 -850.9457 -13.7840 833.1708 -2973.6851 147.9626 -340.0899 1214.3788 320.0641 1041.2255 1536.3087 799.4216 -1997.1118 -2383.7239 663.1912 -2759.0264 826.1917 -2439.1067 -708.4962 334.7908 563.0764 831.5408 984.6201 -3507.4927 222.4154 -946.9803 -420.6607 -2099.6702 -771.7516 -181.3202 1586.3789 3061.1030 2352.1282 1224.5494 -1308.5352 -455.7471 1413.0592 2783.8015 72.2697 -520.2714 -287.2042 246.8967
-84.2796 -180.9739 236.7398 558.2931 4.5017 -340.4639 -731.6450 -156.4243 -475.9478 -676.8807 737.8832 432.9583 777.3508 628.4647 81.5036 880.9157 170.0511 -34.0839 324.7946 -158.1474 -532.6511 -850.2161 -378.0343 498.7142 -528.6622 63.6047 -291.7357 -737.3776 540.3865 -578.6082 439.0099 -244.4109 161.2411 293.3477 -133.5547 346.5934 21.2661 52.8697 -163.5725 -158.7101 -302.9908 950.2094 1407.5873 148.9851 -822.0251 -437.3560 -604.8001 -290.8592 793.5206 -222.9412 8.5442 1021.1584 -474.3595 913.5612 422.1866 144.5065 514.4695 -538.1871 648.2416 -687.3383 -1048.2439 127.8826 280.2744 -636.7255 -514.9236 -745.8554 -448.4070 -384.3496 396.5073 -307.6977 -341.6473 -736.3224 537.7452 -98.1635 -166.3058 -854.9996 -22.7308 -109.1920 680.6559 281.3431 -199.8431 -126.8069 -853.5353 -100.3185 825.3957 313.6139 1.9784 1224.2124 252.0204 -203.9230 489.5899 -732.1855 -786.6252 -320.8460 715.2480 -869.1489 -142.7341 -103.9851 -11.5499 -378.5906 -965.2993 382.3564 473.1372 -579.7539 919.9214 -590.6757 541.7158 -99.8208 1024.3513 10.1474 -171.6841 788.0957 155.5500 -444.7475 821.8038 -589.7217 157.5887 -255.1115 538.9358 154.6334 -629.7578 -208.7422 -125.7442 -830.6202 472.0406 -926.0849 283.9807 51.8711 -318.3898 33.5524 454.0815 363.8740 -493.5312 635.5226 68.1850 785.1925 -542.9333 -257.5843 1525.8767 -185.6109 246.2473 -227.9077 128.5832 -493.5110 -246.7887 81.0962 448.9328 -88.7766 60.7022 500.3556 238.7989 -359.0038 798.9709 -900.5496 -104.1826 -150.6359 109.4061 -421.3232 -1129.7238 80.6909 422.0294 -896.8951 -641.2000 -537.1785 218.7854 -410.9289 264.8920 46.4420 -686.3906 454.9012 1189.4738 -164.5865 541.1501 -263.2047 -568.5577 744.7189 -38.3382 -435.1484 494.7259 -166.2956 176.0654 264.2230 -820.6098 34.3221 -105.4350 -734.8559 -365.1885 372.8648 -338.0096 1720.5940 -127.4947 1009.5426 -101.2085 -165.3975 -1106.7239 -241.5531 274.0345 -66.3320 -552.5412 -101.9310 1155.8788 616.0276 161.9005 -40.1299 -269.1477 842.0959 -115.2722 -75.7452 449.8932 353.8814 -188.1936 -685.8160 -677.0435 -278.5294 -216.5852 -445.4431 -873.9031 -225.7574 -406.1322 -543.8566 25.8891 -182.8760 -277.4306 872.4029 350.6154 -45.7068 283.9147 -1360.8926 131.5150 258.5209 766.4051 -55.7405 366.9578 199.4863 434.0886 -712.5133 362.8976 539.9593 1420.5148 176.9240 144.9143 -1424.9231 -344.0340 -417.6374 740.9660 323.0716 -275.1177 -718.0634 -219.2847 -696.8319 764.4570 1088.4276 -30.7747 770.7651 852.3692 598.4838 -799.1786 669.7288 453.0547 -299.3285 -4.8589 293.0533 -1046.0024 52.0492 -119.6296 427.0912 112.5797 366.2380 540.3760 281.1905 -702.5090 -838.4576 233.3082 -970.6135 290.9425 -857.9236 -249.2727 117.7624 198.0524 292.4349 346.3456 -1233.7664 78.2208 -333.1091 -147.9633 -738.5407 -271.4510 -63.7672 558.0125 1076.7688 827.4089 430.6801 -460.2662 -160.3387 497.0347 979.1887 25.4351 -183.0029 -101.0213 86.8437
-102.4858 -220.1418 287.9608 679.1883 5.4473 -414.1848 -890.0406 -190.2781 -578.9966 -823.4354 897.7046 526.6935 945.7847 764.6225 99.2047 1071.6765 206.8906 -41.4316 395.1181 -192.4593 -647.9971 -1034.3206 -459.9284 606.7159 -643.1151 77.4575 -354.8519 -897.0620 657.3715 -703.8853 534.0419 -297.3057 196.1426 356.8318 -162.4537 421.6194 25.8374 64.3320 -199.0173 -193.0212 -368.5558 1156.0162 1712.4208 181.2427 -1000.0142 -532.0568 -735.7959 -353.8626 965.3373 -271.2135 10.3977 1242.3312 -577.0032 1111.4105 513.6140 175.8062 625.8653 -654.7465 788.5861 -836.1714 -1275.1982 155.6897 341.0184 -774.6393 -626.4385 -907.3716 -545.5229 -467.5434 482.3761 -374.3455 -415.6102 -895.7304 654.2576 -119.4643 -202.3003 -1040.1964 -27.6575 -132.7923 828.0046 342.3191 -243.1485 -154.2739 -1038.3513 -122.0967 1004.1448 381.4565 2.2985 1489.3470 306.6870 -248.0257 595.5669 -890.7171 -956.8998 -390.3594 870.1002 -1057.3530 -173.6825 -126.4866 -14.0311 -460.5750 -1174.3583 465.1431 575.5904 -705.3387 1119.1388 -718.5974 658.9664 -121.4436 1246.1140 12.3640 -208.8474 958.8224 189.2287 -541.0598 999.6996 -717.3723 191.6604 -310.3456 655.6260 188.1193 -766.2183 -253.9396 -152.9925 -1010.4691 574.3051 -1126.6840 345.4987 63.1119 -387.2826 40.8996 552.4164 442.6614 -600.4113 773.1507 82.8802 955.1528 -660.4799 -313.3551 1856.2675 -225.8145 299.5815 -277.3096 156.4572 -600.3962 -300.1840 98.6588 546.0937 -108.0172 73.8543 608.6382 290.4443 -436.7928 971.9897 -1095.6234 -126.7373 -183.2771 133.1021 -512.6818 -1374.3247 98.1878 513.4617 -1091.1672 -780.0366 -653.5024 266.1720 -499.8646 322.3055 56.4805 -835.0392 553.3881 1447.1030 -200.1989 658.3150 -320.1899 -691.6784 905.9485 -46.6203 -529.3568 601.7844 -202.3254 214.2343 321.4671 -998.3375 41.7729 -128.3168 -893.9528 -444.2587 453.6013 -411.1969 2093.2373 -155.1497 1228.1428 -123.1272 -201.1478 -1346.2784 -293.9335 333.3271 -80.6922 -672.1766 -123.9731 1406.1605 749.3200 196.9714 -48.8302 -327.4651 1024.4332 -140.2161 -92.1281 547.2916 430.5392 -228.9646 -834.3026 -823.5602 -338.8145 -263.5504 -541.8595 -1063.1122 -274.6532 -494.0500 -661.6356 31.5058 -222.4614 -337.5258 1061.2729 426.6125 -55.6909 345.4532 -1655.5001 159.9536 314.5543 932.3266 -67.7966 446.4422 242.6959 528.0475 -866.8444 441.4942 656.9288 1728.1375 215.2921 176.2747 -1733.4720 -418.5401 -508.0081 901.3972 393.0329 -334.6803 -873.5945 -266.7288 -847.7587 929.9540 1324.1204 -37.5286 937.7138 1036.8701 728.0610 -972.2612 814.7299 551.2123 -364.1427 -5.8735 356.5569 -1272.4652 63.2891 -145.5455 519.6563 136.9766 445.5456 657.4610 342.1104 -854.5960 -1020.0652 283.7814 -1180.7445 353.5286 -1043.4821 -303.2025 143.2773 240.9532 355.8392 421.4063 -1500.8994 95.1818 -405.2374 -180.0110 -898.4749 -330.2573 -77.5739 678.7936 1309.9102 1006.5249 523.9589 -559.9266 -195.0309 604.6485 1191.2125 30.9568 -222.6937 -122.8681 105.6492
1687.6302 3624.5139 -4740.7778 -11181.8164 -90.0834 6818.8140 14653.0049 3133.0913 9532.3516 13555.7666 -14778.7783 -8670.9902 -15569.8711 -12587.1416 -1633.0615 -17643.0000 -3405.3867 682.5546 -6504.3198 3168.4854 10667.8848 17028.0059 7571.3999 -9988.4688 10587.6797 -1274.4131 5842.2490 14767.3877 -10822.4941 11588.3867 -8791.7236 4894.8413 -3228.8479 -5875.1255 2675.5718 -6941.8115 -425.7223 -1058.9457 3276.2300 3177.6987 6068.0645 -19031.4199 -28190.7891 -2983.3354 16463.6914 8758.7969 12113.3350 5825.6001 -15892.1221 4464.9473 -170.8597 -20451.7012 9499.6885 -18297.5664 -8455.4805 -2894.4924 -10303.1143 10778.7891 -12982.7979 13765.5537 20993.5195 -2562.4849 -5613.6792 12752.5176 10312.9326 14937.2100 8980.4639 7697.3599 -7941.1392 6163.0464 6842.1743 14746.4346 -10770.8525 1966.3134 3330.4465 17124.2500 455.6912 2186.4663 -13631.7236 -5635.6885 4002.5620 2539.5552 17094.7734 2009.6851 -16531.1172 -6280.4180 -38.0628 -24518.1680 -5048.3140 4083.3345 -9805.5527 14664.0205 15753.7812 6427.1064 -14324.9688 17407.2637 2859.7073 2081.9358 231.1913 7582.3276 19333.3262 -7657.3989 -9476.0088 11612.1025 -18424.4121 11830.0010 -10849.2441 1999.6613 -20515.0371 -203.9523 3438.2571 -15784.7344 -3115.0251 8907.3848 -16458.5312 11810.4814 -3155.8350 5108.8726 -10794.0068 -3096.8977 12613.6152 4181.2080 2518.1484 16635.3027 -9454.4688 18548.3281 -5687.2803 -1038.3979 6376.1973 -672.6303 -9095.0986 -7287.8604 9884.9951 -12727.7627 -1365.4552 -15725.0488 10872.9092 5158.9561 -30559.3516 3717.4963 -4932.5288 4564.6934 -2575.6453 9883.4717 4942.2744 -1624.1002 -8990.3535 1778.2175 -1216.6034 -10020.5439 -4782.5098 7190.5103 -16002.1377 18036.9961 2085.9619 3017.1506 -2191.5139 8439.3975 22626.3359 -1616.3472 -8452.3262 17963.0020 12841.4453 10759.0859 -4382.3457 8229.5840 -5305.8735 -929.8976 13747.3457 -9110.1240 -23822.9297 3296.4890 -10837.6533 5271.5464 11386.5967 -14915.1738 767.0984 8714.9219 -9908.2578 3330.6799 -3526.7910 -5291.8306 16435.3867 -687.2733 2111.7695 14717.2266 7313.3184 -7467.7964 6769.5718 -34460.1016 2553.2900 -20219.0586 2027.1311 3311.4790 22164.2754 4838.3833 -5488.0137 1328.6779 11065.5557 2040.6310 -23150.2207 -12336.6328 -3242.7659 803.8424 5391.2969 -16865.1211 2308.0566 1516.8610 -9010.1748 -7087.5249 3769.5923 13735.7324 13559.1543 5578.4312 4338.0996 8920.2764 17502.7422 4521.5918 8133.5034 10892.2598 -518.2409 3662.1230 5556.5347 -17472.0918 -7023.1621 916.1121 -5686.4683 27255.1934 -2633.4221 -5178.7393 -15349.7432 1115.9270 -7349.6265 -3995.8184 -8693.1240 14270.6025 -7268.8193 -10814.4053 -28450.0254 -3544.1423 -2902.7324 28538.8242 6890.2886 8364.1416 -14839.7666 -6470.6748 5510.1030 14381.5049 4391.4351 13956.2148 -15310.0889 -21799.4219 617.8143 -15436.9287 -17070.9102 -11986.1396 16005.8652 -13413.0410 -9073.6094 5995.1802 97.0498 -5868.8604 20948.9160 -1042.3341 2395.9133 -8554.7402 -2254.7705 -7335.3477 -10823.1221 -5631.9390 14069.3555 16792.6387 -4672.1309 19438.9414 -5820.4849 17183.0488 4991.9014 -2358.5974 -3966.9602 -5857.9175 -6936.5659 24709.6719 -1566.4772 6670.9912 2963.4114 14791.4668 5436.8325 1277.0366 -11175.8271 -21564.9453 -16570.4395 -8626.5156 9218.5293 3210.7495 -9954.4639 -19611.0039 -509.2390 3665.6377 2022.7734 -1739.4022
50.8779 109.2568 -142.9806 -337.1617 -2.7108 205.6704 441.8605 94.4725 287.4503 408.7924 -445.6079 -261.4571 -469.4686 -379.5591 -49.2572 -532.0107 -102.7058 20.6241 -196.1353 95.5445 321.6917 513.5052 228.3082 -301.1869 319.2473 -38.4601 176.1720 445.3307 -326.3797 349.4536 -265.1198 147.6374 -97.4030 -177.1505 80.7175 -209.3330 -12.8605 -31.9356 98.8005 95.8303 182.9895 -573.8349 -850.0666 -89.9967 496.4375 264.1789 365.3198 175.6765 -479.2209 134.6253 -5.1674 -616.7123 286.4813 -551.7919 -254.9862 -87.2850 -310.6719 325.0211 -391.5344 415.1462 633.0540 -77.2875 -169.3059 384.5434 310.9539 450.4603 270.8300 232.1045 -239.4626 185.8394 206.3099 444.6790 -324.8203 59.3049 100.4544 516.3917 13.7381 65.9527 -411.0811 -169.9287 120.6907 76.6075 515.5012 60.6191 -498.4851 -189.3719 -1.1405 -739.3864 -152.2511 123.1546 -295.6609 442.2126 475.0429 193.7941 -432.0037 524.9404 86.2077 62.7966 6.9770 228.6475 583.0063 -230.8672 -285.7632 350.1631 -555.5712 356.7567 -327.1546 60.3239 -618.6158 -6.1530 103.6885 -475.9982 -93.9478 268.5743 -496.3054 356.1118 -95.1784 154.0313 -325.4946 -93.3611 380.3873 126.0724 75.9820 501.6372 -285.1087 559.2955 -171.5198 -31.3609 192.3029 -20.3168 -274.2393 -219.7533 298.0734 -383.7898 -41.1598 -474.2270 327.8954 155.5678 -921.4713 112.0734 -148.7316 137.6448 -77.6563 298.0808 148.9925 -48.9605 -271.1116 53.6440 -36.6687 -302.1962 -144.2373 216.8130 -482.5146 543.9380 62.9164 90.9871 -66.0532 254.5060 682.2742 -48.7127 -254.8690 541.6936 387.2575 324.4377 -132.1719 248.1728 -160.0147 -28.0526 414.5287 -274.7285 -718.4016 99.4394 -326.8168 158.9844 343.3117 -449.7587 23.1175 262.7733 -298.7794 100.4321 -106.3626 -159.5747 495.6258 -20.7343 63.6473 443.8016 220.5633 -225.1579 204.1097 -1039.1531 76.9904 -609.6993 61.1292 99.8449 668.4056 145.8947 -165.4794 40.0618 333.7018 61.5424 -698.1130 -371.9984 -97.7929 24.2366 162.5698 -508.5153 69.5871 45.7048 -271.7248 -213.7553 113.6811 414.1675 408.8528 168.2350 130.8072 269.0295 527.7553 136.3547 245.2746 328.4606 -15.6345 110.4959 167.5477 -526.8757 -211.7852 27.6194 -171.4189 821.8613 -79.4617 -156.1923 -462.8928 33.6299 -221.6500 -120.5075 -262.1491 430.3495 -219.1980 -326.1085 -857.8953 -106.8499 -87.5396 860.6295 207.8071 252.2237 -447.4837 -195.1336 166.1326 433.6968 132.4284 420.8734 -461.6268 -657.3415 18.6341 -465.4908 -514.7884 -361.4666 482.6403 -404.4799 -273.5843 180.7572 2.9185 -176.9581 631.7081 -31.4353 72.2594 -257.9934 -67.9719 -221.2109 -326.3811 -169.7957 424.2113 506.4150 -140.9263 586.2257 -175.4804 518.1473 150.5251 -70.8277 -119.6293 -176.6455 -209.1618 745.1853 -47.2714 201.1819 89.3661 446.0310 163.9689 38.5246 -337.0013 -650.3259 -499.6686 -260.1327 277.9990 96.8345 -300.1822 -591.3733 -15.3394 110.4926 60.9901 -52.4512
-463.8955 -996.3293 1303.2039 3073.7439 24.7646 -1874.3363 -4027.9673 -861.2570 -2620.3145 -3726.2578 4062.4763 2383.5593 4279.9443 3460.0251 448.8828 4849.8521 936.0961 -187.6773 1787.9954 -870.9660 -2932.4856 -4680.7695 -2081.2412 2745.7314 -2910.4280 350.3389 -1605.9324 -4059.3401 2974.9463 -3185.4346 2416.7451 -1345.5170 887.6071 1614.9792 -735.4432 1908.2013 116.9771 291.1301 -900.5706 -873.4899 -1668.0201 5231.5205 7749.2437 820.0672 -4525.5928 -2407.6836 -3329.8223 -1601.3889 4368.4810 -1227.3368 46.9520 5621.8770 -2611.3333 5029.7622 2324.3081 795.6586 2832.1902 -2962.9963 3568.7988 -3783.9373 -5770.8135 704.4339 1543.1132 -3505.4941 -2834.8855 -4106.0532 -2468.5891 -2115.8611 2182.8999 -1694.1561 -1880.8157 -4053.5806 2960.7925 -540.4773 -915.4606 -4707.2178 -125.2768 -600.9785 3747.1484 1549.1807 -1100.2505 -698.1157 -4699.0830 -552.4615 4544.1631 1726.3820 10.4142 6739.7173 1387.6979 -1122.3951 2695.3726 -4031.0037 -4330.4780 -1766.7301 3937.7065 -4785.0269 -786.1141 -572.2571 -63.5366 -2084.3137 -5314.4404 2104.9626 2604.8169 -3192.0149 5064.6426 -3251.8999 2982.2864 -549.7065 5639.2622 56.0775 -945.1251 4339.0127 856.2238 -2448.5842 4524.2563 -3246.4563 867.4985 -1404.3672 2967.1523 851.3288 -3467.3188 -1149.3840 -692.2343 -4572.7729 2598.9058 -5098.7383 1563.2952 285.4937 -1752.7261 184.8318 2500.0981 2003.3148 -2717.2878 3498.6670 375.3219 4322.5981 -2988.8330 -1418.1471 8400.3760 -1021.9141 1355.9156 -1254.7433 707.9680 -2716.7908 -1358.5477 446.4505 2471.3589 -488.8052 334.4565 2754.5068 1314.6194 -1976.6105 4398.7544 -4958.1440 -573.4130 -829.3557 602.4521 -2319.8970 -6219.6309 444.3624 2323.4258 -4937.7339 -3529.9363 -2957.5186 1204.6755 -2262.2356 1458.5364 255.5660 -3778.9604 2504.2153 6548.6450 -906.1518 2979.0764 -1449.1205 -3129.9861 4099.9199 -210.8796 -2395.6306 2723.6313 -915.5129 969.5141 1454.6331 -4517.8481 188.9460 -580.4793 -4045.5344 -2010.3076 2052.7827 -1860.8650 9472.6016 -701.9125 5557.9102 -557.2913 -910.2854 -6092.6709 -1330.0452 1508.5815 -365.2581 -3041.7258 -560.9492 6363.6289 3391.1880 891.3995 -220.9737 -1481.9834 4636.0322 -634.4518 -416.9398 2476.8071 1948.2997 -1036.1787 -3775.7446 -3727.2085 -1533.3849 -1192.5205 -2452.0547 -4811.2739 -1242.8728 -2235.8159 -2994.0833 142.4362 -1006.6625 -1527.4098 4802.8135 1930.5704 -251.8384 1563.1564 -7492.0566 723.8690 1423.5699 4219.4468 -306.7269 2020.3571 1098.4056 2389.5986 -3922.8010 1998.1382 2972.6687 7820.5596 974.2559 797.8979 -7844.9424 -1893.9913 -2299.2014 4079.1882 1778.7108 -1514.6071 -3953.2896 -1207.1067 -3836.2756 4208.5728 5992.3823 -169.7846 4243.3960 4692.5117 3294.7915 -4399.7959 3687.0857 2494.2170 -1647.9592 -26.7416 1613.3092 -5758.5522 286.5824 -658.5449 2351.6321 619.8145 2016.3531 2975.0898 1548.1981 -3867.3916 -4616.0596 1284.2960 -5343.4043 1599.9801 -4723.4131 -1372.0442 648.2808 1090.8131 1610.2781 1906.7523 -6792.3657 430.5979 -1833.7516 -814.5923 -4065.9795 -1494.4611 -351.0355 3072.0972 5927.9058 4554.9766 2371.2749 -2534.0891 -882.5715 2736.3442 5390.7783 139.9798 -1007.5538 -555.9849 478.1725
-182.1818 -391.2629 511.7159 1207.0046 9.7336 -735.9880 -1581.6924 -338.1365 -1029.0033 -1463.2817 1595.2430 936.0163 1680.6559 1358.7012 176.2769 1904.4271 367.6152 -73.6863 702.0818 -342.0302 -1151.5199 -1838.0533 -817.2640 1078.1895 -1142.8674 137.5830 -630.6545 -1594.0833 1168.2383 -1250.8827 949.0110 -528.3373 348.5216 634.1921 -288.7846 749.3029 45.9408 114.3561 -353.6367 -342.9664 -655.0019 2054.2915 3042.9705 322.0198 -1777.1447 -945.4355 -1307.5852 -628.8448 1715.4893 -481.9355 18.4642 2207.6270 -1025.4298 1975.0382 912.7418 312.4542 1112.1538 -1163.4861 1401.4127 -1485.8828 -2266.0955 276.5731 605.9316 -1376.5596 -1113.1790 -1612.4084 -969.3676 -830.8224 857.1865 -665.2109 -738.5790 -1591.8154 1162.5831 -212.2512 -359.4583 -1848.4689 -49.2068 -236.0104 1471.4421 608.3502 -432.0741 -274.1571 -1845.2749 -216.9387 1784.3828 677.9541 4.1402 2646.5608 544.9370 -440.7546 1058.4371 -1582.8467 -1700.5024 -693.7339 1546.2903 -1878.9746 -308.6615 -224.7436 -24.9181 -818.4774 -2086.8914 826.5694 1022.8561 -1253.4393 1988.7366 -1276.9313 1171.0833 -215.8701 2214.4358 21.9563 -371.1603 1703.8381 336.2146 -961.5125 1776.5570 -1274.8523 340.6526 -551.4639 1165.1282 334.2957 -1361.5396 -451.2990 -271.7963 -1795.6566 1020.5223 -2002.1440 613.9327 112.0271 -688.2343 72.5969 981.7473 786.6514 -1066.9741 1373.8993 147.3866 1697.3993 -1173.6584 -556.8656 3298.7031 -401.2826 532.3818 -492.7925 278.0292 -1066.8488 -533.5001 175.3191 970.4445 -191.9923 131.3320 1081.6346 516.2367 -776.2054 1727.2985 -1946.9910 -225.2068 -325.7204 236.5293 -910.9764 -2442.3374 174.4886 912.3695 -1938.9900 -1386.1758 -1161.3552 473.0062 -888.2958 572.7116 100.3725 -1483.9259 983.3610 2571.5764 -355.8089 1169.8199 -569.0033 -1229.1215 1609.9493 -82.8170 -940.7079 1069.5199 -359.5376 380.7112 571.2388 -1774.0923 74.2249 -227.9954 -1588.5740 -789.4137 806.1455 -730.7275 3719.6699 -275.6497 2182.4653 -218.8005 -357.4813 -2392.4480 -522.3115 592.4006 -143.4133 -1194.4692 -220.2520 2498.8574 1331.7045 350.0345 -86.7783 -581.9177 1820.4785 -249.1217 -163.7640 972.5421 765.0771 -406.8995 -1482.7074 -1463.6465 -602.1075 -468.2976 -962.8884 -1889.2795 -488.0862 -877.9455 -1175.7207 55.9281 -395.3008 -599.7781 1885.9794 758.0917 -98.8862 613.8371 -2942.0110 284.2736 558.9830 1656.8842 -120.4496 793.3130 431.3045 938.3521 -1540.3815 784.6133 1167.3795 3070.9771 382.5661 313.2856 -3080.5654 -743.7375 -902.8406 1601.8611 698.4194 -594.7434 -1552.3616 -473.9883 -1506.4779 1652.6398 2353.0886 -66.6804 1666.3210 1842.6530 1293.7903 -1727.7543 1447.8556 979.4447 -647.1187 -10.4496 633.5563 -2261.2708 112.4873 -258.5824 923.4080 243.3674 791.7657 1168.2817 607.9160 -1518.6991 -1812.6390 504.3064 -2098.2712 628.2794 -1854.8162 -538.8453 254.6137 428.2291 632.5994 748.7482 -2667.2390 169.1264 -720.0818 -319.9062 -1596.6434 -586.8586 -137.8391 1206.3398 2327.7649 1788.6710 931.1669 -995.0422 -346.5903 1074.4784 2116.8687 54.9436 -395.7009 -218.3287 187.7225
307.3846 660.1125 -863.4460 -2036.6342 -16.4105 1241.9807 2668.8530 570.6732 1736.2133 2468.9771 -2691.7422 -1579.2751 -2835.8530 -2292.6101 -297.4286 -3213.5227 -620.2300 124.3454 -1184.6576 577.1006 1943.0273 3101.4116 1379.0249 -1819.2510 1928.3638 -232.0752 1064.0493 2689.7063 -1971.1781 2110.6655 -1601.2991 891.5500 -588.1259 -1070.1229 487.2819 -1264.3883 -77.5209 -192.9313 596.6843 578.7666 1105.2371 -3466.3845 -5134.5879 -543.4064 2998.6436 1595.2860 2206.3110 1061.0521 -2894.5723 813.2147 -31.1144 -3725.0298 1730.2443 -3332.6694 -1540.0594 -527.2046 -1876.6003 1963.1976 -2364.7051 2507.2332 3823.7439 -466.7658 -1022.4715 2322.7317 1878.3317 2720.6189 1635.6899 1401.9734 -1446.4010 1122.4985 1246.2289 2685.8633 -1961.7734 358.1202 606.6275 3118.9907 82.9883 398.2391 -2482.8359 -1026.4716 729.0380 462.5755 3113.5688 366.0372 -3010.9617 -1143.8771 -6.8481 -4465.6797 -919.5097 743.7969 -1785.9492 2670.8784 2869.3071 1170.6311 -2609.0173 3170.4756 520.9004 379.1761 42.1121 1380.9971 3521.2935 -1394.7172 -1725.9138 2114.9773 -3355.7800 2154.6567 -1976.0493 364.2135 -3736.5422 -37.1500 626.2271 -2875.0132 -567.3405 1622.3824 -2997.7249 2151.1204 -574.8155 930.5187 -1966.0405 -564.0765 2297.4463 761.6096 458.6198 3029.9153 -1722.0879 3378.3547 -1035.8879 -189.1460 1161.3341 -122.4936 -1656.5374 -1327.4340 1800.4078 -2318.1743 -248.7306 -2864.1702 1980.3494 939.6281 -5566.0156 677.0967 -898.3943 831.4152 -469.0916 1800.1322 900.1744 -295.7526 -1637.5284 323.9170 -221.5815 -1825.0687 -871.0178 1309.7057 -2914.6077 3285.2034 379.9449 549.5526 -399.1786 1537.1351 4121.1094 -294.3799 -1539.4523 3271.7349 2338.9463 1959.6299 -798.1802 1498.8962 -966.3984 -169.3593 2503.8687 -1659.3220 -4339.0796 600.3926 -1973.9370 960.1432 2073.9438 -2716.6204 139.7004 1587.3556 -1804.6638 606.6174 -642.3936 -963.8519 2993.4651 -125.2035 384.6605 2680.5693 1331.9518 -1360.1359 1233.0028 -6276.4980 465.0781 -3682.6897 369.2562 603.1586 4036.9602 881.2057 -999.5978 241.9665 2015.4458 371.6805 -4216.4932 -2246.9353 -590.5956 146.3947 981.9541 -3071.8159 420.3965 276.2666 -1641.0701 -1290.8625 686.5643 2501.7812 2469.5811 1016.0096 790.1414 1624.7191 3187.9028 823.5337 1481.4075 1983.8762 -94.3950 667.0020 1012.0891 -3182.3362 -1279.1830 166.8279 -1035.7263 4964.1792 -479.6704 -943.2440 -2795.8076 203.2338 -1338.6606 -727.7907 -1583.3425 2599.2056 -1323.9601 -1969.6974 -5181.7856 -645.5082 -528.6694 5197.9956 1254.9934 1523.4164 -2702.8687 -1178.5060 1003.5423 2619.4221 799.8461 2541.9485 -2788.5830 -3970.5288 112.5522 -2811.6304 -3109.2419 -2183.1584 2915.2983 -2443.0056 -1652.6525 1091.9581 17.6650 -1068.9336 3815.5857 -189.8566 436.3683 -1558.1342 -410.6856 -1336.0513 -1971.3569 -1025.7932 2562.5586 3058.5884 -850.9418 3540.5696 -1060.1447 3129.6897 909.1130 -429.5915 -722.4777 -1066.9679 -1263.1089 4500.5332 -285.3042 1215.0328 539.7798 2694.0791 990.2037 232.6110 -2035.5244 -3927.7981 -3018.0645 -1571.1938 1679.0018 584.7935 -1813.0651 -3571.8674 -92.7629 667.6681 368.4026 -316.8509
34.3734 73.8427 -96.5873 -227.7866 -1.8303 138.8398 298.4693 63.8350 194.1466 276.1235 -301.0236 -176.6464 -317.1714 -256.3809 -33.2522 -359.3406 -69.3723 13.9081 -132.4723 64.5362 217.3208 346.8535 154.2210 -203.4907 215.6488 -25.9872 119.0318 300.8198 -220.4570 236.0356 -179.1245 99.6951 -65.7701 -119.6408 54.4874 -141.4426 -8.6865 -21.5532 66.7387 64.7284 123.5953 -387.6617 -574.1862 -60.7651 335.3804 178.4074 246.7206 118.6244 -323.7307 90.9209 -3.4603 -416.5804 193.4736 -372.6422 -172.2311 -58.9449 -209.8900 219.5607 -264.4243 280.3992 427.6564 -52.2002 -114.3085 259.7763 210.0471 304.2627 182.9207 156.8004 -161.7004 125.5480 139.3718 300.3464 -219.3752 40.0726 67.7974 348.7967 9.3224 44.5417 -277.6881 -114.7877 81.5366 51.7557 348.1633 40.9218 -336.7310 -127.9264 -0.7857 -499.4320 -102.8731 83.1380 -199.7648 298.7189 320.8839 130.9034 -291.7954 354.5586 58.2665 42.4167 4.6970 154.4424 393.8052 -155.9839 -192.9808 236.5198 -375.2218 240.9627 -220.9478 40.7059 -417.8397 -4.0914 70.0575 -321.5246 -63.4725 181.4885 -335.2125 240.5579 -64.2780 104.0103 -219.8134 -63.0752 256.9465 85.1635 51.3359 338.8037 -192.6118 377.8044 -115.8201 -21.1587 129.8968 -13.6851 -185.2598 -148.4386 201.3682 -259.2811 -27.7581 -320.3173 221.4925 105.1045 -622.4998 75.7538 -100.4811 92.9913 -52.4832 201.3581 100.6738 -33.0958 -183.1174 36.2389 -24.7733 -204.1234 -97.3932 146.4294 -325.9679 367.4312 42.5089 61.4886 -44.6398 171.9144 460.8436 -32.9213 -172.1746 365.9298 261.5977 219.1606 -89.2475 167.6416 -108.0465 -18.9154 280.0051 -185.5358 -485.2620 67.1556 -220.7877 107.3882 231.9417 -303.7986 15.6104 177.4736 -201.7805 67.8768 -71.8526 -107.8372 334.7730 -14.0041 43.0278 299.7699 148.9780 -152.1122 137.8501 -701.9301 51.9963 -411.8428 41.2871 67.4860 451.4230 98.5786 -111.7600 27.0441 225.3846 41.5623 -471.4885 -251.3238 -66.0873 16.3413 109.8015 -343.5539 47.0247 30.8250 -183.5601 -144.3809 76.7943 279.7782 276.2765 113.6104 88.3934 181.6856 356.5329 92.0774 165.6690 221.8607 -10.5552 74.5725 113.1854 -355.8696 -143.0722 18.6687 -115.8478 555.1683 -53.6685 -105.4940 -312.6421 22.7366 -149.7071 -81.3863 -177.0540 290.6647 -148.0704 -220.2831 -579.4764 -72.1572 -59.0983 581.2725 140.3380 170.3857 -302.2555 -131.7871 112.2060 292.9364 89.3987 284.2350 -311.8623 -444.0225 12.5306 -314.4305 -347.7263 -244.1122 326.0719 -273.1783 -184.8173 122.1209 1.9536 -119.5679 426.6671 -21.2250 48.7908 -174.2851 -45.9013 -149.4283 -220.5059 -114.7558 286.5959 342.0692 -95.1259 395.9441 -118.5526 350.0577 101.7119 -48.0520 -80.8114 -119.3193 -141.3304 503.6357 -31.9340 135.8686 60.3982 301.3222 110.7366 25.9718 -227.6532 -439.2858 -337.5269 -175.6884 187.7355 65.4141 -202.7879 -399.4913 -10.3563 74.6558 41.2201 -35.4275
13.3946 28.7642 -37.6125 -88.7432 -0.7068 54.1190 116.2791 24.8513 75.6049 107.5793 -117.2736 -68.8617 -123.5699 -99.8989 -12.9413 -140.0407 -27.0171 5.4519 -51.6677 25.1531 84.6633 135.1236 60.0867 -79.2814 84.0507 -10.1303 46.3781 117.2261 -85.8878 91.9638 -69.7630 38.8426 -25.6339 -46.6026 21.2413 -55.0538 -3.3715 -8.3942 25.9564 25.1911 48.2037 -151.0587 -223.7303 -23.6781 130.6263 69.5141 96.1425 46.1985 -126.0931 35.4437 -1.3629 -162.3134 75.3226 -145.1918 -67.0966 -22.9612 -81.7770 85.4914 -102.9715 109.2309 166.5905 -20.3408 -44.5539 101.2035 81.8083 118.5289 71.2245 61.1095 -63.0165 48.8722 54.2871 117.0355 -85.4486 15.6347 26.3857 135.8889 3.5945 17.3626 -108.1751 -44.7209 31.7540 20.1512 135.6550 15.9801 -131.1893 -49.8339 -0.2932 -194.5462 -40.0614 32.3755 -77.8072 116.3746 125.0242 50.9885 -113.6374 138.1032 22.7091 16.5218 1.8626 60.1858 153.4220 -60.7583 -75.1727 92.1389 -146.1798 93.8968 -86.0623 15.8673 -162.7869 -1.5920 27.3141 -125.2450 -24.7834 70.7031 -130.5870 93.7083 -25.0166 40.5223 -85.6269 -24.5838 100.0659 33.2163 19.9821 131.9858 -75.0181 147.2235 -45.1591 -8.2661 50.6188 -5.3402 -72.1498 -57.8454 78.4452 -100.9990 -10.8331 -124.7757 86.3083 40.9172 -242.5356 29.5091 -39.1262 36.2126 -20.4338 78.4357 39.1843 -12.8893 -71.3449 14.0906 -9.6649 -79.5155 -37.9005 57.0630 -126.9664 143.1258 16.5936 23.9444 -17.3883 66.9975 179.5244 -12.8403 -67.1240 142.5571 101.9431 85.3532 -34.7651 65.2717 -42.0863 -7.4096 109.0529 -72.2975 -189.0505 26.1617 -86.0306 41.8272 90.3990 -118.3246 6.1033 69.1397 -78.5809 26.4450 -27.9797 -41.9804 130.3920 -5.4399 16.7976 116.8266 58.0568 -59.2323 53.7054 -273.4703 20.2666 -160.4548 16.0626 26.2489 175.8210 38.4119 -43.5280 10.5467 87.8114 16.2330 -183.6776 -97.8520 -25.6768 6.3900 42.7906 -133.8450 18.3235 11.9932 -71.4997 -56.2198 29.8968 108.9754 107.5949 44.2635 34.4179 70.8162 138.8532 35.8614 64.5810 86.4483 -4.1341 29.0740 44.0671 -138.6487 -55.7177 7.2515 -45.1331 216.3032 -20.9036 -41.0676 -121.7741 8.8458 -58.3308 -31.6748 -68.9856 113.2228 -57.6632 -85.8167 -225.7588 -28.1306 -23.0282 226.4341 54.6911 66.3205 -117.7301 -51.3417 43.7057 114.1266 34.8304 110.7388 -121.4922 -172.9446 4.8601 -122.4854 -135.4347 -95.1409 127.0311 -106.4390 -71.9726 47.5828 0.7409 -46.6090 166.2061 -8.2661 19.0088 -67.8765 -17.8450 -58.1912 -85.8798 -44.6888 111.6471 133.2733 -37.0753 154.2770 -46.1877 136.3587 39.6043 -18.7299 -31.4562 -46.4562 -55.1206 196.0575 -12.1170 52.8986 23.5368 117.3828 43.1220 10.1271 -88.6918 -171.1374 -131.5349 -68.4384 73.1465 25.4959 -79.0169 -155.6395 -4.0878 29.1156 16.0428 -13.8041
-78.0557 -167.5838 219.2361 517.1032 4.1891 -315.3907 -677.6904 -144.9390 -440.8556 -626.9555 683.5012 401.0052 720.0872 582.1159 75.5483 815.9066 157.5182 -31.5461 300.7787 -146.5067 -493.3596 -787.5317 -350.1758 461.9599 -489.6357 58.9646 -270.1936 -682.9417 500.5558 -535.9813 406.6065 -226.3997 149.3522 271.6693 -123.7518 321.0717 19.6626 48.9767 -151.5134 -146.9877 -280.6265 880.1470 1303.7909 137.9279 -761.3971 -405.0623 -560.2015 -269.4174 735.0095 -206.4953 7.9053 945.8690 -439.3094 846.2669 391.0579 133.8572 476.5085 -498.4860 600.4355 -636.6476 -970.8854 118.5086 259.6445 -589.7450 -476.9358 -690.7979 -415.3264 -356.0029 367.2886 -285.0240 -316.4024 -681.9984 498.1370 -90.9290 -154.0301 -791.9897 -21.0771 -101.0762 630.4593 260.6866 -185.1285 -117.4629 -790.5775 -92.9286 764.5397 290.4176 1.7273 1133.9122 233.4700 -188.8582 453.4529 -678.1694 -728.5473 -297.2733 662.4849 -805.0338 -132.2606 -96.2732 -10.6813 -350.6384 -894.1209 354.1433 438.2680 -537.0419 852.0688 -547.0863 501.7453 -92.5252 948.7740 9.4507 -158.9860 730.0499 144.0349 -411.9253 761.1706 -546.2321 145.9974 -236.2605 499.1784 143.2133 -583.3859 -193.3763 -116.4806 -769.3329 437.2470 -857.8495 263.0378 48.0308 -294.8773 31.0833 420.6456 337.0257 -457.1479 588.6050 63.1711 727.2827 -502.8633 -238.5574 1413.3240 -171.8962 228.1351 -211.0947 119.1457 -457.1040 -228.6028 75.1054 415.7439 -82.2139 56.2477 463.4547 221.2023 -332.5189 740.0795 -834.1750 -96.4283 -139.5202 101.3185 -390.2946 -1046.4370 74.7712 390.9059 -830.8093 -593.8954 -497.5710 202.6703 -380.5863 245.3438 42.9775 -635.7738 421.3063 1101.7709 -152.4441 501.1999 -243.8636 -526.6102 689.8072 -35.4945 -403.0417 458.2381 -154.0190 163.0961 244.7365 -760.1085 31.8055 -97.6469 -680.6474 -338.2430 345.3694 -313.0667 1593.6757 -118.0453 935.1069 -93.7556 -153.1260 -1025.0612 -223.7955 253.8415 -61.4519 -511.7614 -94.3679 1070.6736 570.5367 150.0208 -37.1549 -249.3412 779.9778 -106.7575 -70.1209 416.6906 327.7848 -174.3801 -635.2276 -627.1003 -257.9792 -200.6163 -412.5434 -809.4423 -209.0953 -376.1726 -503.7240 23.9503 -169.3546 -256.9629 808.0659 324.8622 -42.3845 262.9500 -1260.4974 121.7617 239.5631 709.8788 -51.6168 339.9491 184.7809 402.0066 -660.0094 336.1598 500.1281 1315.7626 163.9054 134.2920 -1319.8672 -318.6598 -386.8234 686.3421 299.2084 -254.8170 -665.1355 -203.0963 -645.4254 708.0333 1008.1855 -28.5713 713.9678 789.5202 554.3447 -740.2622 620.3240 419.6576 -277.3019 -4.4817 271.4210 -968.8059 48.1968 -110.7852 395.6918 104.3213 339.2580 500.5640 260.4461 -650.6543 -776.6060 216.0755 -899.0394 269.2068 -794.6974 -230.8645 109.0776 183.4722 270.8849 320.8452 -1142.7666 72.4292 -308.2044 -137.1133 -684.1371 -251.4227 -59.0425 516.9136 997.3360 766.3307 398.9920 -426.3277 -148.4993 460.3533 906.9913 23.5305 -169.5203 -93.5680 80.4774
56.0604 120.4810 -157.5709 -371.7181 -3.0160 226.6395 487.0812 104.1023 316.9211 450.5639 -491.2590 -288.1911 -517.5856 -418.3990 -54.2847 -586.5026 -113.2128 22.7236 -216.2569 105.3243 354.6334 566.0222 251.6734 -332.0146 351.9740 -42.3673 194.1960 490.9149 -359.7500 385.2082 -292.2683 162.6757 -107.3389 -195.2821 88.9349 -230.7635 -14.1395 -35.2080 108.8933 105.6284 201.7034 -632.6622 -937.0999 -99.1743 547.3088 291.1584 402.6609 193.6464 -528.3029 148.4614 -5.6585 -679.8632 315.7896 -608.2467 -281.0895 -96.2018 -342.4811 358.3426 -431.5465 457.5674 697.8901 -85.1785 -186.6149 423.9113 342.8130 496.5869 298.5570 255.8842 -263.9759 204.8833 227.4513 490.1653 -358.0366 65.3502 110.7179 569.2285 15.1474 72.6922 -453.1555 -187.3535 133.0961 84.4144 568.2737 66.8147 -549.5367 -208.7939 -1.2984 -815.0491 -167.7861 135.7982 -325.9401 487.4767 523.7001 213.6289 -476.1677 578.6521 95.0692 69.1786 7.7122 252.0783 642.6349 -254.5640 -315.0221 386.0005 -612.4143 393.2451 -360.6684 66.4851 -681.9634 -6.7566 114.3018 -524.7290 -103.5257 296.0759 -547.1216 392.6118 -104.8801 169.8363 -358.7932 -102.9563 419.3305 138.9833 83.6995 552.9554 -314.3037 616.6188 -189.0397 -34.5123 211.9385 -22.3264 -302.3082 -242.2327 328.5824 -423.1078 -45.3754 -522.7320 361.4053 171.4715 -1015.8364 123.6113 -163.9383 151.7766 -85.5877 328.5391 164.3322 -53.9732 -298.8421 59.1299 -40.4296 -333.0841 -158.9618 239.0303 -531.9412 599.5532 69.3117 100.2744 -72.8502 280.5895 752.1143 -53.7525 -280.9165 597.0984 426.8591 357.6429 -145.6481 273.5497 -176.3987 -30.8912 456.9681 -302.8120 -791.8993 109.5615 -360.2368 175.2203 378.5319 -495.8207 25.5151 289.6944 -329.3831 110.6752 -117.2313 -175.8844 546.3090 -22.8758 70.2255 489.2479 243.1110 -248.2572 225.0273 -1145.5479 84.8721 -672.1066 67.4055 110.1055 736.7903 160.8890 -182.4835 44.1623 367.8396 67.8262 -769.5489 -410.0901 -107.7887 26.7355 179.2130 -560.6208 76.7448 50.4551 -299.5044 -235.5973 125.2714 456.6364 450.7020 185.4142 144.2104 296.5328 581.8475 150.3027 270.3861 362.1089 -17.2149 121.7129 184.7493 -580.7839 -233.4592 30.4606 -189.0488 905.9761 -87.5646 -172.1338 -510.2289 37.1095 -244.2892 -132.8353 -288.9939 474.4036 -241.6217 -359.5181 -945.7759 -117.7955 -96.4882 948.6281 229.0627 278.0506 -493.2912 -215.0983 183.1497 478.0557 145.9611 463.9492 -508.9228 -724.6541 20.5310 -513.1573 -567.4991 -398.4442 532.1064 -445.8403 -301.6713 199.2545 3.2856 -195.1096 696.3309 -34.6779 79.6523 -284.3676 -74.9912 -243.8033 -359.7633 -187.2470 467.6744 558.2218 -155.2840 646.1949 -193.4678 571.1904 165.9128 -78.3594 -131.8304 -194.7021 -230.5701 821.4058 -52.0606 221.7485 98.8367 491.6600 180.7124 42.4138 -371.5378 -716.8439 -550.8497 -286.7612 306.4046 106.6979 -330.8749 -651.8872 -16.9461 121.8620 67.2411 -57.7684
-404.3753 -868.4876 1135.8857 2679.2500 21.5825 -1633.8416 -3510.9546 -750.6899 -2284.0208 -3248.0674 3541.1528 2077.6528 3730.6680 3015.9875 391.2908 4227.3887 816.0292 -163.5344 1558.4537 -759.2017 -2556.0957 -4080.0679 -1814.1461 2393.3191 -2536.8823 305.3739 -1399.8235 -3538.4265 2593.1860 -2776.6475 2106.5574 -1172.8353 773.6389 1407.7161 -641.0828 1663.2511 101.9442 253.7370 -784.9758 -761.3772 -1453.9574 4560.0894 6754.7529 714.8569 -3944.8259 -2098.6633 -2902.4233 -1395.8634 3807.8992 -1069.8685 40.9264 4900.4146 -2276.1350 4384.2134 2025.9976 693.5477 2468.6785 -2582.6907 3110.7341 -3298.2861 -5030.2266 613.9683 1345.0939 -3055.6333 -2471.0457 -3579.0818 -2151.7595 -1844.3752 1902.7650 -1476.7272 -1639.3846 -3533.3381 2580.7944 -471.1062 -798.0052 -4103.0820 -109.1614 -523.8973 3266.2930 1350.3531 -959.0406 -608.4587 -4096.0469 -481.5453 3960.9668 1504.8420 9.1115 5874.7505 1209.6183 -978.3426 2349.4668 -3513.6257 -3774.7378 -1539.9954 3432.3665 -4170.9644 -685.1821 -498.8701 -55.4171 -1816.7809 -4632.4194 1834.7788 2270.5317 -2782.3618 4414.6411 -2834.5408 2599.5181 -479.1456 4915.5708 48.8760 -823.8506 3782.1663 746.3976 -2134.2981 3943.6355 -2829.8855 756.1535 -1224.1583 2586.3567 742.0525 -3022.3120 -1001.8597 -603.3649 -3985.9177 2265.3762 -4444.3242 1362.7515 248.8383 -1527.7708 161.1670 2179.2175 1746.2264 -2368.5107 3049.7129 327.1494 3767.8481 -2605.2397 -1236.1274 7322.2666 -890.7861 1181.8477 -1093.7360 617.1197 -2368.1804 -1184.2306 389.1626 2154.1531 -426.0806 291.4815 2400.9629 1145.9001 -1722.9175 3834.2273 -4321.7739 -499.8447 -722.8950 525.0840 -2022.1522 -5421.4302 387.3025 2025.2126 -4304.0420 -3076.9080 -2577.9548 1050.0743 -1971.8723 1271.3278 222.8030 -3293.9414 2182.8359 5708.1309 -789.8525 2596.7976 -1263.1588 -2728.3086 3573.7493 -183.8496 -2088.1187 2374.1021 -798.0283 845.0552 1267.9591 -3938.0530 164.7219 -506.0017 -3526.3555 -1752.3267 1789.3712 -1622.0446 8256.8428 -611.8074 4844.6240 -485.7009 -793.4594 -5310.7061 -1159.3036 1314.9692 -318.3883 -2651.3735 -488.9527 5546.9634 2955.9324 777.0099 -192.5871 -1291.7787 4040.9648 -553.0222 -363.4275 2158.9226 1698.2466 -903.1702 -3291.2117 -3248.9102 -1336.6274 -1039.4611 -2137.3684 -4193.7866 -1083.4026 -1948.8804 -2609.8682 124.1864 -877.4409 -1331.3749 4186.3921 1682.7747 -219.5139 1362.5085 -6530.5376 631.0098 1240.8694 3677.8928 -267.4168 1761.0135 957.4102 2082.9370 -3419.3350 1741.6223 2591.2615 6816.8237 849.2222 695.5369 -6838.1094 -1650.9568 -2004.1073 3555.7395 1550.4429 -1320.2109 -3445.9641 -1052.1617 -3344.0115 3668.4436 5223.2842 -148.0524 3698.7859 4090.2944 2871.9602 -3835.1252 3213.8521 2174.1482 -1436.4884 -23.2806 1406.2094 -5019.5562 249.7666 -574.0696 2049.7805 540.2729 1757.5774 2593.3296 1349.4879 -3371.1538 -4023.6470 1119.4731 -4657.7329 1394.5769 -4117.1924 -1196.0978 565.1516 950.4791 1403.5837 1662.0640 -5920.5908 375.3490 -1598.4441 -710.0541 -3543.8799 -1302.6697 -306.0144 2677.8274 5167.1001 3970.4231 2066.9690 -2208.8108 -769.2718 2385.2209 4698.9302 122.0071 -878.2867 -484.6904 416.8260
192.1425 412.6150 -539.7178 -1272.9563 -10.2761 776.2432 1668.1597 356.6530 1085.2360 1543.2366 -1682.4989 -987.1757 -1772.5231 -1433.0037 -185.8925 -2008.5155 -387.6712 77.6945 -740.4958 360.7437 1214.4708 1938.5289 861.9877 -1137.1293 1205.3457 -145.1028 665.1204 1681.2361 -1232.0289 1319.2501 -1000.9244 557.1721 -367.5812 -668.8685 304.5941 -790.2919 -48.4776 -120.6064 372.9982 361.7238 690.8019 -2166.6843 -3209.3325 -339.6472 1874.3068 997.1061 1379.0758 663.2217 -1809.1846 508.2960 -19.4717 -2328.3086 1081.5144 -2083.0410 -962.6230 -329.5008 -1172.9073 1227.0891 -1477.9816 1567.1102 2389.9563 -291.6614 -639.0988 1451.8145 1174.0735 1700.5306 1022.3293 876.2958 -904.0747 701.6269 778.9041 1678.7640 -1226.1434 223.8974 379.1639 1949.4984 51.8697 248.9256 -1551.9138 -641.6481 455.6431 289.0959 1946.1661 228.8104 -1881.9437 -715.0195 -4.3704 -2791.2373 -574.7237 464.8383 -1116.2968 1669.3704 1793.5088 731.6399 -1630.8109 1981.6788 325.5959 237.0002 26.2911 863.2245 2200.9946 -871.7939 -1078.8158 1321.9692 -2097.5205 1346.8073 -1235.1321 227.6595 -2335.5073 -23.1959 391.4631 -1796.9760 -354.5997 1014.0291 -1873.7158 1344.5516 -359.2008 581.6436 -1228.8206 -352.5305 1435.9369 476.0042 286.6453 1893.8245 -1076.3065 2111.6243 -647.4465 -118.2095 725.9113 -76.5451 -1035.4003 -829.6724 1125.3240 -1448.9695 -155.4274 -1790.2303 1237.8064 587.2944 -3479.0083 423.2127 -561.5448 519.6755 -293.2107 1125.1417 562.5941 -184.9038 -1023.5145 202.4229 -138.4873 -1140.8328 -544.4808 818.6470 -1821.7268 2053.4368 237.4819 343.4966 -249.4849 960.7365 2575.8855 -184.0263 -962.2631 2044.9529 1461.9613 1224.8643 -498.9086 936.8657 -604.0457 -105.8551 1565.0214 -1037.1113 -2712.0996 375.2656 -1233.7911 600.0697 1296.3142 -1697.9894 87.3046 992.1919 -1127.9933 379.1875 -401.5069 -602.4694 1871.0482 -78.2641 240.4122 1675.5175 832.6005 -850.1450 770.7604 -3923.0654 290.6925 -2301.8203 230.7761 376.9889 2523.2437 550.8091 -624.7880 151.2688 1259.7026 232.3005 -2635.4993 -1404.4257 -369.1617 91.5332 613.7802 -1919.9844 262.7305 172.6928 -1025.7179 -806.8558 429.0828 1563.7301 1543.6615 634.9692 493.8622 1015.5500 1992.5842 514.7673 925.9587 1239.9990 -58.9559 416.9055 632.5319 -1989.0797 -799.4800 104.2275 -647.3940 3102.8523 -299.7860 -589.5635 -1747.4601 127.0337 -836.7117 -454.8887 -989.6602 1624.5410 -827.5112 -1231.1672 -3238.8743 -403.4821 -330.4344 3248.9102 784.4072 952.2327 -1689.4634 -736.7089 627.2855 1637.2271 499.9168 1588.7917 -1742.9666 -2481.7119 70.3405 -1757.3934 -1943.4167 -1364.5013 1822.1968 -1526.9777 -1032.9692 682.5805 11.0875 -668.1539 2384.9231 -118.6162 272.7611 -973.8692 -256.6795 -835.0846 -1232.1619 -641.1808 1601.7166 1911.7291 -531.9258 2212.9839 -662.6263 1956.1865 568.2042 -268.4706 -451.6080 -666.8909 -789.6818 2813.0105 -178.3176 759.4516 337.3334 1683.9059 619.2552 145.3960 -1272.2987 -2455.0325 -1886.4701 -982.0595 1049.4869 365.5637 -1133.2560 -2232.6223 -58.0074 417.3338 230.2510 -198.0185
-298.0535 -640.0596 837.1813 1974.7257 15.8872 -1204.2239 -2587.6816 -553.3070 -1683.4767 -2393.9302 2609.9460 1531.2922 2749.6399 2222.9136 288.4185 3115.8259 601.3703 -120.5456 1148.7231 -559.5341 -1883.9689 -3007.1614 -1337.1071 1763.9756 -1869.7716 225.0509 -1031.6854 -2607.9285 1911.2430 -2046.5219 1552.6334 -864.4503 570.1954 1037.5565 -472.4571 1225.9747 75.1404 187.0289 -578.5642 -561.2037 -1071.6514 3360.9734 4978.4883 526.8088 -2907.4775 -1546.7783 -2139.1875 -1028.7833 2806.5391 -788.5466 30.1781 3611.7554 -1677.6886 3231.4856 1493.2911 511.1715 1819.5554 -1903.4736 2292.7803 -2430.9937 -3707.4399 452.5703 991.3917 -2252.1428 -1821.2773 -2637.8972 -1586.0057 -1359.3423 1402.3997 -1088.3938 -1208.3635 -2604.2725 1902.1344 -347.2804 -588.1713 -3024.1765 -80.4684 -386.1259 2407.3232 995.2631 -706.8338 -448.4884 -3018.9407 -354.9471 2919.4309 1109.1815 6.7194 4329.9448 891.5218 -721.1293 1731.6625 -2589.6499 -2782.1216 -1135.0638 2529.7812 -3074.0994 -505.0321 -367.6136 -40.8614 -1339.0292 -3414.2715 1352.2981 1673.4619 -2050.7300 3253.7776 -2089.1504 1915.9764 -353.1436 3623.0369 36.0940 -607.1796 2787.6008 550.0837 -1573.0311 2906.5837 -2085.7363 557.3310 -902.1946 1906.2858 546.9094 -2227.6050 -738.4474 -444.6603 -2937.8386 1669.6688 -3275.7124 1004.3798 183.3602 -1126.0028 118.8176 1606.2301 1287.0309 -1745.6801 2247.6614 241.1626 2777.0603 -1920.2067 -911.1019 5396.8174 -656.5101 871.0414 -806.1428 454.8542 -1745.3690 -872.7928 286.7799 1587.6985 -314.0072 214.8839 1769.6200 844.6096 -1269.8639 2826.0034 -3185.3472 -368.4141 -532.8036 387.0026 -1490.4314 -3995.8384 285.4860 1492.6875 -3172.2722 -2267.8269 -1900.0388 773.8519 -1453.3938 936.9958 164.2841 -2427.7646 1608.8801 4207.1680 -582.1729 1913.8571 -930.9527 -2010.9115 2634.0569 -135.4517 -1539.1149 1749.7949 -588.1964 622.8687 934.5491 -2902.5154 121.3586 -372.9579 -2599.0740 -1291.5414 1318.8347 -1195.5635 6085.6802 -450.8932 3570.6418 -358.0219 -584.8022 -3914.2554 -854.4490 969.2023 -234.6397 -1954.2463 -360.3443 4088.3728 2178.6060 572.6221 -141.9731 -952.0989 2978.4241 -407.5318 -267.8668 1591.2178 1251.6615 -665.6919 -2425.7344 -2394.4983 -985.1978 -766.0842 -1575.3578 -3091.0662 -798.5421 -1436.3599 -1923.5858 91.5413 -646.6936 -981.2859 3085.6023 1240.3114 -161.8229 1004.1934 -4813.3301 465.0388 914.6063 2710.7937 -197.0562 1297.9513 705.6827 1535.1896 -2520.2144 1283.7128 1909.7883 5024.2983 625.9467 512.6317 -5040.0010 -1216.7966 -1477.0645 2620.7021 1142.7450 -973.0874 -2539.7507 -775.4828 -2464.6794 2703.7742 3849.8279 -109.0708 2726.1829 3014.7637 2116.7607 -2826.6130 2368.7803 1602.4167 -1058.7272 -17.1416 1036.4556 -3699.5398 184.0791 -423.1633 1510.7793 398.2123 1295.4371 1911.3350 994.5967 -2484.6321 -2965.5642 825.1328 -3432.9324 1027.9404 -3034.5327 -881.4399 416.5186 700.5667 1034.5117 1224.9835 -4363.7808 276.6311 -1178.1244 -523.3260 -2612.1526 -960.1451 -225.2433 1973.6749 3808.3494 2926.3630 1523.4088 -1628.0260 -567.0037 1757.9419 3463.2502 89.9497 -647.3961 -357.2243 307.1575
-40.9772 -88.0782 115.1043 271.4764 2.1773 -165.5692 -355.8073 -76.0658 -231.4320 -329.1853 358.8593 210.5148 378.0677 305.6441 39.6836 428.3976 82.6962 -16.5636 157.9212 -76.9768 -259.0639 -413.4350 -183.8437 242.4778 -257.1157 30.9253 -141.8666 -358.5631 262.8004 -281.3796 213.4537 -118.8475 78.3940 142.6422 -64.9589 168.5424 10.3273 25.7163 -79.5898 -77.1457 -147.3454 462.1336 684.5830 72.4604 -399.7841 -212.6252 -294.1508 -141.4696 385.9206 -108.4268 4.1134 496.6519 -230.6682 444.2689 205.2656 70.3137 250.1686 -261.6984 315.2555 -334.2274 -509.7399 62.2391 136.3064 -309.6283 -250.4351 -362.7253 -218.0735 -186.8525 192.8671 -149.6392 -166.1725 -358.1041 261.5540 -47.7162 -80.9354 -415.7939 -11.0424 -53.0825 331.0261 136.8327 -97.2337 -61.6423 -415.1370 -48.8267 401.4051 152.4938 0.9329 595.3336 122.6655 -99.1255 238.0657 -356.0664 -382.5192 -156.0273 347.8422 -422.6648 -69.4159 -50.6015 -5.6140 -184.0952 -469.4309 185.9445 230.0776 -281.9500 447.4040 -287.2691 263.4547 -48.5001 498.1379 4.9418 -83.4750 383.2832 75.6259 -216.2774 399.6451 -286.7936 76.6113 -124.0637 262.1178 75.2412 -306.2314 -101.5267 -61.1624 -403.9444 229.5392 -450.4364 138.0667 25.2376 -154.8214 16.3165 220.8401 176.9674 -240.0335 309.0453 33.1396 381.8173 -263.9765 -125.3446 742.0536 -90.2986 119.7389 -110.8221 62.5589 -239.9978 -120.0028 39.4284 218.3123 -43.2087 29.5075 243.3082 116.1068 -174.6202 388.5700 -437.9783 -50.6619 -73.2741 53.2388 -204.9475 -549.3739 39.3185 205.2488 -436.2041 -311.8385 -261.2334 106.4104 -199.8245 128.8619 22.6091 -333.8196 221.2164 578.4491 -80.0646 263.1739 -127.9864 -276.4877 362.1768 -18.6184 -211.5982 240.6089 -80.8855 85.5879 128.5253 -399.0873 16.6667 -51.2475 -357.3664 -177.5672 181.3651 -164.4078 836.7979 -62.0505 490.9620 -49.1840 -80.3749 -538.1666 -117.4787 133.2471 -32.2784 -268.7399 -49.5930 562.1287 299.5658 78.6681 -19.5434 -130.8652 409.4955 -56.0642 -36.8805 218.7679 172.0941 -91.5162 -333.5031 -329.2405 -135.5116 -105.3489 -216.6198 -424.9759 -109.8053 -197.4542 -264.5026 12.6004 -88.9444 -134.9567 424.2354 170.5265 -22.2553 138.1038 -661.7926 63.9443 125.7078 372.7380 -27.0684 178.4566 97.0015 211.1092 -346.5500 176.4853 262.5919 690.7991 86.1017 70.4612 -692.9706 -167.3078 -203.0565 360.3287 157.1584 -133.8280 -349.1899 -106.6603 -338.9077 371.7649 529.3337 -15.0225 374.8486 414.5451 291.0847 -388.6761 325.6887 220.3206 -145.5783 -2.3840 142.4778 -508.6895 25.2744 -58.2159 207.6931 54.7382 178.0970 262.8011 136.7518 -341.6695 -407.8119 113.4451 -472.0226 141.3178 -417.2389 -121.1680 57.2712 96.3400 142.2713 168.4752 -599.9942 38.0907 -161.9924 -71.9497 -359.1757 -132.0428 -30.9932 271.6570 523.6289 402.3535 209.5051 -223.8214 -77.9516 241.6994 476.1844 12.3532 -89.0115 -49.1012 42.2327
123.0429 264.3210 -345.7524 -815.4353 -6.6118 497.2841 1068.5782 228.4571 695.1030 988.4983 -1077.7533 -632.3001 -1135.4618 -917.8759 -119.1282 -1286.6849 -248.3952 49.7993 -474.3148 231.1456 778.0141 1241.7909 552.1774 -728.4382 772.0837 -92.9260 426.0499 1076.8932 -789.2626 845.0964 -641.1470 356.9865 -235.5303 -428.4630 195.1892 -506.2273 -31.0278 -77.2592 238.8876 231.7432 442.5295 -1387.8168 -2055.8423 -217.5754 1200.6235 638.7334 883.3969 424.8503 -1158.9601 325.6768 -12.4792 -1491.4773 692.8199 -1334.3745 -616.6562 -211.0543 -751.3691 786.0359 -946.7966 1003.9105 1531.0016 -186.8653 -409.3750 929.9521 752.0635 1089.3463 654.8862 561.3516 -579.1281 449.4835 498.9608 1075.3662 -785.4895 143.4351 242.9295 1248.7919 33.2565 159.4359 -994.1588 -410.9665 291.9245 185.1830 1246.6346 146.5741 -1205.5618 -458.0008 -2.7511 -1788.0452 -368.1653 297.7760 -715.0709 1069.4351 1148.8413 468.6884 -1044.6836 1269.5021 208.5434 151.8632 16.8467 552.9609 1409.9209 -558.3960 -691.0244 846.8281 -1343.6151 862.7271 -791.2226 145.8693 -1496.0967 -14.8729 250.7085 -1151.1261 -227.1406 649.5754 -1200.2865 861.3207 -230.1080 372.6071 -787.2059 -225.8185 919.8989 304.9279 183.6379 1213.1266 -689.5247 1352.6709 -414.7520 -75.7485 465.0210 -49.0765 -663.2755 -531.4746 720.8438 -928.2010 -99.6034 -1146.8152 792.9408 376.2470 -2228.5088 271.0954 -359.7662 332.8557 -187.8234 720.8179 360.4192 -118.4314 -655.6446 129.6878 -88.7022 -730.7663 -348.8249 524.3589 -1166.9910 1315.3428 152.0872 220.0148 -159.8316 615.4376 1650.0701 -117.8692 -616.3534 1309.9468 936.4677 784.6822 -319.6238 600.1796 -386.9258 -67.8373 1002.5291 -664.3835 -1737.2780 240.4209 -790.3239 384.4556 830.3723 -1087.6921 55.9522 635.4909 -722.5626 242.8334 -257.1883 -385.8940 1198.5874 -50.1051 154.0004 1073.2706 533.3118 -544.5912 493.6743 -2513.0601 186.1946 -1474.5532 147.8465 241.4739 1616.4093 352.8099 -400.2209 96.8851 806.9371 148.8748 -1688.3173 -899.7040 -236.5311 58.6036 393.1426 -1229.9133 168.3485 110.6425 -657.0774 -516.8209 274.8736 1001.6644 988.7799 406.8208 316.3434 650.5778 1276.3824 329.7235 593.2100 794.3334 -37.7548 267.0605 405.1898 -1274.1949 -512.1678 66.8061 -414.6764 1987.5947 -192.0382 -377.6524 -1119.4041 81.4101 -535.9821 -291.3615 -633.9384 1040.7610 -530.0739 -788.6741 -2074.7217 -258.4335 -211.7627 2081.2290 502.4829 609.9667 -1082.2021 -471.8556 401.8217 1048.8448 320.2389 1017.7590 -1116.4968 -1589.7206 45.0642 -1125.7588 -1244.9220 -874.1158 1167.2369 -978.1816 -661.7275 437.1590 7.1404 -427.9570 1527.7556 -76.0219 174.7268 -623.9224 -164.4498 -534.8917 -789.2866 -410.7017 1026.0519 1224.6700 -340.7269 1417.6429 -424.4300 1253.0775 364.0054 -171.9825 -289.2961 -427.1917 -505.8242 1801.9965 -114.2481 486.5098 216.0480 1078.6647 396.4828 93.1141 -814.9708 -1572.3920 -1208.4822 -629.1607 672.2773 234.1702 -725.9509 -1430.1807 -37.1409 267.2587 147.5341 -126.8491
159.1274 341.7085 -446.9467 -1054.2488 -8.5124 642.8840 1381.5135 295.4312 898.7395 1278.0640 -1393.3821 -817.5045 -1467.9410 -1186.7253 -153.9648 -1663.4100 -321.0554 64.3501 -613.1958 298.7355 1005.8202 1605.4561 713.8728 -941.7263 998.2596 -120.1321 550.7805 1392.2760 -1020.3870 1092.5587 -828.9122 461.5194 -304.4156 -553.9417 252.2269 -654.5214 -40.1317 -99.8842 308.8448 299.6475 572.1022 -1794.3551 -2657.8984 -281.2500 1552.2196 825.7997 1142.0502 549.2167 -1498.3317 420.9542 -16.1189 -1928.2390 895.6990 -1725.1567 -797.2234 -272.8830 -971.3930 1016.2190 -1224.0653 1297.8275 1979.2966 -241.6090 -529.2780 1202.3053 972.3118 1408.3389 846.7200 725.7515 -748.7076 581.0746 645.1096 1390.3234 -1015.5073 185.3602 314.0127 1614.5087 42.9849 206.1356 -1285.2300 -531.3444 377.3801 239.4373 1611.7032 189.4331 -1558.5983 -592.1461 -3.5747 -2311.6147 -475.9291 385.0214 -924.4713 1382.5862 1485.3243 605.9398 -1350.6000 1641.1218 269.6541 196.2501 21.8134 714.8486 1822.7904 -721.9927 -893.3988 1094.7911 -1737.0881 1115.3579 -1022.8893 188.5543 -1934.2134 -19.2495 324.1619 -1488.2144 -293.6277 839.8115 -1551.7366 1113.4894 -297.5604 481.6615 -1017.7004 -291.9560 1189.2432 394.2361 237.4084 1568.4215 -891.3740 1748.8132 -536.2003 -97.9147 601.1635 -63.4037 -857.5463 -687.1081 931.9907 -1199.9861 -128.7066 -1482.6340 1025.1622 486.3742 -2881.2026 350.5234 -465.0795 430.3648 -242.8369 931.8154 465.9810 -153.0658 -847.6262 167.6596 -114.7214 -944.7760 -450.9184 677.9348 -1508.6879 1700.5259 196.6310 284.4485 -206.6416 795.6359 2133.2893 -152.4099 -796.8863 1693.5787 1210.7217 1014.3654 -413.1633 775.9030 -500.2718 -87.6719 1296.1509 -858.9374 -2246.0537 310.7753 -1021.7568 497.0091 1073.5743 -1406.2325 72.3019 821.6799 -934.1316 314.0110 -332.5478 -498.9500 1549.5555 -64.7958 199.0858 1387.5861 689.5099 -704.0764 638.2667 -3248.9495 240.7106 -1906.3170 191.1317 312.2432 2089.6658 456.1852 -517.4229 125.2967 1043.2675 192.3809 -2182.6467 -1163.1311 -305.7782 75.7919 508.3084 -1590.0994 217.6459 143.0887 -849.4842 -668.2294 355.4170 1295.0326 1278.4248 525.9189 409.0058 841.0114 1650.1936 426.3336 766.8302 1026.9454 -48.8696 345.2470 523.8616 -1647.3236 -662.1673 86.3774 -536.0975 2569.6643 -248.2376 -488.2435 -1447.2197 105.2205 -692.9445 -376.7180 -819.6306 1345.4681 -685.3615 -1019.5927 -2682.3296 -334.1516 -273.7024 2690.7185 649.6426 788.6165 -1399.1394 -610.0685 519.4572 1355.8898 414.0434 1315.8513 -1443.4644 -2055.2664 58.2019 -1455.4099 -1609.5098 -1130.0667 1509.0697 -1264.6495 -855.5037 565.2570 9.1652 -553.3488 1975.0895 -98.2365 225.8783 -806.6002 -212.6097 -691.6136 -1020.4572 -530.9654 1326.4875 1583.2646 -440.5049 1832.7938 -548.7737 1620.0500 470.5878 -222.3548 -374.0276 -552.2985 -653.9855 2329.6235 -147.6899 628.9594 279.4003 1394.5933 512.5582 120.4167 -1053.6947 -2033.1844 -1561.9928 -813.3438 869.1380 302.7146 -938.5148 -1848.9794 -48.0072 345.5775 190.7177 -164.0078
378.1811 812.1796 -1062.3232 -2505.6748 -20.2020 1528.0009 3283.5085 702.0900 2136.0413 3037.6582 -3311.7385 -1943.0428 -3488.9705 -2820.6143 -365.9435 -3953.5386 -763.1063 152.9259 -1457.5461 709.9969 2390.5376 3815.6777 1696.6130 -2238.2493 2372.5457 -285.5736 1309.1588 3309.1575 -2425.1589 2596.7983 -1970.0674 1096.8571 -723.5654 -1316.4908 599.5338 -1555.5471 -95.3862 -237.3372 734.1464 712.0780 1359.7726 -4264.6094 -6317.1284 -668.5349 3689.3022 1962.7023 2714.4727 1305.4448 -3561.2202 1000.5172 -38.2806 -4582.9521 2128.6787 -4100.2202 -1894.7261 -648.6009 -2308.8015 2415.4155 -2909.3140 3084.7302 4704.3887 -574.2162 -1257.8761 2857.6394 2310.9619 3347.2100 2012.4153 1724.8118 -1779.5027 1381.0319 1533.2302 3304.4641 -2413.5532 440.6372 746.2979 3837.3401 102.1026 489.9515 -3054.6489 -1262.8621 896.9514 569.0988 3830.6885 450.3549 -3704.3684 -1407.3759 -8.4978 -5494.1714 -1131.2041 915.0287 -2197.2869 3285.9854 3530.1633 1440.2400 -3209.9983 3900.7463 640.8256 466.5319 51.8047 1699.1371 4332.3306 -1715.8755 -2123.4580 2602.0979 -4128.6235 2650.9644 -2431.1833 448.1157 -4597.1323 -45.6911 770.4449 -3537.1572 -698.0614 1996.0006 -3688.0828 2646.5867 -707.1633 1144.8551 -2418.8008 -694.0137 2826.4941 936.9155 564.2479 3727.7200 -2118.6118 4156.4023 -1274.4753 -232.6940 1428.7963 -150.7285 -2038.0758 -1633.1128 2215.0769 -2852.1477 -306.0106 -3523.7456 2436.4866 1156.0280 -6847.8779 833.0062 -1105.2964 1022.8742 -577.1501 2214.7114 1107.5120 -363.9309 -2014.6199 398.5064 -272.6477 -2245.4497 -1071.6791 1611.3125 -3585.8396 4041.8103 467.4123 676.0662 -491.1136 1891.1935 5070.2251 -362.2058 -1894.0483 4025.2524 2877.5393 2410.9368 -981.9986 1844.1208 -1188.9800 -208.3583 3080.5801 -2041.4656 -5338.3628 738.6649 -2428.5967 1181.2682 2551.5488 -3342.2922 171.9454 1952.9323 -2220.2937 746.3360 -790.2894 -1185.7837 3682.8923 -153.9804 473.2439 3297.8442 1638.8252 -1673.4515 1516.9955 -7721.9951 572.1625 -4530.8062 454.2961 742.0307 4966.7090 1084.1942 -1229.8213 297.7390 2479.6145 457.2980 -5187.6514 -2764.4707 -726.6133 180.1474 1208.1241 -3779.2163 517.1985 339.9057 -2019.0029 -1588.2300 844.7312 3077.9319 3038.3325 1250.0774 972.1174 1998.9292 3922.0544 1013.2206 1822.5812 2440.7646 -116.1765 820.6309 1245.0986 -3915.2385 -1573.7655 205.3107 -1274.2542 6107.4565 -590.0759 -1160.4923 -3439.6362 250.0331 -1646.9667 -895.3531 -1948.0038 3197.8372 -1628.8262 -2423.3555 -6375.2559 -794.2207 -650.4760 6395.1460 1544.0073 1874.2500 -3325.3933 -1449.9097 1234.7799 3222.6750 984.0700 3127.3669 -3430.7654 -4884.9126 138.4634 -3459.2332 -3825.3328 -2685.9336 3586.6707 -3005.6477 -2033.2634 1343.4091 21.7191 -1315.1333 4694.3491 -233.5398 536.8892 -1917.0038 -505.2660 -1643.7699 -2425.2800 -1262.0332 3152.7827 3762.9741 -1046.9458 4355.9580 -1304.2791 3850.4355 1118.5721 -528.5053 -888.9233 -1312.6537 -1554.3657 5537.0771 -351.0397 1494.9349 664.1017 3314.4900 1218.3353 286.1259 -2504.3057 -4832.4136 -3713.1462 -1932.8027 2065.7693 719.4911 -2230.6521 -4394.5571 -114.0833 821.4449 453.2502 -389.7953
25.6883 55.1828 -72.1806 -170.2665 -1.3824 103.7924 223.0680 47.6815 145.1295 206.3697 -225.0150 -131.9785 -237.0595 -191.6700 -24.8619 -268.6115 -51.8446 10.3663 -99.0056 48.2698 162.4195 259.2552 115.2696 -152.0624 161.1545 -19.3896 88.9479 224.7955 -164.7392 176.4309 -133.8878 74.4985 -49.1653 -89.4664 40.7467 -105.6967 -6.4725 -16.1202 49.8861 48.3545 92.3560 -289.7516 -429.1786 -45.4209 250.6595 133.3620 184.4233 88.6762 -241.9736 67.9922 -2.6031 -311.3818 144.6112 -278.5699 -128.7312 -44.0553 -156.8323 164.0956 -197.6459 209.5612 319.6160 -39.0125 -85.4420 194.1341 156.9911 227.3882 136.7116 117.1560 -120.9327 93.8357 104.1604 224.5064 -163.9613 29.9454 50.7090 260.6912 6.9217 33.2830 -207.5592 -85.7566 60.9276 38.6308 260.2648 30.6031 -251.6892 -95.6374 -0.5561 -373.2993 -76.8887 62.1550 -149.2899 223.2535 239.8395 97.8488 -218.0956 265.0222 43.5334 31.6665 3.4725 115.4603 294.3640 -116.5929 -144.2895 176.8122 -280.5275 180.1400 -165.1546 30.4281 -312.3632 -3.1122 52.3750 -240.3162 -47.4257 135.5832 -250.5884 179.8362 -48.0350 77.7904 -164.3350 -47.1487 192.0860 63.5850 38.3160 253.2834 -143.9198 282.4025 -86.5621 -15.8259 97.1095 -10.2690 -138.4575 -110.9385 150.4807 -193.7646 -20.8115 -239.3858 165.5231 78.5129 -465.2466 56.5749 -75.0760 69.4949 -39.1674 150.4653 75.2054 -24.7523 -136.8815 27.0649 -18.5436 -152.5629 -72.7805 109.5285 -243.6330 274.5987 31.7450 45.9351 -33.3479 128.5065 344.4930 -24.6160 -128.6389 273.4806 195.4732 163.8192 -66.7065 125.3037 -80.7862 -14.1710 209.2982 -138.7180 -362.6844 50.1747 -164.9557 80.2155 173.3283 -227.0407 11.7035 132.6881 -150.8172 50.7115 -53.6873 -80.5719 250.2151 -10.4872 32.1821 224.0625 111.3262 -113.7180 103.0270 -524.6386 38.8494 -307.8420 30.8615 50.4191 337.4793 73.6624 -83.5576 20.2399 168.4407 31.0768 -352.4297 -187.8680 -49.4226 12.2509 82.0663 -256.7456 35.1103 23.0784 -137.1920 -107.9128 57.3843 209.1349 206.4318 84.8854 66.0829 135.8074 266.4924 68.8347 123.8484 165.8134 -7.8975 55.7915 84.5209 -265.9984 -106.9503 13.9516 -86.6034 414.9500 -40.0281 -78.8534 -233.7148 16.9912 -111.8880 -60.8112 -132.3355 217.3048 -110.6297 -164.6667 -433.1671 -53.9757 -44.1722 434.4731 104.8785 127.3215 -225.9541 -98.5086 83.8972 218.9418 66.8357 212.4675 -233.1017 -331.8778 9.3845 -235.0578 -259.9120 -182.4794 243.6985 -204.1815 -138.1408 91.2497 1.4878 -89.3337 318.9418 -15.8716 36.4626 -130.2610 -34.3058 -111.6552 -164.7605 -85.7485 214.1988 255.6292 -71.1634 295.9628 -88.6335 261.6083 76.0123 -35.9362 -60.3979 -89.1658 -105.5856 376.2358 -23.8531 101.5953 45.1119 225.2200 82.7777 19.4171 -170.1182 -328.3094 -252.3232 -131.3191 140.7052 48.9203 -151.5391 -298.5706 -7.7764 55.8060 30.8285 -26.4617
-87.3672 -187.6397 245.4215 578.9001 4.6283 -353.0115 -758.5646 -162.1874 -493.4839 -701.8035 765.0807 448.9034 806.0414 651.7086 84.5172 913.4148 176.3142 -35.3216 336.7737 -164.0158 -552.2697 -881.5697 -391.9488 517.0889 -548.1816 65.9603 -302.4647 -764.5593 560.2621 -599.9493 455.1829 -253.4214 167.1729 304.1428 -138.4862 359.3869 22.0109 54.8348 -169.5956 -164.5175 -314.1458 985.2891 1459.4553 154.4644 -852.3456 -453.4659 -627.1325 -301.5808 822.7368 -231.1288 8.8238 1058.8188 -491.7759 947.2650 437.7305 149.8406 533.4227 -558.0709 672.1235 -712.6326 -1086.8647 132.6499 290.6259 -660.2051 -533.9129 -773.3253 -464.9426 -398.4704 411.1342 -319.0496 -354.2276 -763.4497 557.5881 -101.8149 -172.3802 -886.5239 -23.5718 -113.2107 705.7241 291.7554 -207.1929 -131.4941 -885.0023 -104.0643 855.8209 325.1725 2.0081 1269.3495 261.3518 -211.3634 507.6204 -759.1580 -815.5662 -332.7160 741.6125 -901.1759 -148.0346 -107.7727 -11.9690 -392.5516 -1000.9037 396.4672 490.5774 -601.1392 953.8435 -612.4913 561.6403 -103.4910 1062.0670 10.5389 -178.0279 817.1934 161.2797 -461.1550 852.0976 -611.4023 163.3796 -264.4853 558.7930 160.3019 -652.9882 -216.4598 -130.3601 -861.2122 489.4526 -960.2657 294.4493 53.7705 -330.0967 34.8668 470.8346 377.3015 -511.7378 658.9308 70.6848 814.0910 -562.9102 -267.0481 1582.0941 -192.4707 255.3024 -236.3300 133.3254 -511.6543 -255.8022 84.1010 465.4635 -92.0525 62.9465 518.7717 247.5299 -372.2799 828.4108 -933.8148 -107.9943 -156.2283 113.4347 -436.9258 -1171.3463 83.6699 437.6049 -929.9675 -664.7980 -556.9796 226.8483 -426.0273 274.7382 48.1726 -711.6770 471.6274 1233.3505 -170.6777 561.1074 -272.9026 -589.5037 772.1725 -39.7312 -451.1651 512.9557 -172.4606 182.5999 273.9824 -850.8578 35.6090 -109.3302 -761.9355 -378.6386 386.6221 -350.4283 1784.0460 -132.1974 1046.7388 -104.9338 -171.4255 -1147.4482 -250.4608 284.1461 -68.7810 -572.8447 -105.6396 1198.4484 638.6847 167.8848 -41.6282 -279.1411 873.0833 -119.5019 -78.5274 466.5000 366.9716 -195.1273 -711.0947 -701.9661 -288.7740 -224.5731 -461.7993 -906.1221 -234.0888 -421.0423 -563.9282 26.8529 -189.6042 -287.6633 904.5172 363.5729 -47.4613 294.4205 -1411.0244 136.3269 268.0808 794.6498 -57.7494 380.5046 206.8566 450.0629 -738.7916 376.3020 559.8452 1472.8605 183.5017 150.2240 -1477.4701 -356.7255 -433.0154 768.2437 335.0282 -285.2659 -744.5257 -227.3520 -722.5052 792.6246 1128.5535 -31.9684 799.1672 883.7794 620.5308 -828.6430 694.3690 469.7464 -310.3774 -5.0147 303.8420 -1084.5383 53.9352 -124.0427 442.8749 116.7018 379.7740 560.3091 291.5609 -728.3892 -869.3860 241.8990 -1006.3723 301.3077 -889.6165 -258.4173 122.0948 205.3537 303.2723 359.1134 -1279.2510 81.1257 -345.3350 -153.4167 -765.7646 -281.4941 -66.1260 578.5802 1116.3800 857.8593 446.5886 -477.2395 -165.9020 515.3517 1015.2887 26.3962 -189.8044 -104.7330 90.0658
-245.3651 -526.9813 689.2490 1625.6780 13.0582 -991.3794 -2130.3738 -455.5548 -1385.9103 -1970.8739 2148.6541 1260.6510 2263.7075 1830.0404 237.4072 2565.1206 495.0357 -99.2019 945.6959 -460.6255 -1551.0081 -2475.6516 -1100.7646 1452.2087 -1539.3250 185.2971 -849.3754 -2146.9668 1573.4441 -1684.8419 1278.2402 -711.6218 469.4896 854.1787 -388.9832 1009.2330 61.8448 153.9420 -476.3236 -461.9843 -882.2554 2766.9912 4098.6260 433.7470 -2393.6577 -1273.4008 -1761.1837 -846.9741 2310.5037 -649.1077 24.8074 2973.4807 -1381.0919 2660.2778 1229.2864 420.8522 1497.9227 -1567.1602 1887.5659 -2001.3330 -3052.2676 372.6299 816.1072 -1854.0807 -1499.3984 -2171.6855 -1305.6613 -1119.1016 1154.5850 -896.0671 -994.7599 -2143.9775 1566.0005 -285.9021 -484.2446 -2489.6482 -66.2010 -317.8891 1981.8542 819.3551 -581.8907 -369.2079 -2485.3325 -292.1987 2403.4370 913.1234 5.5317 3564.6323 733.9713 -593.6666 1425.6093 -2132.0002 -2290.3860 -934.4574 2082.6523 -2530.8723 -415.8098 -302.6736 -33.6287 -1102.3998 -2810.8459 1113.3181 1377.7130 -1688.2920 2678.7258 -1719.9460 1577.3418 -290.6597 2982.6499 29.6650 -499.9078 2294.9507 452.8867 -1295.0573 2392.8738 -1717.1189 458.7993 -742.7983 1569.2909 450.2760 -1833.8351 -607.8704 -366.1427 -2418.5862 1374.5802 -2696.7852 826.8464 151.0281 -927.0527 97.7604 1322.3260 1059.6217 -1437.1560 1850.4902 198.5708 2286.2251 -1580.8108 -750.0345 4442.9707 -540.5036 717.1144 -663.6636 374.4372 -1436.9052 -718.5403 236.1162 1307.1335 -258.5433 176.8648 1456.8773 695.3068 -1045.4052 2326.5071 -2622.3486 -303.2745 -438.6410 318.6561 -1226.9893 -3289.6260 235.0309 1228.8923 -2611.6089 -1866.9668 -1564.2615 637.1854 -1196.5314 771.4142 135.1920 -1998.7242 1324.5099 3463.5754 -479.2580 1575.6515 -766.4275 -1655.4893 2168.4890 -111.5139 -1267.1389 1440.5559 -484.2540 512.7393 769.3493 -2389.5386 99.8837 -307.0653 -2139.7129 -1063.2644 1085.7366 -984.2422 5010.1040 -371.2205 2939.6160 -294.7568 -481.4551 -3222.4609 -703.4055 797.8690 -193.2408 -1608.7721 -296.6953 3365.7517 1793.6160 471.4461 -116.9059 -783.8416 2451.9722 -335.5670 -220.4793 1309.9650 1030.4313 -548.0540 -1997.0323 -1971.3363 -811.0250 -630.7340 -1296.8807 -2544.6907 -657.4253 -1182.5408 -1583.5845 75.3604 -532.3931 -807.8553 2540.2476 1021.1201 -133.1968 826.7689 -3962.5972 382.8716 752.9063 2231.6729 -162.2128 1068.5707 580.9077 1263.8846 -2074.7961 1056.7893 1572.2656 4136.3228 515.2877 422.0436 -4149.2148 -1001.7656 -1216.0248 2157.4937 940.7841 -801.0938 -2090.9285 -638.4854 -2029.0797 2225.9429 3169.3484 -89.8410 2244.3250 2481.9294 1742.6268 -2327.0740 1950.0844 1319.2246 -871.6161 -14.1405 853.2970 -3045.7520 151.5210 -348.3464 1243.7705 327.8471 1066.4913 1573.5165 818.8189 -2045.5283 -2441.4788 679.2552 -2826.1504 846.2474 -2498.2732 -725.6442 342.8481 576.7332 851.6771 1008.4747 -3592.4998 227.7659 -969.9197 -430.8414 -2150.4585 -790.4478 -185.6056 1624.8185 3135.3054 2409.1565 1254.1790 -1340.2529 -466.7703 1447.5956 2851.1736 74.0682 -532.9115 -294.0933 252.9218
-329.6648 -707.9497 926.0171 2184.1868 17.5823 -1331.9807 -2862.2288 -611.9941 -1861.9493 -2647.8594 2886.7632 1693.7134 3041.2781 2458.6497 319.0003 3446.2932 665.2024 -133.3374 1270.4968 -618.9240 -2083.7937 -3326.1282 -1478.8800 1951.0751 -2068.1343 248.8918 -1141.1656 -2884.5386 2113.9771 -2263.5876 1717.3120 -956.1518 630.7440 1147.6407 -522.5553 1355.9406 83.1460 206.8301 -639.9397 -620.6801 -1185.2798 3717.4644 5506.5796 582.7714 -3215.8926 -1710.8728 -2366.1292 -1137.9277 3104.2144 -872.1621 33.3512 3994.8770 -1855.6567 3574.0923 1651.6859 565.3972 2012.5137 -2105.4153 2535.9658 -2688.8547 -4100.7383 500.5779 1096.4958 -2490.9863 -2014.4374 -2917.6777 -1754.2057 -1503.5212 1551.1862 -1203.8527 -1336.4968 -2880.4175 2103.9272 -384.0630 -650.5359 -3344.9062 -89.0108 -427.1373 2662.7034 1100.7958 -781.8343 -496.0879 -3339.1584 -392.5774 3229.0925 1226.7914 7.4403 4789.2329 986.1066 -797.6082 1915.3918 -2864.3618 -3077.2041 -1255.4100 2798.1436 -3400.2273 -558.5626 -406.6809 -45.1881 -1481.0983 -3776.4541 1495.7543 1850.9683 -2268.2383 3598.8586 -2310.7844 2119.2058 -390.5620 4007.2537 39.8492 -671.5918 3083.2451 608.4916 -1739.9204 3214.8645 -2306.9561 616.4167 -997.9261 2108.4390 604.9144 -2463.8682 -816.7672 -491.8717 -3249.4346 1846.7819 -3623.1023 1110.9187 202.8091 -1245.4847 131.4216 1776.5643 1423.6010 -1930.8749 2486.1675 266.7290 3071.6604 -2123.8250 -1007.7676 5969.2607 -726.1512 963.5328 -891.6176 503.1097 -1930.5699 -965.4070 317.2272 1756.1240 -347.4040 237.5881 1957.2998 934.1298 -1404.5375 3125.7537 -3523.2029 -407.4911 -589.3283 428.0990 -1648.4670 -4419.6431 315.6974 1650.9708 -3508.7664 -2508.3948 -2101.5808 856.0169 -1607.5730 1036.4419 181.6727 -2685.3296 1779.5006 4653.4023 -643.9292 2116.9810 -1029.7086 -2224.1919 2913.4258 -149.8455 -1702.3340 1935.3859 -650.6129 688.9225 1033.7084 -3210.3730 134.2482 -412.5255 -2874.7661 -1428.5220 1458.7288 -1322.3109 6731.2041 -498.7460 3949.4475 -395.9479 -646.8422 -4329.3906 -945.0332 1071.9529 -259.5294 -2161.4507 -398.6222 4521.9907 2409.7227 633.4108 -157.0220 -1053.0759 3294.3105 -450.8511 -296.2530 1760.0078 1384.4156 -736.3350 -2683.0066 -2648.5535 -1089.6510 -847.3708 -1742.4113 -3418.8625 -883.1963 -1588.7493 -2127.6389 101.2624 -715.3253 -1085.3865 3412.8804 1371.8320 -178.9359 1110.7317 -5323.8032 514.4301 1011.5521 2998.3391 -217.9739 1435.5739 780.5206 1698.0723 -2787.5168 1419.8329 2112.4014 5557.2109 692.3226 567.0123 -5574.5854 -1345.9098 -1633.8090 2898.6709 1263.9210 -1076.2732 -2809.1572 -857.7809 -2726.0913 2990.5825 4258.1655 -120.6964 3015.2925 3334.5120 2341.2622 -3126.4294 2619.9990 1772.4044 -1171.0388 -18.9587 1146.3734 -4091.9888 203.5884 -468.0295 1671.0255 440.4030 1432.8390 2114.1052 1100.0857 -2748.2095 -3280.1860 912.6336 -3797.0793 1136.8766 -3356.3894 -974.9795 460.7226 774.8604 1144.2650 1354.9056 -4826.6260 306.0033 -1303.0538 -578.8394 -2889.2739 -1062.0295 -249.4805 2183.0222 4212.3252 3236.7639 1684.9983 -1800.6832 -627.1608 1944.5016 3831.0042 99.4859 -716.0327 -395.1377 339.8300
-66.5764 -142.8958 186.9279 440.9224 3.5590 -268.8508 -577.8098 -123.5366 -375.8600 -534.4995 582.7638 341.8881 613.9203 496.3269 64.4019 695.7141 134.2949 -26.9274 256.4901 -124.9442 -420.6600 -671.4482 -298.5667 393.8782 -417.4647 50.2454 -230.3849 -582.2982 426.7585 -456.9471 346.6321 -192.9474 127.3133 231.6949 -105.4489 273.7296 16.7782 41.7375 -129.2119 -125.2921 -239.2694 750.4558 1111.5753 117.6272 -649.1622 -345.3789 -477.6258 -229.7171 626.6665 -176.0271 6.7148 806.4451 -374.6180 721.4749 333.3929 114.1353 406.2321 -425.0217 511.8988 -542.8134 -827.7839 101.0629 221.3586 -502.8409 -406.6471 -589.0143 -354.0995 -303.4844 313.1346 -243.0467 -269.7830 -581.4235 424.7089 -77.5319 -131.3296 -675.2220 -17.9537 -86.2342 537.5535 222.2128 -157.8214 -100.1598 -674.0657 -79.2535 651.8272 247.6519 1.5429 966.8234 199.0760 -161.0051 386.6926 -578.2328 -621.2121 -253.4343 564.8635 -686.3759 -112.7562 -82.1273 -9.1250 -299.0143 -762.3316 301.9402 373.6394 -457.8876 726.4583 -466.4490 427.8482 -78.8307 808.9261 8.0114 -135.6207 622.4155 122.8526 -351.2034 648.9696 -465.6875 124.4033 -201.3864 425.6262 122.1029 -497.3937 -164.8799 -99.3096 -655.9364 372.8381 -731.4108 224.2369 40.9395 -251.4542 26.5707 358.6403 287.3851 -389.8108 501.8892 53.8146 620.0577 -428.7103 -203.4799 1205.0247 -146.6047 194.5669 -180.0092 101.5677 -389.7401 -194.8821 64.0460 354.4766 -70.1207 47.9517 395.1494 188.5519 -283.5295 630.9590 -711.2120 -82.2843 -118.9597 86.4253 -332.7804 -892.1849 63.7237 333.3018 -708.2952 -506.3769 -424.2455 172.8070 -324.5553 209.2320 36.6802 -542.0689 359.2315 939.3733 -129.9459 427.3426 -207.8115 -449.0155 588.1208 -30.2422 -343.6564 390.6875 -131.3642 139.0804 208.6887 -648.0668 27.1327 -83.3130 -580.3398 -288.3594 294.4687 -266.9267 1358.8149 -100.6842 797.2399 -79.9604 -130.5985 -873.9677 -190.7629 216.3941 -52.3757 -436.2958 -80.4695 912.8132 486.4792 127.8923 -31.6947 -212.5664 664.9985 -91.0365 -59.7848 355.2310 279.4644 -148.6407 -541.5790 -534.6620 -219.9341 -171.0436 -351.6937 -690.1611 -178.3209 -320.7103 -429.5103 20.4709 -144.3669 -219.1236 688.9052 276.9125 -36.1170 224.2479 -1074.6620 103.8401 204.1741 605.2852 -44.0225 289.7831 157.5817 342.7892 -562.7029 286.6171 426.4363 1121.8076 139.7408 114.4493 -1125.3486 -271.7039 -329.8094 585.1777 255.1299 -217.2798 -567.0924 -173.1390 -550.3200 603.7020 859.5515 -24.3605 608.6706 673.1678 472.6158 -631.1252 528.8920 357.8304 -236.4185 -3.8440 231.4104 -826.0443 41.0785 -94.4404 337.3537 88.9334 289.2431 426.7460 222.0968 -554.7764 -662.1609 184.2420 -766.5176 229.4736 -677.5757 -196.8221 93.0077 156.4072 231.0474 273.5229 -974.3175 61.7717 -263.0538 -116.8293 -583.2254 -214.3975 -50.3422 440.6771 850.3195 653.3562 340.1742 -363.4738 -126.6139 392.5161 773.2397 20.3769 -144.5482 -79.7884 68.5868
431.8464 927.6098 -1213.2284 -2861.6733 -23.0572 1744.9702 3749.9521 801.8168 2439.4790 3469.1523 -3782.1562 -2219.0176 -3984.5828 -3221.2769 -417.9307 -4515.1733 -871.5131 174.6727 -1664.5841 810.8801 2730.1465 4357.7397 1937.6387 -2556.2024 2709.5583 -326.1438 1495.1071 3779.2520 -2769.6672 2965.6423 -2249.9570 1252.6537 -826.3406 -1503.5249 684.7523 -1776.5123 -108.9095 -271.0533 838.4253 813.1768 1552.9406 -4870.4995 -7214.5317 -763.4916 4213.3882 2241.5413 3100.0366 1490.8820 -4067.0786 1142.6881 -43.7141 -5233.9756 2431.1084 -4682.6699 -2163.9138 -740.7112 -2636.7371 2758.5120 -3322.5217 3522.8582 5372.6426 -655.8069 -1436.6277 3263.6172 2639.2988 3822.7119 2298.2644 1969.9133 -2032.3013 1577.2582 1751.0332 3773.8542 -2756.4424 503.1725 852.3353 4382.4033 116.5999 559.5616 -3488.5815 -1442.3016 1024.3024 649.8996 4374.8472 514.3264 -4230.6245 -1607.2306 -9.6822 -6274.6479 -1291.9645 1045.0061 -2509.3887 3752.8235 4031.6736 1644.8505 -3665.9810 4454.8154 731.9112 532.8175 59.1666 1940.4655 4947.7339 -1959.6633 -2425.0447 2971.7441 -4715.1592 3027.5527 -2776.4497 511.7462 -5250.1216 -52.1570 879.9092 -4039.5864 -797.1816 2279.5647 -4212.0283 3022.5056 -807.6283 1307.4683 -2762.3706 -792.6061 3228.0220 1070.0540 644.4500 4257.2412 -2419.5701 4746.8755 -1455.5015 -265.7713 1631.7805 -172.0995 -2327.6187 -1865.1135 2529.7505 -3257.2590 -349.4447 -4024.2898 2782.5750 1320.2904 -7820.6509 951.3991 -1262.2909 1168.1680 -659.1310 2529.3586 1264.8274 -415.6572 -2300.8193 455.0811 -311.3304 -2564.4089 -1223.9207 1840.1854 -4095.2100 4615.9624 533.8044 772.1039 -560.8700 2159.8333 5790.4590 -413.7057 -2163.1228 4597.0288 3286.3623 2753.4131 -1121.5156 2106.1113 -1357.8652 -237.9518 3518.1982 -2331.4702 -6096.7017 843.6111 -2773.5588 1349.1252 2914.0022 -3817.0593 196.3384 2230.2871 -2535.7122 852.3356 -902.5819 -1354.3076 4206.0537 -175.8909 540.4437 3766.3716 1871.6536 -1911.1431 1732.4878 -8818.9219 653.4485 -5174.4238 518.7692 847.4648 5672.2310 1238.2614 -1404.4543 340.0217 2831.8125 522.2463 -5924.5405 -3157.1555 -829.8443 205.7738 1379.7488 -4316.1089 590.6756 388.1864 -2305.8398 -1813.8497 964.7100 3515.2412 3470.0120 1427.6298 1110.2343 2282.8633 4479.2500 1157.1414 2081.5481 2787.5156 -132.6069 937.1640 1422.0565 -4471.4087 -1797.3329 234.4263 -1455.2700 6975.0542 -673.9320 -1325.3555 -3928.2527 285.5753 -1880.9056 -1022.5918 -2224.7268 3652.1001 -1860.1877 -2767.5791 -7280.9014 -907.0250 -742.8719 7303.5664 1763.3042 2140.5452 -3797.7749 -1655.9648 1410.1487 3680.5007 1123.8489 3571.6162 -3918.1287 -5578.8823 158.1254 -3950.5774 -4368.7109 -3067.4595 4096.2256 -3432.5962 -2322.1348 1534.2596 24.8698 -1502.0037 5361.2173 -266.7779 613.1162 -2189.3083 -577.0775 -1877.2311 -2769.8196 -1441.3644 3600.6104 4297.5942 -1195.6472 4974.7656 -1489.5458 4397.4590 1277.4131 -603.6111 -1015.1699 -1499.1593 -1775.1688 6323.6250 -400.8944 1707.2408 758.3662 3785.4114 1391.3999 326.8159 -2860.0728 -5518.8794 -4240.6597 -2207.6658 2359.1719 821.6515 -2547.5410 -5018.8159 -130.3347 938.4233 517.6583 -445.1597
353.6273 759.4088 -993.2971 -2342.8989 -18.9160 1428.6790 3070.1453 656.4042 1997.3022 2840.2405 -3096.5337 -1816.7867 -3262.2786 -2637.2976 -342.1763 -3696.6357 -713.5749 143.0204 -1362.8191 663.8784 2235.1946 3567.8040 1586.3654 -2092.8438 2218.3909 -267.0053 1224.1094 3094.1494 -2267.5591 2428.0752 -1842.0608 1025.6016 -676.5666 -1230.9912 560.6137 -1454.4939 -89.1982 -221.9059 686.3898 665.7983 1271.4355 -3987.5298 -5906.6274 -625.0761 3449.5205 1835.1537 2538.0735 1220.5800 -3329.8213 935.5453 -35.8262 -4285.0879 1990.4122 -3833.8098 -1771.7072 -606.4559 -2158.7888 2258.3782 -2720.1680 2884.1836 4398.6484 -536.9205 -1176.1962 2671.9221 2160.7896 3129.7146 1881.5911 1612.7072 -1663.8396 1291.2683 1433.6097 3089.7224 -2256.7124 412.0193 697.7750 3587.9526 95.5207 458.1108 -2856.2009 -1180.7999 838.6656 532.0770 3581.7576 421.0904 -3463.6418 -1315.9249 -8.0012 -5137.1807 -1057.7188 855.5470 -2054.5200 3072.4360 3300.7610 1346.6080 -3001.4451 3647.2180 599.1900 436.2004 48.4017 1588.7152 4050.8286 -1604.3925 -1985.4568 2432.9810 -3860.3562 2478.6853 -2273.1870 419.0172 -4298.4019 -42.7389 720.3791 -3307.2864 -652.6672 1866.2927 -3448.4514 2474.5723 -661.2026 1070.4779 -2261.6008 -648.8365 2642.8279 876.0876 527.5776 3485.4661 -1980.8999 3886.3250 -1191.6385 -217.5571 1335.9558 -140.9357 -1905.5803 -1526.9623 2071.1675 -2666.7798 -286.0673 -3294.7581 2278.1392 1080.9150 -6402.9375 778.9063 -1033.4730 956.4665 -539.6732 2070.8574 1035.5193 -340.3119 -1883.7046 372.6020 -254.9268 -2099.5408 -1002.0517 1506.6245 -3352.8555 3779.1833 437.0769 632.1962 -459.1467 1768.2672 4740.7251 -338.6638 -1770.9656 3763.6423 2690.5571 2254.2913 -918.1945 1724.2739 -1111.7155 -194.8244 2880.3604 -1908.7839 -4991.4971 690.6634 -2270.7026 1104.4492 2385.7617 -3125.0952 160.7050 1825.9480 -2075.9915 697.8627 -738.9211 -1108.7502 3443.6130 -144.0598 442.5072 3083.5854 1532.3073 -1564.7019 1418.3462 -7220.2031 534.9644 -4236.3433 424.7219 693.8830 4643.9282 1013.8197 -1149.9073 278.3633 2318.4958 427.5481 -4850.4795 -2584.8728 -679.4778 168.4257 1129.6241 -3533.6931 483.5722 317.8118 -1887.7870 -1485.0498 789.8145 2877.9719 2840.9651 1168.7776 908.9282 1869.0031 3667.2043 947.3807 1704.1549 2282.1772 -108.5922 767.2737 1164.1935 -3660.8350 -1471.5378 191.9636 -1191.4736 5710.6519 -551.7209 -1085.0541 -3216.1165 233.7993 -1539.9297 -837.2197 -1821.4318 2990.0205 -1523.0100 -2265.8645 -5960.9775 -742.5585 -608.1733 5979.5513 1443.6116 1752.5154 -3109.3596 -1355.7383 1154.4991 3013.2175 920.0591 2924.1560 -3207.8992 -4567.4868 129.3923 -3234.4285 -3576.7671 -2511.3977 3353.6655 -2810.3345 -1901.1228 1256.0969 20.3319 -1229.6781 4389.2651 -218.4189 501.9640 -1792.4580 -472.4057 -1536.8973 -2267.6675 -1180.0111 2947.8823 3518.4346 -978.9567 4072.9116 -1219.5358 3600.2563 1045.9102 -494.1883 -831.2152 -1227.3289 -1453.4028 5177.3066 -328.1605 1397.7361 620.8861 3099.1353 1139.1047 267.5475 -2341.6189 -4518.4038 -3471.9197 -1807.4865 1931.5127 672.7764 -2085.6553 -4108.9722 -106.6743 768.0707 424.1312 -364.4162
-108.0587 -232.0530 303.5718 716.0091 5.7660 -436.6393 -938.2033 -200.5965 -610.3417 -867.9521 946.3010 555.2036 996.9760 805.9554 104.5779 1129.7358 218.0688 -43.7288 416.5210 -202.8802 -683.0320 -1090.2936 -484.7840 639.5782 -677.9409 81.5870 -374.0643 -945.5992 693.0187 -742.0495 562.9296 -313.4258 206.7484 376.1728 -171.2978 444.4963 27.2308 67.8226 -209.7599 -203.5168 -388.5473 1218.6113 1805.0956 190.9918 -1054.2073 -560.8823 -775.6218 -373.0072 1017.6058 -285.9209 10.9954 1309.5226 -608.3214 1171.6232 541.4141 185.3282 659.7551 -690.1884 831.2739 -881.4452 -1344.2098 164.0690 359.4405 -816.5487 -660.3501 -956.4643 -575.0640 -492.8559 508.4643 -394.6544 -438.1204 -944.1902 689.6660 -125.9224 -213.2073 -1096.4891 -29.2171 -139.9825 872.8354 360.8287 -256.2984 -162.6489 -1094.5990 -128.7090 1058.5203 402.1516 2.4611 1569.9363 323.2371 -261.4589 627.8817 -938.9329 -1008.7349 -411.5251 917.2767 -1114.5890 -183.0856 -133.3247 -14.8065 -485.5234 -1237.9457 490.2316 606.7415 -743.4700 1179.7107 -757.5123 694.7115 -128.0493 1313.5908 13.0936 -220.1690 1010.6664 199.4967 -570.3467 1053.8688 -756.1932 202.0954 -327.1160 691.1527 198.3295 -807.6698 -267.7296 -161.2399 -1065.1643 605.3845 -1187.6880 364.1786 66.4970 -408.2714 43.0987 582.4203 466.6168 -632.9799 814.9610 87.3961 1006.8898 -696.2234 -330.3250 1956.7556 -238.0338 315.7862 -292.3147 164.9729 -632.8141 -316.4951 104.0174 575.6709 -113.8465 77.9014 641.6478 306.1895 -460.4094 1024.6229 -1154.9093 -133.5607 -193.1804 140.3104 -540.4305 -1448.7358 103.4943 541.2032 -1150.1725 -822.2548 -688.8690 280.5847 -526.9205 339.7508 59.5636 -880.2408 583.3444 1525.4359 -211.0726 693.9691 -337.5511 -729.1088 955.0826 -49.1747 -557.9937 634.4474 -213.2422 225.8557 338.8437 -1052.3457 44.0156 -135.2029 -942.3394 -468.2950 478.1843 -433.4263 2206.5330 -163.5393 1294.6227 -129.8119 -212.0326 -1419.2301 -309.8485 351.4070 -85.0220 -708.5483 -130.6568 1482.3416 789.9124 207.6214 -51.5048 -345.2249 1079.8783 -147.7612 -97.1249 576.9091 453.7678 -241.3974 -879.4631 -868.1903 -357.2048 -277.7238 -571.2221 -1120.6793 -289.5089 -520.7710 -697.4901 33.2610 -234.5003 -355.7941 1118.7570 449.6809 -58.7097 364.1140 -1745.1465 168.6248 331.5745 982.8802 -71.4722 470.6142 255.8548 556.6293 -913.7614 465.4506 692.4858 1821.6619 226.9776 185.8298 -1827.3826 -441.2132 -535.5370 950.2095 414.3008 -352.8475 -920.8779 -281.1499 -893.6672 980.3013 1395.8411 -39.5462 988.4951 1093.0718 767.5417 -1024.8779 858.9023 581.0665 -383.8504 -6.1712 375.7631 -1341.3840 66.7167 -153.3994 547.8146 144.4098 469.6924 692.9899 360.6365 -900.8339 -1075.2738 299.1740 -1244.7626 372.7050 -1100.2338 -319.6183 151.0299 254.0041 375.0651 444.1638 -1582.2439 100.3076 -427.1190 -189.7460 -947.0875 -348.1600 -81.7827 715.6011 1380.8324 1060.9991 552.3914 -590.3113 -205.5854 637.3775 1255.7306 32.6014 -234.7924 -129.5171 111.6583
